frequency_auc,k_on,master_seed,matched_pair_misordering,mean_active_increment,mean_coalition_score,mean_inactive_increment,mean_normal_score,mean_score_gap,mean_signed_increment,realized_R_exp,realized_p_on,requested_R_exp,requested_p_on,score_auc
0.0,200,27001,0.0,0.06105444917436272,2.533759640736052,0.00021240795501591657,1.0369801246518275,1.4967795160842245,0.006524769731523147,0.2595411874665997,0.10375,0.25,0.1,0.999955
0.0,100,27001,0.301,0.023573302342280972,0.9535400797452653,0.00022290255188476667,0.7880250274056368,0.1655150523396285,0.004945520909492399,0.2529744827234689,0.20225,0.25,0.2,0.7173725
0.0,67,27001,0.684,0.011221386408989712,0.4597458118695129,0.00029441047471431223,0.5786641734240896,-0.11891836155457669,0.0036353333666190152,0.2562296920747066,0.30575,0.25,0.3,0.331637825
0.0,50,27001,0.7915,0.006851227915247572,0.2754193621929523,0.00036700730377154555,0.47260325731207586,-0.19718389511912354,0.0029736639895849076,0.251410981594152,0.402,0.25,0.4,0.22445625000000002
0.0,40,27001,0.8055,0.004644667432036974,0.1853222305382753,0.0004165552606120311,0.4015613148037956,-0.2162390842655203,0.0025253262061102214,0.2495347802389718,0.49875,0.25,0.5,0.198922
0.0,33,27001,0.83,0.0033016865171453893,0.13199977611221408,0.0005962005841124257,0.35537037188324677,-0.2233705957710327,0.0022350486880471435,0.25003197359809454,0.60575,0.25,0.6,0.17695862499999998
0.0,29,27001,0.785,0.0024840217157428217,0.10149961132696744,0.00042118966486692305,0.29789564376460437,-0.19639603243763692,0.0018744548447089933,0.2555448785800658,0.7045,0.25,0.7,0.21107325000000002
0.0,25,27001,0.791,0.0017841214634598263,0.07294826633721366,0.0008544743416985146,0.256377789738289,-0.18342952340107535,0.0016146932755188275,0.25571060969977333,0.81775,0.25,0.8,0.21016812499999998
0.0,22,27001,0.766,0.001455121590207876,0.058279074809415646,0.000673383149693693,0.22039235430328932,-0.16211327949387366,0.0013849605651717282,0.25047913492107915,0.91025,0.25,0.9,0.24477699999999997
0.0,20,27001,0.757,0.0012772808727282803,0.051091234909131214,nan,0.20269459982588323,-0.15160336491675203,0.0012772808727282803,0.2501601806906985,1.0,0.25,1.0,0.25230800000000003
0.0,400,27001,0.0,0.13011445361885896,10.799499650365295,0.00021240795501591657,2.1774795561875036,8.622020094177792,0.013689745192639635,0.5190823749331994,0.10375,0.5,0.1,1.0
0.0,200,27001,0.0,0.0627741343932591,5.078427472414662,0.00022290255188476667,2.05136754309452,3.0270599293201417,0.012873889191802724,0.5059489654469378,0.20225,0.5,0.2,1.0
0.0,133,27001,0.0055,0.035621182608389326,2.8970529709490003,0.00029441047471431223,1.7677814019600948,1.1292715689889055,0.01109557105458545,0.5086350603871042,0.30575,0.5,0.3,0.996568825
0.0,100,27001,0.211,0.022799779889839545,1.8331023031430993,0.00036700730377154555,1.4951589967608354,0.3379433063822639,0.00938498188337088,0.502821963188304,0.402,0.5,0.4,0.80313
0.0,80,27001,0.5465,0.01566525781458446,1.2500875736038397,0.0004165552606120311,1.2791882991943897,-0.029100725590549992,0.008021845659405781,0.4990695604779436,0.49875,0.5,0.5,0.46545000000000003
0.0,67,27001,0.743,0.01179899837312773,0.9577305974459644,0.0005962005841124257,1.1765706922723769,-0.21884009482641242,0.007382295344808448,0.5076406736688587,0.60575,0.5,0.6,0.273402825
0.0,57,27001,0.828,0.008787086915932434,0.7057173114792816,0.00042118966486692305,1.006226912639692,-0.3005096011604105,0.006314964278242577,0.5022778647953017,0.7045,0.5,0.7,0.173715125
0.0,50,27001,0.896,0.00675501081064251,0.5523910090402913,0.0008544743416985146,0.9046293182300411,-0.35223830918974985,0.005679638039177467,0.5114212193995467,0.81775,0.5,0.8,0.10781
0.0,44,27001,0.8825,0.005323978856893916,0.4264613543949165,0.000673383149693693,0.7817856909930787,-0.3553243365981622,0.0049065878921726955,0.5009582698421583,0.91025,0.5,0.9,0.11981979999999999
0.0,40,27001,0.89,0.004311344316548433,0.34490754532387463,nan,0.6863330356981251,-0.34142549037425046,0.004311344316548433,0.500320361381397,1.0,0.5,1.0,0.111153
0.0011500000000000121,600,27001,0.0,0.18195392956687362,22.653264231075767,0.00021240795501591657,3.0351656433169576,19.61809858775881,0.019068090822246156,0.7786235623997991,0.10375,0.75,0.1,1.0
0.0005112500000000186,300,27001,0.0,0.09889010744095254,12.000314537959587,0.00022290255188476667,3.2182012563375513,8.782113281622037,0.02017834474069872,0.7589234481704067,0.20225,0.75,0.2,1.0
0.0006625000000000381,200,27001,0.0,0.06264384668118181,7.661342449108536,0.00029441047471431223,3.085738920056379,4.575603529052156,0.01935775059484175,0.7648647524618107,0.30575,0.75,0.3,1.0
0.00039999999999998923,150,27001,0.0,0.04281230335041256,5.163163784059755,0.00036700730377154555,2.778470556918772,2.384693227140983,0.01743001631452123,0.7542329447824561,0.402,0.75,0.4,0.99999375
0.00031749999999996505,120,27001,0.005,0.030592822647968313,3.6619608709618077,0.0004165552606120311,2.4667251612211936,1.195235709740614,0.01546696862005598,0.7486043407169153,0.49875,0.75,0.5,0.9956090000000001
0.0004762500000000114,100,27001,0.13,0.022883224766817385,2.772302680499927,0.0005962005841124257,2.2489800524477404,0.5233226280521865,0.014096565482785955,0.7576726472669532,0.60575,0.75,0.6,0.8809125
0.00048045000000001225,86,27001,0.3715,0.018267494745847865,2.2135454083333688,0.00042118966486692305,2.0741412527082286,0.1394041556251402,0.012993911594417998,0.7578227433753676,0.7045,0.75,0.7,0.630648
0.0007078125000000331,75,27001,0.64,0.01400150005290659,1.7174590002396546,0.0008544743416985146,1.850107050717017,-0.1326480504773624,0.01160545461703892,0.7671318290993201,0.81775,0.75,0.8,0.36763
0.0006203625000000412,67,27001,0.783,0.011345095842339566,1.3838010477256049,0.000673383149693693,1.6571562601991616,-0.27335521247355676,0.010387309628174598,0.7628228199869229,0.91025,0.75,0.9,0.2241756
0.0003249999999999642,60,27001,0.8475,0.009475613665034632,1.137073639804156,nan,1.5103160511860059,-0.37324241138184977,0.009475613665034632,0.7504805420720955,1.0,0.75,1.0,0.15660650000000004
0.6967249999999999,800,27001,0.0,0.2183788713464623,36.25089264351275,0.00021240795501591657,3.6371303935036754,32.613762250009074,0.02284717853187848,1.0381647498663988,0.10375,1.0,0.1,1.0
0.56668,400,27001,0.0,0.13047741797461493,21.11124622829269,0.00022290255188476667,4.23947012164082,16.87177610665187,0.026566878296131944,1.0118979308938756,0.20225,1.0,0.2,1.0
0.61180395,267,27001,0.0,0.08767521014740946,14.314775398372618,0.00029441047471431223,4.3059705929065455,10.008804805466072,0.027011089974640853,1.021094444536517,0.30575,1.0,0.3,1.0
0.5355500000000001,200,27001,0.0,0.06301953266579643,10.133540852660065,0.00036700730377154555,4.0734977602332005,6.060043092426865,0.02555332249930555,1.005643926376608,0.402,1.0,0.4,1.0
0.49679,160,27001,0.0,0.04710878487606763,7.518562066220394,0.0004165552606120311,3.7805792588339266,3.737982807386467,0.023704304781320514,0.9981391209558872,0.49875,1.0,0.5,1.0
0.545995075,133,27001,0.0,0.03620524801727934,5.833733510400211,0.0005962005841124257,3.535033698570561,2.2986998118296498,0.022166381066753282,1.0077046208650478,0.60575,1.0,0.6,0.999983625
0.5299385,114,27001,0.0055,0.028586231247445963,4.591691980352255,0.00042118966486692305,3.233165485724442,1.3585264946278133,0.02026346145979386,1.0045557295906034,0.7045,1.0,0.7,0.9957237000000001
0.62072,100,27001,0.0605,0.022607528363404347,3.6974612638347804,0.0008544743416985146,2.9716577460692903,0.72580351776549,0.018643034267948458,1.0228424387990933,0.81775,1.0,0.8,0.9430000000000001
0.5735929624999999,89,27001,0.257,0.018699831299474293,3.029830816381674,0.000673383149693693,2.723543218448597,0.306287597933077,0.01708195757803149,1.013301954908002,0.91025,1.0,0.9,0.7521889749999999
0.50975,80,27001,0.503,0.015330651268998255,2.452904203039721,nan,2.4455875735622956,0.007316629477425174,0.015330651268998255,1.000640722762794,1.0,1.0,1.0,0.508204
0.9999,1000,27001,0.0,0.2488022854485932,51.62647423058308,0.00021240795501591657,4.139537204554683,47.48693702602839,0.026003607744974563,1.2977059373329984,0.10375,1.25,0.1,1.0
0.9996812500000001,500,27001,0.0,0.15746390169551414,31.847074117917742,0.00022290255188476667,5.110004620484662,26.73706949743308,0.03202489462868381,1.2648724136173444,0.20225,1.25,0.2,1.0
0.999731475,333,27001,0.0,0.10997638898810491,22.39443710145331,0.00029441047471431223,5.393877745113775,17.000559356339537,0.03382967540518348,1.273499812848915,0.30575,1.25,0.3,1.0
0.999575,250,27001,0.0,0.0824598695825723,16.574433786097032,0.00036700730377154555,5.3219112124334575,11.252522573663574,0.033368337939849446,1.25705490797076,0.402,1.25,0.4,1.0
0.9993875,200,27001,0.0,0.06248579933704452,12.46591696774038,0.0004165552606120311,5.006241432606217,7.4596755351341635,0.031373590743732735,1.247673901194859,0.49875,1.25,0.5,1.0
0.9996830125,167,27001,0.0,0.049718779427296876,10.059128313120418,0.0005962005841124257,4.843105838491702,5.216022474628716,0.03035220271837141,1.2653133209358118,0.60575,1.25,0.6,1.0
0.9996237,143,27001,0.0,0.03972494887012449,8.004060772994773,0.00042118966486692305,4.484779262101944,3.519281510892829,0.028110688024970878,1.2601006081706694,0.7045,1.25,0.7,1.0
0.9997828125,125,27001,0.0,0.03237373905478878,6.618406278013382,0.0008544743416985146,4.248340734209949,2.3700655438034337,0.026629353060828084,1.278553048498867,0.81775,1.25,0.8,1.0
0.9996768875,111,27001,0.006,0.026547425746634618,5.364584331464063,0.000673383149693693,3.8660495776890778,1.4985347537749854,0.024225230423559167,1.2637810898290813,0.91025,1.25,0.9,0.994271875
0.9994500000000001,100,27001,0.043,0.022466633326698446,4.49332666533969,nan,3.5847476227154793,0.9085790426242104,0.022466633326698446,1.2508009034534926,1.0,1.25,1.0,0.9586525
1.0,1200,27001,0.0,0.2730321280674612,67.98499988879783,0.00021240795501591657,4.540757011998215,63.44424287679961,0.028517453916682114,1.5572471247995983,0.10375,1.5,0.1,1.0
1.0,600,27001,0.0,0.18112590913090054,43.95925814606957,0.00022290255188476667,5.873515804591049,38.08574234147852,0.03681053563249071,1.5178468963408134,0.20225,1.5,0.2,1.0
1.0,400,27001,0.0,0.1312281572343557,32.098407259523405,0.00029441047471431223,6.433976544317436,25.66443071520597,0.04032740354647467,1.5297295049236215,0.30575,1.5,0.3,1.0
1.0,300,27001,0.0,0.09957592388782577,24.017712841743574,0.00036700730377154555,6.420207653056835,17.59750518868674,0.04024899177056134,1.5084658895649121,0.402,1.5,0.4,1.0
1.0,240,27001,0.0,0.07772498533280116,18.6073614886726,0.0004165552606120311,6.217988534684948,12.38937295398765,0.038974134759116354,1.4972086814338306,0.49875,1.5,0.5,1.0
1.0,200,27001,0.0,0.06269111658748416,15.190057549147411,0.0005962005841124257,6.097344822000782,9.09271272714663,0.03821019595315485,1.5153452945339063,0.60575,1.5,0.6,1.0
1.0,171,27001,0.0,0.050659343930869676,12.205811667359812,0.00042118966486692305,5.713804728754326,6.492006938605487,0.03581396934526586,1.5068335943859053,0.7045,1.5,0.7,1.0
1.0,150,27001,0.0,0.04257478626685693,10.444659440916677,0.0008544743416985146,5.579799449527885,4.864859991388792,0.0349712594184968,1.5342636581986402,0.81775,1.5,0.8,1.0
1.0,133,27001,0.0,0.03568942547828312,8.641355678067518,0.000673383149693693,5.192365665416572,3.4489900126509454,0.03254673567929223,1.5142602247501602,0.91025,1.5,0.9,1.0
1.0,120,27001,0.0,0.030399879450388564,7.295971068093255,nan,4.851595706320848,2.4443753617724076,0.030399879450388564,1.500961084144191,1.0,1.5,1.0,0.999885
1.0,1600,27001,0.0,0.30773941375453834,102.16948536650673,0.00021240795501591657,5.114844806472506,97.05464056003423,0.03211833480671636,2.0763294997327977,0.10375,2.0,0.1,1.0
1.0,800,27001,0.0,0.21816490072554545,70.59816187478657,0.00022290255188476667,7.07017274434167,63.5279891304449,0.04430167168250765,2.023795861787751,0.20225,2.0,0.2,1.0
1.0,533,27001,0.0,0.16581634101464182,54.044437118731715,0.00029441047471431223,8.120678682248295,45.92375843648342,0.05090274073729715,2.038364565310726,0.30575,2.0,0.3,1.0
1.0,400,27001,0.0,0.1316035684020176,42.32370759808886,0.00036700730377154555,8.47653467356925,33.84717292451961,0.053124104865266454,2.011287852753216,0.402,2.0,0.4,1.0
1.0,320,27001,0.0,0.10535681038496018,33.629893874879286,0.0004165552606120311,8.418173969695406,25.21171990518388,0.05275550750388067,1.9962782419117744,0.49875,2.0,0.5,1.0
1.0,267,27001,0.0,0.08826015919850143,28.549557826018862,0.0005962005841124257,8.569278889105341,19.98027893691352,0.053698643514778564,2.022985968202765,0.60575,2.0,0.6,1.0
1.0,229,27001,0.0,0.07396031493966632,23.86410917874767,0.00042118966486692305,8.335714839088858,15.52839433965881,0.0522295034209631,2.017923351546037,0.7045,2.0,0.7,1.0
1.0,200,27001,0.0,0.06269434855101431,20.50732141103678,0.0008544743416985146,8.211347940496067,12.295973470540714,0.05142403147636652,2.0456848775981866,0.81775,2.0,0.8,1.0
1.0,178,27001,0.0,0.053291972994433494,17.269210556873183,0.000673383149693693,7.755003451136037,9.514207105737146,0.0485694545558681,2.026603909816004,0.91025,2.0,0.9,1.0
1.0,160,27001,0.0,0.04587311260269024,14.679396032860877,nan,7.324176731987187,7.35521930087369,0.04587311260269024,2.001281445525588,1.0,2.0,1.0,1.0
0.0,200,27002,0.0005,0.0637002491352308,2.579860089976848,0.00032596058931490815,1.0747256144340842,1.5051344755427636,0.006742607304588893,0.25304181250413926,0.10125,0.25,0.1,0.99985
0.0,100,27002,0.3385,0.02234010937681663,0.8947213805415059,0.0005513651882351289,0.7852470585380983,0.10947432200340756,0.0049145612119985745,0.25023023680964884,0.20025,0.25,0.2,0.6448275
0.0,67,27002,0.7185,0.010939825848499845,0.4518749765852103,0.0006196144064748375,0.6074838099097373,-0.15560883332452696,0.0038008195834790463,0.2580745329972771,0.30825,0.25,0.3,0.28342309999999993
0.0,50,27002,0.7845,0.006165089605660036,0.24999438350951442,0.0005560596174033117,0.452855752598887,-0.20286136908937258,0.0028305212776414132,0.2533542098035271,0.4055,0.25,0.4,0.21081875
0.0,40,27002,0.8085,0.004189695054435102,0.17068817651768603,0.0007261959284912212,0.3986737887303959,-0.22798561221270985,0.0024899828583781424,0.25454131954120074,0.50925,0.25,0.5,0.189959
0.0,33,27002,0.8175,0.003000438981154429,0.12089668786765544,0.0007453250821389347,0.3390454592715397,-0.21814877140388422,0.0021220721174878944,0.25174848768467367,0.6105,0.25,0.6,0.18588215
0.0,29,27002,0.815,0.00243592674866297,0.10084127757777529,0.0007070161098930092,0.31120462777485824,-0.21036335019708297,0.0019410260783150682,0.25864934402815076,0.71375,0.25,0.7,0.19127205
0.0,25,27002,0.813,0.0020883422885358046,0.08421240278520632,0.0005999212368491152,0.2879684285681981,-0.2037560257829918,0.00180033281503443,0.25194842195628186,0.8065,0.25,0.8,0.19556875
0.0,22,27002,0.786,0.0016185677482034911,0.06475403990237708,0.0008382203954584709,0.2469690705496968,-0.18221503064731973,0.0015477512259418806,0.2499615751321753,0.90925,0.25,0.9,0.21998654999999998
0.0,20,27002,0.7835,0.0015052172138281849,0.0602086885531274,nan,0.240148686385257,-0.1799399978321296,0.0015052172138281849,0.24991783951026098,1.0,0.25,1.0,0.21781
0.0,400,27002,0.0,0.13119045023678483,10.626426469179572,0.00032596058931490815,2.1659160902446746,8.460510378934897,0.013575990166121236,0.5060836250082785,0.10125,0.5,0.1,1.0
0.0,200,27002,0.0,0.06175699934692879,4.946735647688994,0.0005513651882351289,2.0474176965227473,2.899317951166247,0.012807793428513535,0.5004604736192977,0.20025,0.5,0.2,1.0
0.0,133,27002,0.0075,0.034831100372905474,2.855958659526198,0.0006196144064748375,1.7853698952395232,1.0705887642866747,0.01116530495562708,0.5122972072931024,0.30825,0.5,0.3,0.9947218999999999
0.0,100,27002,0.206,0.022356661941994746,1.813125283495774,0.0005560596174033117,1.503629975701194,0.3094953077945801,0.009396203860025138,0.5067084196070542,0.4055,0.5,0.4,0.7843375
0.0,80,27002,0.5635,0.015079344675084976,1.228665004125924,0.0007261959284912212,1.2864153202767579,-0.057750316150833925,0.00803553692769409,0.5090826390824015,0.50925,0.5,0.5,0.42999000000000004
0.0,67,27002,0.745,0.011420224456308673,0.9342543020972437,0.0007453250821389347,1.162951694333085,-0.2286973922358414,0.007262351150069559,0.511125717420398,0.6105,0.5,0.6,0.25487682500000003
0.0,57,27002,0.836,0.00837168956882663,0.6811834509915008,0.0007070161098930092,0.9896511658025896,-0.3084677148110888,0.00617767679120688,0.5083797451587789,0.71375,0.5,0.7,0.1622153
0.0,50,27002,0.8745,0.007076570124989391,0.5707253805803942,0.0005999212368491152,0.9321843817150324,-0.36145900113463814,0.0058233385651342475,0.5038968439125637,0.8065,0.5,0.8,0.1274225
0.0,44,27002,0.901,0.005675475609676647,0.45411750543266727,0.0008382203954584709,0.8363828528982882,-0.3822653474656209,0.005236494698986348,0.4999231502643506,0.90925,0.5,0.9,0.0985009
0.0,40,27002,0.913,0.004732624918128502,0.3786099934502802,nan,0.7568582829193108,-0.3782482894690306,0.004732624918128502,0.49983567902052195,1.0,0.5,1.0,0.08185700000000001
0.0005875000000000463,600,27002,0.0,0.18020176427007176,21.894514358813723,0.00032596058931490815,2.9581149855338698,18.936399373279855,0.018538385711991536,0.7591254375124178,0.10125,0.75,0.1,1.0
0.0005287500000000056,300,27002,0.0,0.09808290737610373,11.784661321238865,0.0005513651882351289,3.210747215242469,8.573914105996396,0.020082056511355816,0.7506907104289464,0.20025,0.75,0.2,1.0
0.0008875000000000133,200,27002,0.0,0.062232919931765336,7.673319027586665,0.0006196144064748375,3.1368328242265906,4.536486203360074,0.01961191583464563,0.7703717402903795,0.30825,0.75,0.3,1.0
0.0005987500000000451,150,27002,0.0,0.04196660915238363,5.105238003387471,0.0005560596174033117,2.7749591996386096,2.330278803748861,0.017348037453837832,0.7600626294105812,0.4055,0.75,0.4,0.99997875
0.0006580000000000385,120,27002,0.016,0.03022860869378738,3.694540554554694,0.0007261959284912212,2.521139469688891,1.173401084865803,0.01575029962921829,0.7636239586236023,0.50925,0.75,0.5,0.980452
0.0006400000000000405,100,27002,0.1195,0.02255644423352995,2.754141840914007,0.0007453250821389347,2.2518935254600323,0.5022483154539747,0.01406101332406315,0.7628742051050718,0.6105,0.75,0.6,0.8770849999999999
0.0007397500000000296,86,27002,0.373,0.017605179788431027,2.1612998967267347,0.0007070161098930092,2.0433896279606882,0.11791026876604649,0.01276808043544952,0.7670290891869297,0.71375,0.75,0.7,0.62500755
0.0005493750000000492,75,27002,0.628,0.014317042014093458,1.732004157654956,0.0005999212368491152,1.865942551693954,-0.133938394038998,0.011662779143696678,0.7558452658688455,0.8065,0.75,0.8,0.372451875
0.0006129625000000435,67,27002,0.779,0.011948834663264478,1.4558400409548125,0.0008382203954584709,1.7499523747526748,-0.2941123337978624,0.010940546418461082,0.761246615175261,0.90925,0.75,0.9,0.22502157499999997
0.0005249999999999977,60,27002,0.857,0.009857949249452977,1.1829539099343573,nan,1.5767356247587112,-0.39378171482435387,0.009857949249452977,0.7497535185307829,1.0,0.75,1.0,0.1422335
0.5687249999999999,800,27002,0.0,0.21892469435936054,35.46580048621642,0.00032596058931490815,3.583807107793105,31.881993378423317,0.02245908238353203,1.012167250016557,0.10125,1.0,0.1,1.0
0.51091,400,27002,0.0,0.1291172537337016,20.684584048138998,0.0005513651882351289,4.202752311856741,16.481831736282256,0.026296684369464786,1.0009209472385954,0.20025,1.0,0.2,1.0
0.64796385,267,27002,0.0,0.08691278571046496,14.306322548263942,0.0006196144064748375,4.352002422266201,9.954320125997741,0.027219484460929793,1.0284462732876567,0.30825,1.0,0.3,1.0
0.57488,200,27002,0.0,0.06201551572090256,10.058916649930397,0.0005560596174033117,4.074836665854177,5.984079984076221,0.02547786906737226,1.0134168392141083,0.4055,1.0,0.4,1.0
0.5982689999999999,160,27002,0.0,0.045858293821329985,7.473067561123934,0.0007261959284912212,3.7931467589311767,3.6799208021927576,0.023709716780419356,1.018165278164803,0.50925,1.0,0.5,1.0
0.580819575,133,27002,0.0,0.03545660849498697,5.757905023326417,0.0007453250821389347,3.5114228146848303,2.246482208641587,0.021936563605682656,1.0146226927897453,0.6105,1.0,0.6,0.999964025
0.5913446250000001,114,27002,0.0025,0.027995455712568753,4.555840485384876,0.0007070161098930092,3.231223604611677,1.324616880773199,0.020184139876302822,1.0167594903175579,0.71375,1.0,0.7,0.99622325
0.5464825,100,27002,0.084,0.023077854010064784,3.7224578518234495,0.0005999212368491152,2.996526386222198,0.7259314656012514,0.018728374018447555,1.0077936878251275,0.8065,1.0,0.8,0.9192975
0.5638475375,89,27002,0.266,0.01899994613423792,3.075074782014937,0.0008382203954584709,2.774594042119644,0.3004807398952929,0.017351769523443687,1.0112081903074364,0.90925,1.0,0.9,0.7350497500000001
0.5044,80,27002,0.488,0.015745160522815067,2.51922568365041,nan,2.517451714038244,0.0017739696121661375,0.015745160522815067,0.9996713580410439,1.0,1.0,1.0,0.504532
0.9996625,1000,27002,0.0,0.24837561788520762,50.29606262175454,0.00032596058931490815,4.0594129558616885,46.23664966589285,0.025440988390524045,1.2652090625206962,0.10125,1.25,0.1,1.0
0.99905625,500,27002,0.0,0.15694463830074656,31.428163819724496,0.0005513651882351289,5.092808266695728,26.33535555302877,0.03186911812901554,1.251151184048244,0.20025,1.25,0.2,1.0
0.999814725,333,27002,0.0,0.10986056647341715,22.55377006387694,0.0006196144064748375,5.483932547962611,17.06983751591433,0.0342931378811098,1.2826689475834818,0.30825,1.25,0.3,1.0
0.9996812500000001,250,27002,0.0,0.08101068128593762,16.424915630723845,0.0005560596174033117,5.306594589681417,11.118321041042428,0.03318040870399397,1.2667710490176354,0.4055,1.25,0.4,1.0
0.9997175,200,27002,0.0,0.06187202650152024,12.60333179835967,0.0007261959284912212,5.098969970759059,7.504361827600611,0.03186471014780625,1.272706597706004,0.50925,1.25,0.5,1.0
0.999722675,167,27002,0.0,0.0493039774145973,10.05342612267829,0.0007453250821389347,4.86342925483891,5.189996867839381,0.03039038233110477,1.2739999225254697,0.6105,1.25,0.6,1.0
0.9997349375000001,143,27002,0.0,0.03943155930364873,8.049262779552073,0.0007070161098930092,4.537063158598548,3.512199620953525,0.028346658814436154,1.2754088343457086,0.71375,1.25,0.7,1.0
0.9995031249999999,125,27002,0.0,0.03276966788330042,6.607184286970448,0.0005999212368491152,4.248016615400359,2.3591676715700887,0.026544821907212097,1.2597421097814092,0.8065,1.25,0.8,0.9997031249999999
0.9995773875,111,27002,0.0055,0.027101398715030856,5.470512185524481,0.0008382203954584709,3.9536555426358397,1.5168566428886416,0.024718015282529662,1.2611697654396115,0.90925,1.25,0.9,0.99401165
0.9989750000000002,100,27002,0.034,0.022934772973808016,4.586954594761603,nan,3.66881900918978,0.918135585571823,0.022934772973808016,1.249589197551305,1.0,1.25,1.0,0.9652525
1.0,1200,27002,0.0,0.27044412243895344,65.7179217526657,0.00032596058931490815,4.416795563967341,61.30112618869836,0.02767542447659081,1.5182508750248356,0.10125,1.5,0.1,1.0
1.0,600,27002,0.0,0.1806044736551867,43.39925501934136,0.0005513651882351289,5.851498466725942,37.54775655261542,0.03660700015874218,1.5013814208578928,0.20025,1.5,0.2,1.0
1.0,400,27002,0.0,0.13007385197897064,32.07621189801416,0.0006196144064748375,6.479382759225562,25.596829138788596,0.040523883138196666,1.540743480580759,0.30825,1.5,0.3,1.0
1.0,300,27002,0.0,0.09835516786219907,23.929812340873035,0.0005560596174033117,6.429826475146477,17.499985865726558,0.04021359801066799,1.5201252588211625,0.4055,1.5,0.4,1.0
1.0,240,27002,0.0,0.07785293001749752,19.030370213477095,0.0007261959284912212,6.39774956849768,12.632620644979415,0.040002985263317685,1.5272479172472047,0.50925,1.5,0.5,1.0
1.0,200,27002,0.0,0.06272245855500495,15.316824379132212,0.0007453250821389347,6.172970492354301,9.143853886777912,0.03858236506732363,1.5257484102101435,0.6105,1.5,0.6,1.0
1.0,171,27002,0.0,0.050549123651214695,12.339167456070637,0.0007070161098930092,5.805386698139198,6.533780757931439,0.036281820367511375,1.525139235476337,0.71375,1.5,0.7,1.0
1.0,150,27002,0.0,0.04280672253904265,10.35708651832137,0.0005999212368491152,5.539917221914657,4.817169296406713,0.0346397064870682,1.511690531737691,0.8065,1.5,0.8,1.0
1.0,133,27002,0.0,0.03601177656959289,8.70982628701002,0.0008382203954584709,5.2477581382265255,3.4620681487834952,0.03281977634679019,1.511131340571787,0.90925,1.5,0.9,1.0
1.0,120,27002,0.0,0.03044003146735731,7.305607552165753,nan,4.865968554232789,2.4396389979329642,0.03044003146735731,1.4995070370615657,1.0,1.5,1.0,0.999976
1.0,1600,27002,0.0,0.30914264389577495,100.16221662223103,0.00032596058931490815,5.041594868268448,95.12062175396258,0.03159364977409399,2.024334500033114,0.10125,2.0,0.1,1.0
1.0,800,27002,0.0,0.2183263783513386,69.95177162376892,0.0005513651882351289,7.059373037369449,62.89239858639947,0.0441608115741466,2.0018418944771907,0.20025,2.0,0.2,1.0
1.0,533,27002,0.0,0.1654842098181387,54.37720118308638,0.0006196144064748375,8.224840133680855,46.15236104940552,0.05143912594212021,2.053040687873861,0.30825,2.0,0.3,1.0
1.0,400,27002,0.0,0.12993965784145212,42.15242500376706,0.0005560596174033117,8.4807895748124,33.67163542895466,0.05302110869725512,2.0268336784282166,0.4055,2.0,0.4,1.0
1.0,320,27002,0.0,0.10601215924684199,34.55148294173074,0.0007261959284912212,8.692674499554787,25.858808442175953,0.05434307274836135,2.036330556329606,0.50925,2.0,0.5,1.0
1.0,267,27002,0.0,0.08764524124732337,28.572962163316152,0.0007453250821389347,8.60542993004436,19.96753223327179,0.05379772390098403,2.0368741276305413,0.6105,2.0,0.6,1.0
1.0,229,27002,0.0,0.07354202238673578,24.040703263167963,0.0007070161098930092,8.431050142804398,15.609653120363564,0.052693001839989546,2.042437923532638,0.71375,2.0,0.7,1.0
1.0,200,27002,0.0,0.06250851229981245,20.16524606791949,0.0005999212368491152,8.08188063308473,12.08336543483476,0.05052919992912905,2.015587375650255,0.8065,2.0,0.8,1.0
1.0,178,27002,0.0,0.05462489544853929,17.68169628242403,0.0008382203954584709,7.952931694916387,9.728764587507644,0.049743754687472205,2.0224163806148727,0.90925,2.0,0.9,1.0
1.0,160,27002,0.0,0.046478219228763044,14.873030153204175,nan,7.43464237696074,7.4383877762434345,0.046478219228763044,1.9993427160820878,1.0,2.0,1.0,1.0
0.0,200,27003,0.0,0.06192730569623174,2.4956704195581394,-0.0001836355147240717,0.9712363526767555,1.5244340668813838,0.006074041812279727,0.25174141970916686,0.10075,0.25,0.1,0.99997
0.0,100,27003,0.2065,0.023486089499402785,0.971149800800305,-0.00023734926664042998,0.7468044687092459,0.2243453320910591,0.004667471698239004,0.2583004393293808,0.20675,0.25,0.2,0.7831649999999999
0.0,67,27003,0.5795,0.012367563022226817,0.5120913144983236,-0.0004157327981194932,0.5650002363699814,-0.052908921871657855,0.0035343056103675163,0.2586502537091256,0.309,0.25,0.3,0.434959675
0.0,50,27003,0.6925,0.00722205233278205,0.29772910741894004,-0.00043132077848224667,0.43557569809731705,-0.137846590678377,0.0027237822866364595,0.2575196036603078,0.41225,0.25,0.4,0.30519125
0.0,40,27003,0.736,0.004602328935163949,0.18814320686950226,-0.000540813008043106,0.3348650111374501,-0.14672180426794784,0.0020873325249357,0.255364497213666,0.511,0.25,0.5,0.27735499999999996
0.0,33,27003,0.737,0.0031493006713136157,0.127778150787543,-0.0005667994293995611,0.2765024829131926,-0.14872433212564962,0.0017176731075138644,0.25344988815309877,0.61475,0.25,0.6,0.2755953
0.0,29,27003,0.737,0.002634194825739855,0.10855253457391367,-0.0006656426131431016,0.2700199592508693,-0.16146742467695563,0.001678891887183239,0.25741965669466643,0.7105,0.25,0.7,0.2566627
0.0,25,27003,0.75,0.0020926581102117072,0.08433412184153181,-0.0010655262386902616,0.23833943285731438,-0.15400531101578258,0.001479970346524725,0.25174141970916686,0.806,0.25,0.8,0.264043125
0.0,22,27003,0.6825,0.0011804512727540551,0.0469276598970647,-0.0012222757009003556,0.15376263469443635,-0.10683497479737165,0.0009485881197964043,0.24833072950665552,0.9035,0.25,0.9,0.32962920000000007
0.0,20,27003,0.701,0.0010124318686053583,0.04049727474421433,nan,0.16362061992155474,-0.12312334517734042,0.0010124318686053583,0.2498674141033914,1.0,0.25,1.0,0.3031775
0.0,400,27003,0.0,0.12937282744804285,10.427449892312255,-0.0001836355147240717,2.0602047820197047,8.36724511029255,0.012869178128774696,0.5034828394183337,0.10075,0.5,0.1,1.0
0.0,200,27003,0.0,0.06280317118653542,5.193822257126481,-0.00023734926664042998,2.0467965797347962,3.1470256773916847,0.012796278337053678,0.5166008786587616,0.20675,0.5,0.2,1.0
0.0,133,27003,0.003,0.036190641649812005,2.9746535997646477,-0.0004157327981194932,1.7425696858061464,1.2320839139585014,0.01089563690629134,0.5134400558703538,0.309,0.5,0.3,0.9980334499999999
0.0,100,27003,0.1255,0.023010614871036977,1.8972251961169986,-0.00043132077848224667,1.4751247450312022,0.4221004510857964,0.009232617193032054,0.5150392073206156,0.41225,0.5,0.4,0.8609775
0.0,80,27003,0.453,0.016165915768778332,1.3217252732553166,-0.000540813008043106,1.2787552073876407,0.04297006586767593,0.007996325396912649,0.510728994427332,0.511,0.5,0.5,0.545858
0.0,67,27003,0.6575,0.011983696580678332,0.9871749813782487,-0.0005667994293995611,1.1437600057339936,-0.15658502435574495,0.007148617992795824,0.5145800759472006,0.61475,0.5,0.6,0.336865075
0.0,57,27003,0.772,0.008542007190586934,0.69187695641597,-0.0006656426131431016,0.9404793466162142,-0.24860239020024422,0.005876392572407089,0.5059627735033098,0.7105,0.5,0.7,0.22747325
0.0,50,27003,0.8375,0.007148403747253478,0.5761613420286303,-0.0010655262386902616,0.8893985728906113,-0.31323723086198096,0.005554901329980392,0.5034828394183337,0.806,0.5,0.8,0.153715
0.0,44,27003,0.883,0.005189807285362581,0.41263119764460804,-0.0012222757009003556,0.7324277308137065,-0.31979653316909845,0.004571041277188207,0.49666145901331105,0.9035,0.5,0.9,0.133056
0.0,40,27003,0.883,0.004355340858914828,0.34842726871318624,nan,0.6979014232855026,-0.3494741545723164,0.004355340858914828,0.4997348282067828,1.0,0.5,1.0,0.127228
0.0008300000000000141,600,27003,0.0,0.1811162217537018,21.896951210022547,-0.0001836355147240717,2.8949707896919556,19.00198042033059,0.018082325105069835,0.7552242591275005,0.10075,0.75,0.1,1.0
0.00174250000000003,300,27003,0.0,0.0995212792393949,12.34561468964694,-0.00023734926664042998,3.26177774858143,9.08383694106551,0.020387747176982378,0.7749013179881425,0.20675,0.75,0.2,1.0
0.0015750000000000265,200,27003,0.0,0.0630486342952943,7.792811198898375,-0.0004157327981194932,3.0702755416965455,4.7225356572018296,0.019194756633745362,0.7720903095794793,0.309,0.75,0.3,1.0
0.0016031250000000275,150,27003,0.0,0.04266529736081267,5.276630651098506,-0.00043132077848224667,2.769710567317346,2.50692008378116,0.017335260049442077,0.7725588109809232,0.41225,0.75,0.4,1.0
0.0012330000000000108,120,27003,0.0015,0.030861914083237914,3.7849051431682983,-0.000540813008043106,2.4798932730173218,1.3050118701509765,0.015505980535601496,0.7660934916409979,0.511,0.75,0.5,0.997193
0.0013337500000000168,100,27003,0.089,0.022986083088895597,2.826138915779714,-0.0005667994293995611,2.225290330474416,0.600848585305298,0.013912335098722388,0.7680299641002993,0.61475,0.75,0.6,0.9061650000000001
0.0010919500000000021,86,27003,0.3115,0.017922532968774788,2.1902410639820915,-0.0006656426131431016,2.005510657170089,0.18473040681200237,0.012541256137809558,0.7633824301979762,0.7105,0.75,0.7,0.68683355
0.0008300000000000141,75,27003,0.5545,0.013876986755145863,1.6777276986971348,-0.0010655262386902616,1.7563917844781034,-0.07866408578096862,0.010978139234341657,0.7552242591275005,0.806,0.75,0.8,0.42439499999999997
0.0008620750000000161,67,27003,0.758,0.011637795902393059,1.4089763121068253,-0.0012222757009003556,1.664650184954497,-0.25567387284767173,0.010396798992675246,0.7562799489520873,0.9035,0.75,0.9,0.2476027
0.0006499999999999839,60,27003,0.849,0.00937442886043006,1.124931463251607,nan,1.500034667592787,-0.37510320434117994,0.00937442886043006,0.7496022423101741,1.0,0.75,1.0,0.153111
0.539035,800,27003,0.0,0.2180094549378471,35.14312413598095,-0.0001836355147240717,3.4908774730512198,31.652246662929727,0.021799318348372475,1.0069656788366674,0.10075,1.0,0.1,1.0
0.6691250000000001,400,27003,0.0,0.13156015517772016,21.760049666394917,-0.00023734926664042998,4.322047572735193,17.438002093659723,0.02701178477723112,1.0332017573175232,0.20675,1.0,0.2,1.0
0.6576989999999999,267,27003,0.0,0.08807759506102121,14.533331650638868,-0.0004157327981194932,4.307498787335615,10.225832863303253,0.026928705510354985,1.030740563288605,0.309,1.0,0.3,1.0
0.6544599999999999,200,27003,0.0,0.06261887807260794,10.325852994173049,-0.00043132077848224667,4.085153824953208,6.240699169219841,0.02556112369787968,1.0300784146412312,0.41225,1.0,0.4,1.0
0.612271,160,27003,0.0,0.04647402857628581,7.599433152794257,-0.000540813008043106,3.754820389626424,3.8446127631678326,0.023483771041548973,1.021457988854664,0.511,1.0,0.5,1.0
0.6123774875,133,27003,0.0005,0.036116114491707076,5.905833448084662,-0.0005667994293995611,3.514859259665455,2.3909741884192073,0.021984021903600742,1.021479852253398,0.61475,1.0,0.6,0.9999759
0.5644827,114,27003,0.003,0.028196456145417107,4.567656716820699,-0.0006656426131431016,3.171891776328982,1.3957649404917172,0.019840878554813927,1.0119255470066195,0.7105,1.0,0.7,0.9942724500000001
0.539035,100,27003,0.076,0.022953720564677347,3.700139755025988,-0.0010655262386902616,2.9272029896737024,0.7729367653522856,0.01829398668482403,1.0069656788366674,0.806,1.0,0.8,0.92283
0.5270096750000001,89,27003,0.2315,0.018826584582775516,3.0277478123557073,-0.0012222757009003556,2.7023463845397644,0.32540142781594295,0.016891869565400796,1.0046106784587427,0.9035,1.0,0.9,0.7623655
0.5009,80,27003,0.48,0.015480950271269521,2.4769520434031236,nan,2.475807913421075,0.0011441299820487139,0.015480950271269521,0.9994696564135656,1.0,1.0,1.0,0.511144
0.9995250000000001,1000,27003,0.0,0.2471129065548587,49.79325067080406,-0.0001836355147240717,3.9607046360414446,45.83254603476262,0.024731491098786397,1.2587070985458342,0.10075,1.25,0.1,1.0
0.99986875,500,27003,0.0,0.15697085988709533,32.45372528165694,-0.00023734926664042998,5.162423522957602,27.29130175869934,0.03226544797589443,1.2915021966469042,0.20675,1.25,0.2,1.0
0.99985,333,27003,0.0,0.11167448558096096,22.98193908564828,-0.0004157327981194932,5.472826969658954,17.509112115989325,0.03422014468101637,1.2855303654498331,0.309,1.25,0.3,1.0
0.9998531249999999,250,27003,0.0,0.08204777135020723,16.91209686956146,-0.00043132077848224667,5.365472862175791,11.546624007385669,0.033570684951569986,1.2875980183015387,0.41225,1.25,0.4,1.0
0.9998349999999999,200,27003,0.0,0.06239462688316176,12.753461734918266,-0.000540813008043106,5.055291532961226,7.698170201957041,0.03161919677636258,1.27682248606833,0.511,1.25,0.5,1.0
0.99985,167,27003,0.0,0.04945242097923051,10.153892516191974,-0.0005667994293995611,4.82573837186938,5.3281541443225935,0.030182516316805776,1.2826100400475,0.61475,1.25,0.6,1.0
0.9997453000000001,143,27003,0.0,0.0398670921113811,8.101112718308974,-0.0006656426131431016,4.49766843231989,3.6034442859890836,0.02813286540863134,1.269345203701286,0.7105,1.25,0.7,1.0
0.9995250000000001,125,27003,0.0,0.03207013354079119,6.462131908469424,-0.0010655262386902616,4.100838657455672,2.3612932510137528,0.025641815543571787,1.2587070985458342,0.806,1.25,0.8,0.9999312499999999
0.999422125,111,27003,0.0045,0.026769931757016634,5.369432602027126,-0.0012222757009003556,3.850330725017059,1.5191018770100668,0.024068683737327647,1.2529414079653984,0.9035,1.25,0.9,0.9957712
0.99935,100,27003,0.0405,0.023000274923772112,4.600054984754423,nan,3.678269106901222,0.9217858778532011,0.023000274923772112,1.249337070516957,1.0,1.25,1.0,0.9585049999999999
1.0,1200,27003,0.0,0.2714197837888706,65.62930372014893,-0.0001836355147240717,4.352951205969756,61.276352514179166,0.027180408980113098,1.510448518255001,0.10075,1.5,0.1,1.0
1.0,600,27003,0.0,0.18126584954276306,44.972057271559535,-0.00023734926664042998,5.967285149237099,39.004772122322436,0.037288437087203745,1.549802635976285,0.20675,1.5,0.2,1.0
1.0,400,27003,0.0,0.1306988123728821,32.30874641857647,-0.0004157327981194932,6.414151480567533,25.894594938008936,0.04009866165972001,1.5441806191589587,0.309,1.5,0.3,1.0
1.0,300,27003,0.0,0.09921961070356855,24.541970707527682,-0.00043132077848224667,6.499710251322328,18.042260456205355,0.0406497757249932,1.5451176219618463,0.41225,1.5,0.4,1.0
1.0,240,27003,0.0,0.07790102901985879,19.10756439799097,-0.000540813008043106,6.323696293369983,12.783868104620986,0.03954296826821477,1.5321869832819959,0.511,1.5,0.5,1.0
1.0,200,27003,0.0,0.06268611226638861,15.41451500630496,-0.0005667994293995611,6.12662208170784,9.28789292459712,0.03831792803558622,1.5360599282005987,0.61475,1.5,0.6,1.0
1.0,171,27003,0.0,0.051451213659190705,12.502181858260414,-0.0006656426131431016,5.811927686810665,6.690254171449749,0.03636338376835008,1.5178883205099294,0.7105,1.5,0.7,1.0
1.0,150,27003,0.0,0.042585088997554005,10.29707451960856,-0.0010655262386902616,5.458524178305308,4.838550341303251,0.034116869641722614,1.510448518255001,0.806,1.5,0.8,1.0
1.0,133,27003,0.0,0.03584096153828745,8.61369412745816,-0.0012222757009003556,5.15946592330366,3.4542282041545,0.03226435914470582,1.501272137472054,0.9035,1.5,0.9,0.99999905
1.0,120,27003,0.0,0.030460922604103588,7.310621424984862,nan,4.872721647230637,2.4378997777542244,0.030460922604103588,1.4992044846203483,1.0,1.5,1.0,0.999932
1.0,1600,27003,0.0,0.3063989594821897,98.78302453705788,-0.0001836355147240717,4.918263691670119,93.86476084538776,0.030704560931214993,2.013931357673335,0.10075,2.0,0.1,1.0
1.0,800,27003,0.0,0.21806711098545314,72.1366003139879,-0.00023734926664042998,7.187184956609795,64.9494153573781,0.04489709789047993,2.0664035146350463,0.20675,2.0,0.2,1.0
1.0,533,27003,0.0,0.1653744698359963,54.47335811715816,-0.0004157327981194932,8.129498167758145,46.34385994940002,0.05081343981582229,2.0576206750293125,0.309,2.0,0.3,1.0
1.0,400,27003,0.0,0.1303862707856045,43.00139210509233,-0.00043132077848224667,8.55512993934446,34.44626216574787,0.05349823134381251,2.0601568292824624,0.41225,2.0,0.4,1.0
1.0,320,27003,0.0,0.10606774720154437,34.68839604479307,-0.000540813008043106,8.626660958251552,26.06173508654152,0.05393616125905609,2.042915977709328,0.511,2.0,0.5,1.0
1.0,267,27003,0.0,0.088105185806309,28.922862028344795,-0.0005667994293995611,8.62569431078874,20.297167717556057,0.053944303494252284,2.050640004147799,0.61475,2.0,0.6,1.0
1.0,229,27003,0.0,0.07346780227697969,23.907084071149683,-0.0006656426131431016,8.314972553294446,15.592111517855237,0.05200616998128914,2.0327276338992624,0.7105,2.0,0.7,1.0
1.0,200,27003,0.0,0.06248210711090578,20.144231332556025,-0.0010655262386902616,8.02290463066255,12.121326701893475,0.05015386624108415,2.013931357673335,0.806,2.0,0.8,1.0
1.0,178,27003,0.0,0.05358545618607744,17.235547640427068,-0.0012222757009003556,7.724349728926335,9.511197911500734,0.04829651005898408,2.0092213569174855,0.9035,2.0,0.9,1.0
1.0,160,27003,0.0,0.04639892077729119,14.847654648733183,nan,7.4190683205001315,7.4285863282330515,0.04639892077729119,1.998939312827131,1.0,2.0,1.0,1.0
0.0,200,27004,0.0,0.060480993295272234,2.4434321291289978,-0.00042164115610509624,0.9149326295893414,1.5284994995396564,0.005729524923484014,0.2525151509090546,0.101,0.25,0.1,0.999945
0.0,100,27004,0.204,0.023079855874750276,0.916270278227586,-0.00045054103964723406,0.674213330179886,0.24205694804769995,0.004220242747860672,0.24813988839330364,0.1985,0.25,0.2,0.7932875
0.0,67,27004,0.5595,0.01234313800020746,0.47427890608897155,-0.0003176561924196794,0.5277345961669119,-0.05345569007794032,0.003312826542316153,0.24016753505210311,0.28675,0.25,0.3,0.42100940000000003
0.0,50,27004,0.702,0.007470857932246522,0.28874865908132813,-0.00032226885975427825,0.4282062834764653,-0.13945762439513715,0.0026897746453540313,0.24157699461967716,0.3865,0.25,0.4,0.29774375
0.0,40,27004,0.7195,0.004443899893520305,0.17580067978766328,-0.00034427163725099026,0.32205162822294653,-0.14625094843528325,0.002023479184715415,0.24726483589015344,0.4945,0.25,0.5,0.277331
0.0,33,27004,0.7125,0.0030840516393043603,0.1215686895439189,-0.00047494258914927554,0.2621478089291406,-0.14057911938522166,0.0016506667137946582,0.24638040782446943,0.59725,0.25,0.6,0.27629275
0.0,29,27004,0.719,0.002494143836932631,0.10169622080709109,-0.0006395885178896264,0.24867912352631003,-0.14698290271921893,0.0015634253275504206,0.25485279116747,0.703,0.25,0.7,0.2687417
0.0,25,27004,0.7125,0.0018481401647212233,0.07438764163002924,-0.0010639083828321953,0.20322338559867076,-0.1288357439686415,0.0012802906979483067,0.25157759465567936,0.805,0.25,0.8,0.291659375
0.0,22,27004,0.7015,0.0012388335614612995,0.04920770789480429,-0.0005800042583060573,0.1682400706388958,-0.1190323627440915,0.0010619515834889238,0.24827114626877617,0.90275,0.25,0.9,0.300366
0.0,20,27004,0.6905,0.0010196536312717796,0.04078614525087119,nan,0.16188093216461674,-0.12109478691374556,0.0010196536312717796,0.250015000900054,1.0,0.25,1.0,0.3026845
0.0,400,27004,0.0,0.13002385038680403,10.505927111253769,-0.00042164115610509624,2.03833353526568,8.467593575988088,0.012753353489728727,0.5050303018181092,0.101,0.5,0.1,1.0
0.0,200,27004,0.0,0.06261700129912824,4.971789903150783,-0.00045054103964723406,1.9286872071409524,3.0431026960098304,0.012068366114599702,0.4962797767866073,0.1985,0.5,0.2,1.0
0.0,133,27004,0.0025,0.036513795462975736,2.785108005836206,-0.0003176561924196794,1.6334518002775302,1.1516562055586756,0.010243762569764954,0.47675048002880177,0.28675,0.5,0.3,0.9971728500000001
0.0,100,27004,0.1565,0.023769919605585225,1.837414785511738,-0.00032226885975427825,1.434237915651215,0.4031768698605229,0.00898936198209944,0.4831539892393543,0.3865,0.5,0.4,0.8449975
0.0,80,27004,0.454,0.016248042717207575,1.2855451397854636,-0.00034427163725099026,1.2544362993010467,0.031108840484416866,0.00786062781102877,0.4945296717803069,0.4945,0.5,0.5,0.542548
0.0,67,27004,0.641,0.0113802319256439,0.9107770313571696,-0.00047494258914927554,1.0535734845852651,-0.14279645322809553,0.006605560389810947,0.5002268886133168,0.59725,0.5,0.6,0.348259375
0.0,57,27004,0.786,0.008809273464364081,0.7059927939810663,-0.0006395885178896264,0.9595518592357628,-0.2535590652546965,0.00600296145563473,0.5009175550533032,0.703,0.5,0.7,0.21331892500000002
0.0,50,27004,0.847,0.007008837689517283,0.5642114340061414,-0.0010639083828321953,0.866837140367424,-0.3026257063612826,0.005434652205409136,0.5031551893113587,0.805,0.5,0.8,0.163085
0.0,44,27004,0.885,0.00528858640620142,0.4201358812814533,-0.0005800042583060573,0.7518705265780558,-0.33173464529660246,0.004717865964078068,0.49654229253755233,0.90275,0.5,0.9,0.1202508
0.0,40,27004,0.874,0.004310245158061225,0.34481961264489797,nan,0.6874025430839305,-0.3425829304390325,0.004310245158061225,0.500030001800108,1.0,0.5,1.0,0.117782
0.0009450000000000069,600,27004,0.0,0.18000805156608052,21.81697584980896,-0.00042164115610509624,2.845685599408642,18.971290250400315,0.017801757808835653,0.7575454527271637,0.101,0.75,0.1,1.0
0.0004925000000000068,300,27004,0.0,0.09946655352696832,11.84646652506193,-0.00045054103964723406,3.0990135545187236,8.747452970543206,0.019383002231825954,0.7444196651799109,0.1985,0.75,0.2,1.0
4.999999999999449e-05,200,27004,0.0,0.06389134872655426,7.328337698935773,-0.0003176561924196794,2.8879339638771513,4.440403735058622,0.0180942759680961,0.7169180150809048,0.28675,0.75,0.3,1.0
0.000144999999999984,150,27004,0.0,0.04370713136165718,5.067841881384149,-0.00032226885975427825,2.665308915715527,2.4025329656686223,0.016695094325821253,0.7247309838590315,0.3865,0.75,0.4,0.9999812499999999
0.00043499999999998987,120,27004,0.005,0.03130294121734969,3.715033063675061,-0.00034427163725099026,2.443608118415368,1.2714249452596929,0.015305275119349045,0.7417945076704602,0.4945,0.75,0.5,0.994508
0.0005537500000000195,100,27004,0.1005,0.022913432938590272,2.7370095645146075,-0.00047494258914927554,2.154610944499767,0.5823986200148403,0.01349376469479317,0.7466072964377861,0.59725,0.75,0.6,0.898095
0.0008790000000000142,86,27004,0.2955,0.01815199135070157,2.1948661861614314,-0.0006395885178896264,2.0073840516048755,0.18748213455655582,0.012570892129729987,0.7557703462207732,0.703,0.75,0.7,0.68273235
0.0008375000000000188,75,27004,0.5565,0.014333261434342453,1.7307413181968514,-0.0010639083828321953,1.807338300538779,-0.07659698234192769,0.011330813319993397,0.754732783967038,0.805,0.75,0.8,0.427298125
0.0008921250000000128,67,27004,0.753,0.011993715274665213,1.4508617462033386,-0.0005800042583060573,1.7188331745272514,-0.26797142832391274,0.010770921050083758,0.7560984909094546,0.90275,0.75,0.9,0.24133837500000002
0.0006500000000000394,60,27004,0.8375,0.009537479314529378,1.1444975177435253,nan,1.5209744519150648,-0.3764769341715395,0.009537479314529378,0.750045002700162,1.0,0.75,1.0,0.156173
0.5569550000000001,800,27004,0.0,0.21712998198040562,35.08820508803355,-0.00042164115610509624,3.445412841435783,31.642792246597764,0.02155107278068249,1.0100606036362183,0.101,1.0,0.1,1.0
0.467225,400,27004,0.0,0.13134573010713996,20.85770194101382,-0.00045054103964723406,4.11034731914099,16.74735462187283,0.025711018782990022,0.9925595535732146,0.1985,1.0,0.2,1.0
0.2940638125,267,27004,0.0,0.08816100700198662,13.499610116675695,-0.0003176561924196794,3.9975403978075845,9.50206971886811,0.025053600478576323,0.9570855501330081,0.28675,1.0,0.3,1.0
0.337125,200,27004,0.0,0.06428935440691025,9.939134191308323,-0.00032226885975427825,3.937785097810936,6.001349093497387,0.02465012353281156,0.9663079784787086,0.3865,1.0,0.4,1.0
0.449515,160,27004,0.0,0.047563475317512795,7.526444334243222,-0.00034427163725099026,3.729784300304418,3.796660033938804,0.023346109231879696,0.9890593435606138,0.4945,1.0,0.5,1.0
0.46939131250000005,133,27004,0.0,0.03600394109764503,5.719892116271219,-0.00047494258914927554,3.4032568825226686,2.3166352337485505,0.021312070692788624,0.9929877042622557,0.59725,1.0,0.6,0.999990225
0.5145019,114,27004,0.0035,0.02857859133361483,4.58069093331712,-0.0006395885178896264,3.1789209662199056,1.4017699670972146,0.01990079191771801,1.0018351101066063,0.703,1.0,0.7,0.99551685
0.537575,100,27004,0.052,0.023522557334897304,3.7871317309184667,-0.0010639083828321953,2.9890782821843795,0.7980534487340871,0.018728196519940055,1.0063103786227174,0.805,1.0,0.8,0.9414525
0.5275691375,89,27004,0.238,0.019219689096904302,3.088402231137004,-0.0005800042583060573,2.759470225036305,0.32893200610069906,0.017294168918110097,1.0043696371782307,0.90275,1.0,0.9,0.7668248000000001
0.50535,80,27004,0.465,0.015857209900859814,2.53715358413757,nan,2.530537016362308,0.00661656777526165,0.015857209900859814,1.000060003600216,1.0,1.0,1.0,0.508158
0.9996750000000001,1000,27004,0.0,0.2469580767292176,49.885531499301955,-0.00042164115610509624,3.9271450046861167,45.95838649461584,0.024563710350312497,1.2625757545452727,0.101,1.25,0.1,1.0
0.9987999999999999,500,27004,0.0,0.15776653012007488,31.31665622883486,-0.00045054103964723406,4.949426598664907,26.367229630169952,0.030955547585557602,1.240699441966518,0.1985,1.25,0.2,1.0
0.9938339625000001,333,27004,0.0,0.11045843380121126,21.094854624403226,-0.0003176561924196794,5.019821919715049,16.075032704688176,0.031447387613253996,1.1936684951097067,0.28675,1.25,0.3,1.0
0.99625625,250,27004,0.0,0.0826595257648094,15.973953354049417,-0.00032226885975427825,5.073242722863446,10.900710631185971,0.031750194762639586,1.2078849730983858,0.3865,1.25,0.4,1.0
0.99861,200,27004,0.0,0.06376123425764262,12.61197213616171,-0.00034427163725099026,5.009396784063954,7.602575352097755,0.0313559010277739,1.2363241794507671,0.4945,1.25,0.5,1.0
0.9990574125,167,27004,0.0,0.04994571958805539,9.963247062004669,-0.00047494258914927554,4.734405648455747,5.228841413548922,0.02963879789618621,1.2468341850511029,0.59725,1.25,0.6,1.0
0.9994866,143,27004,0.0,0.040286027887195784,8.09982819494381,-0.0006395885178896264,4.494596872863389,3.60523132208042,0.028131119814885416,1.2566879012740764,0.703,1.25,0.7,1.0
0.9995250000000001,125,27004,0.0,0.03286394321915732,6.61386857285541,-0.0010639083828321953,4.191389633871207,2.422478938984203,0.026248012156769363,1.2578879732783967,0.805,1.25,0.8,0.999984375
0.9993128875000001,111,27004,0.0015,0.02731782103896519,5.4747781733295335,-0.0005800042583060573,3.9252233893997306,1.549554783929803,0.024604757528805563,1.2526407834470068,0.90275,1.25,0.9,0.997252725
0.9992000000000001,100,27004,0.042,0.023205522566844147,4.64110451336883,nan,3.70391223298904,0.9371922803797896,0.023205522566844147,1.25007500450027,1.0,1.25,1.0,0.9585775000000001
1.0,1200,27004,0.0,0.27111197903910633,65.71754371907937,-0.00042164115610509624,4.31734227695327,61.400201442126104,0.02700325448361126,1.5150909054543273,0.101,1.5,0.1,1.0
1.0,600,27004,0.0,0.18051194368896098,42.997944986710515,-0.00045054103964723406,5.6715474347851185,37.326397551925396,0.03547051217898149,1.4888393303598217,0.1985,1.5,0.2,1.0
1.0,400,27004,0.0,0.13140955995189066,30.145353052963706,-0.0003176561924196794,5.9807900716348,24.164562981328906,0.03745512303696131,1.4338360301618096,0.28675,1.5,0.3,1.0
1.0,300,27004,0.0,0.10083976940989908,23.3847425261556,-0.00032226885975427825,6.195828668926671,17.188913857228926,0.03877685893146675,1.449461967718063,0.3865,1.5,0.4,1.0
1.0,240,27004,0.0,0.0783228165899943,18.590703745801058,-0.00034427163725099026,6.162256288670239,12.428447457130819,0.03855660349112182,1.4835890153409204,0.4945,1.5,0.5,1.0
1.0,200,27004,0.0,0.06333948450919859,15.131802849247542,-0.00047494258914927554,6.01395983404338,9.117843015204162,0.03763822399533898,1.4932145928755722,0.59725,1.5,0.6,1.0
1.0,171,27004,0.0,0.05105095733568075,12.27397746838838,-0.0006395885178896264,5.705406853454966,6.568570614933415,0.03569886521717035,1.5027526651599095,0.703,1.5,0.7,1.0
1.0,150,27004,0.0,0.042868273582649705,10.352688070209908,-0.0010639083828321953,5.476905017921909,4.875783052287999,0.034301498099380746,1.509465567934076,0.805,1.5,0.8,1.0
1.0,133,27004,0.0,0.03630434173997239,8.717816038532181,-0.0005800042583060573,5.223337404614675,3.494478633917506,0.03271733909163981,1.5009119297157831,0.90275,1.5,0.9,1.0
1.0,120,27004,0.001,0.030582417006649064,7.339780081595776,nan,4.882171182056445,2.4576088995393306,0.030582417006649064,1.500090005400324,1.0,1.5,1.0,0.999857
1.0,1600,27004,0.0,0.3067687407498655,99.14765701035648,-0.00042164115610509624,4.893398946032096,94.25425806432439,0.030604587416397933,2.0201212072724366,0.101,2.0,0.1,1.0
1.0,800,27004,0.0,0.2195011694638979,69.71357142173395,-0.00045054103964723406,6.908871311496518,62.80470011023743,0.04320987349530647,1.9851191071464291,0.1985,2.0,0.2,1.0
1.0,533,27004,0.0,0.1663072096709453,50.83603946977103,-0.0003176561924196794,7.5803502919464245,43.25568917782461,0.047462024093900226,1.9105865101906112,0.28675,2.0,0.3,1.0
1.0,400,27004,0.0,0.13182552818379137,40.760453314428275,-0.00032226885975427825,8.110888957182208,32.649564357246064,0.050752854697576115,1.9326159569574173,0.3865,2.0,0.4,1.0
1.0,320,27004,0.0,0.10583302934307834,33.49403712649744,-0.00034427163725099026,8.33634650956032,25.157690616937117,0.05216040369752187,1.9781186871212275,0.4945,2.0,0.5,1.0
1.0,267,27004,0.0,0.0879875005556047,28.061985533449835,-0.00047494258914927554,8.36969717485375,19.692288358596088,0.05235925157905503,1.9934414814888892,0.59725,2.0,0.6,1.0
1.0,229,27004,0.0,0.07489031847813085,24.112735401677703,-0.0006395885178896264,8.382389359869324,15.73034604180838,0.05245793610031277,2.0124582474948496,0.703,2.0,0.7,1.0
1.0,200,27004,0.0,0.0634178425839834,20.420545312042655,-0.0010639083828321953,8.120983463978359,12.299561848064297,0.05084390114545436,2.012620757245435,0.805,2.0,0.8,1.0
1.0,178,27004,0.0,0.054251768196858154,17.435379011338078,-0.0005800042583060573,7.813637506900215,9.621741504437864,0.04891937832559343,2.0087392743564614,0.90275,2.0,0.9,1.0
1.0,160,27004,0.0,0.04688108533786679,15.001947308117371,nan,7.488586414188544,7.5133608939288274,0.04688108533786679,2.000120007200432,1.0,2.0,1.0,1.0
0.0,200,27005,0.0,0.06462014567164644,2.6041918705673517,0.0003456090457470863,1.0917649829051426,1.5124268876622091,0.0068212686108064455,0.2519897340757964,0.10075,0.25,0.1,0.99994
0.0,100,27005,0.326,0.024210933229667365,0.9514896759259274,0.0002971199210770319,0.8002669548614996,0.1512227210644278,0.004996184236215031,0.24573688707639696,0.1965,0.25,0.2,0.675345
0.0,67,27005,0.697,0.012185930249177981,0.4800769080966158,0.00034823259883933003,0.614429584365574,-0.13435267626895825,0.003828515708038894,0.2463371603883393,0.294,0.25,0.3,0.31534530000000005
0.0,50,27005,0.8185,0.006573636653796679,0.25604314766538067,0.0005324448884055069,0.463141569625803,-0.20709842196042233,0.002885489081025369,0.2435483906266072,0.3895,0.25,0.4,0.20215125
0.0,40,27005,0.8335,0.004590671705896561,0.1813315323829142,0.0004984444463256866,0.4053139691222755,-0.22398243673936133,0.0025189816557388057,0.24698745647627682,0.49375,0.25,0.5,0.17486
0.0,33,27005,0.8075,0.0035400131903433048,0.13837380559073428,0.00012143318192020259,0.3446697526893121,-0.20629594709857782,0.002146087191908785,0.244414409936024,0.59225,0.25,0.6,0.20233415
0.0,29,27005,0.8065,0.0027996886610294,0.11289604541168004,-2.8096175142139297e-05,0.3110798995189527,-0.19818385410727268,0.0019379212322061233,0.2521429288272816,0.69525,0.25,0.7,0.209654325
0.0,25,27005,0.787,0.0020026407969743355,0.07998046682916254,0.00031085673246411554,0.2672768128343084,-0.18729634600514583,0.001662169253991654,0.24972307703851407,0.79875,0.25,0.8,0.21501874999999998
0.0,22,27005,0.7885,0.001623194631384076,0.06370714289256223,0.00034123027180074384,0.23868462514363467,-0.17497748225107246,0.0014847424805490763,0.24541173903242816,0.892,0.25,0.9,0.22856405000000002
0.0,20,27005,0.7705,0.001419342927340622,0.05677371709362488,nan,0.22881849069480403,-0.17204477360117915,0.001419342927340622,0.25011387997597656,1.0,0.25,1.0,0.23376
0.0,400,27005,0.0,0.1328610958427702,10.70860432492728,0.0003456090457470863,2.192791433798885,8.515812891128396,0.013696544340547167,0.5039794681515928,0.10075,0.5,0.1,1.0
0.0,200,27005,0.0,0.06407474794349595,5.036275188358781,0.0002971199210770319,2.0510085467857264,2.9852666415730544,0.01282942382748235,0.4914737741527939,0.1965,0.5,0.2,1.0
0.0,133,27005,0.007,0.03606527654495476,2.8204488869216426,0.00034823259883933003,1.7359333185013344,1.0845155684203083,0.010849043518997266,0.4889976467410317,0.294,0.5,0.3,0.99294715
0.0,100,27005,0.2125,0.02300771415612678,1.7923009327622763,0.0005324448884055069,1.4858843512891835,0.3064165814730928,0.009286562268182943,0.4870967812532144,0.3895,0.5,0.4,0.79249
0.0,80,27005,0.5355,0.015944925077101872,1.2596490810910477,0.0004984444463256866,1.3021335888186691,-0.04248450772762147,0.008125144257771428,0.49397491295255364,0.49375,0.5,0.5,0.466048
0.0,67,27005,0.7375,0.01217399642235991,0.966146617073116,0.00012143318192020259,1.1621869117964025,-0.19604029472328655,0.00725956376107062,0.49623531714283653,0.59225,0.5,0.6,0.2706033
0.0,57,27005,0.8295,0.009130433585988657,0.723664470375082,-2.8096175142139297e-05,1.0149649980057716,-0.2913005276306896,0.006339371641284047,0.4955912739018984,0.69525,0.5,0.7,0.172791225
0.0,50,27005,0.8845,0.0069525026280075185,0.5553311474121005,0.00031085673246411554,0.8992906061804846,-0.3439594587683841,0.005615871391529408,0.49944615407702814,0.79875,0.5,0.8,0.11970874999999999
0.0,44,27005,0.909,0.005652316707777538,0.4436842522937056,0.00034123027180074384,0.8129468487290826,-0.369262596435377,0.005078719372692044,0.4908234780648563,0.892,0.5,0.9,0.1068921
0.0,40,27005,0.911,0.004593331356434889,0.3674665085147912,nan,0.7364419945471614,-0.36897548603237024,0.004593331356434889,0.5002277599519531,1.0,0.5,1.0,0.094666
0.0006625000000000325,600,27005,0.0,0.18142106054594193,21.933806220004367,0.0003456090457470863,2.9762772094693783,18.95752901053499,0.018588960784391716,0.7559692022273892,0.10075,0.75,0.1,1.0
0.00036749999999995955,300,27005,0.0,0.099809247597402,11.767510291733698,0.0002971199210770319,3.174185312790319,8.593324978943379,0.01985125300947489,0.7372106612291909,0.1965,0.75,0.2,1.0
0.000344999999999962,200,27005,0.0,0.06293684225706736,7.401372649431121,0.00034823259883933003,2.9990095521690425,4.402363097262079,0.01874928383835837,0.7353348071293709,0.294,0.75,0.3,1.0
0.0002962499999999674,150,27005,0.0,0.04303896738383198,5.029103338800765,0.0005324448884055069,2.732635950948302,2.2964673878524633,0.017088735400374113,0.7306451718798215,0.3895,0.75,0.4,0.999995
0.0004249999999999532,120,27005,0.007,0.03032421494062838,3.5934194704644633,0.0004984444463256866,2.4364266860979846,1.1569927843664787,0.01522491862788764,0.7409623694288304,0.49375,0.75,0.5,0.994415
0.0004199999999999537,100,27005,0.1095,0.022788305321643176,2.6992747653486338,0.00012143318192020259,2.1662460013673104,0.5330287639813234,0.013545888206671134,0.7406497270788606,0.59225,0.75,0.6,0.8879775000000001
0.0005187249999999752,86,27005,0.347,0.018083461899731833,2.1624746243556316,-2.8096175142139297e-05,2.0096281720765212,0.15284645227911042,0.012563964576413988,0.7477342027291801,0.69525,0.75,0.7,0.64934055
0.0005359374999999861,75,27005,0.618,0.014230102129265492,1.7049441113626214,0.00031085673246411554,1.8268904718901333,-0.12194636052751195,0.011428853993159216,0.7491692311155422,0.79875,0.75,0.8,0.39113187499999996
0.0005145999999999726,67,27005,0.759,0.011869389402331567,1.4187243764818878,0.00034123027180074384,1.6973884068028724,-0.27866403032098463,0.01062434821623424,0.7473902961442132,0.892,0.75,0.9,0.235263975
0.0005499999999999949,60,27005,0.8565,0.009448744526181493,1.133849343141779,nan,1.5123894233894806,-0.37854008024770147,0.009448744526181493,0.7503416399279296,1.0,0.75,1.0,0.1583195
0.546255,800,27005,0.0,0.21939268950017593,35.36610154742836,0.0003456090457470863,3.588206871240637,31.77789467618772,0.022414602401530793,1.0079589363031856,0.10075,1.0,0.1,1.0
0.41698999999999997,400,27005,0.0,0.13140777629929307,20.657302434248866,0.0002971199210770319,4.165362723849881,16.491939710398984,0.026060363899396477,0.9829475483055878,0.1965,1.0,0.2,1.0
0.4107512,267,27005,0.0,0.08794827773360307,13.807527811064748,0.00034823259883933003,4.174176996734659,9.63335081433009,0.026102645868459874,0.9816719675177101,0.294,1.0,0.3,1.0
0.37363,200,27005,0.0,0.06256968822724956,9.748357425805482,0.0005324448884055069,3.9469743564088553,5.801383069396627,0.024695951168885268,0.9741935625064287,0.3895,1.0,0.4,1.0
0.44145,160,27005,0.0,0.04659073710758836,7.361336462998961,0.0004984444463256866,3.720274924547834,3.6410615384511265,0.02325651394782413,0.9879498259051073,0.49375,1.0,0.5,1.0
0.4273396375,133,27005,0.0,0.03600579399571738,5.672298777394323,0.00012143318192020259,3.416468660590201,2.255830116804122,0.02137394587389158,0.9850641370148846,0.59225,1.0,0.6,0.99982855
0.45835590000000004,114,27005,0.005,0.0285501552061399,4.525684952811678,-2.8096175142139297e-05,3.1724659758070892,1.3532189770045884,0.019840933097694198,0.9911825478037968,0.69525,1.0,0.7,0.99490475
0.49918125,100,27005,0.087,0.022857508204219345,3.6514869356240407,0.00031085673246411554,2.9284958802096144,0.7229910554144263,0.018319994595528605,0.9988923081540563,0.79875,1.0,0.8,0.91439
0.46682520000000005,89,27005,0.25,0.01880969957158609,2.986528859178154,0.00034123027180074384,2.6867027313967884,0.2998261277813654,0.016815104887209272,0.9928020351766412,0.892,1.0,0.9,0.748845775
0.507525,80,27005,0.496,0.015756785729452816,2.5210857167124505,nan,2.519389771390113,0.001695945322337522,0.015756785729452816,1.0004555199039062,1.0,1.0,1.0,0.508244
0.999475,1000,27005,0.0,0.25031716141076915,50.43890802426999,0.0003456090457470863,4.08744033084312,46.35146769342687,0.025530242946523056,1.259948670378982,0.10075,1.25,0.1,1.0
0.9976,500,27005,0.0,0.15796326528946694,31.039781629380258,0.0002971199210770319,4.9998583870617495,26.03992324231851,0.03127851748596565,1.2286844353819848,0.1965,1.25,0.2,1.0
0.9971133000000001,333,27005,0.0,0.11129166804765482,21.791353770403003,0.00034823259883933003,5.27032306890009,16.521030701502912,0.03296560262079108,1.2243324538704028,0.294,1.25,0.3,1.0
0.9962437500000001,250,27005,0.0,0.08201367742787793,15.972163679079225,0.0005324448884055069,5.15536947546593,10.816794203613295,0.03226938496253001,1.2177419531330358,0.3895,1.25,0.4,1.0
0.9981375,200,27005,0.0,0.06277259025004675,12.39758657438423,0.0004984444463256866,4.997851309186625,7.399735265197605,0.03124630393691296,1.2349372823813842,0.49375,1.25,0.5,1.0
0.9982698875,167,27005,0.0,0.0493639610394418,9.764759179153542,0.00012143318192020259,4.680535753249234,5.084223425904307,0.02928532030553737,1.2368850442216972,0.59225,1.25,0.6,1.0
0.9985814125000001,143,27005,0.0,0.03977220993126027,7.90836588104669,-2.8096175142139297e-05,4.419064609639799,3.489301271406891,0.027643066645334138,1.2433254766310784,0.69525,1.25,0.7,1.0
0.9989,125,27005,0.0,0.03276643245541224,6.543046980940133,0.00031085673246411554,4.190314489470061,2.3527324914700722,0.026234747841168932,1.2486153851925703,0.79875,1.25,0.8,0.9999718750000001
0.9983566,111,27005,0.007,0.026821637734511378,5.3113279907388815,0.00034123027180074384,3.827150267178616,1.4841777235602653,0.023961753728538628,1.2382137742090695,0.892,1.25,0.9,0.9951809999999999
0.999025,100,27005,0.058,0.02296693728582994,4.593387457165987,nan,3.671325607945117,0.9220618492208699,0.02296693728582994,1.2505693998798828,1.0,1.25,1.0,0.9410850000000001
1.0,1200,27005,0.0,0.27194711065355137,65.75681135602875,0.0003456090457470863,4.436482427819789,61.32032892820896,0.027709460332733367,1.5119384044547783,0.10075,1.5,0.1,1.0
1.0,600,27005,0.0,0.18040460492734722,42.53940584186847,0.0002971199210770319,5.705065054049437,36.83434078781904,0.03568824072480912,1.4744213224583818,0.1965,1.5,0.2,1.0
1.0,400,27005,0.0,0.13054774792130722,30.704830311091445,0.00034823259883933003,6.175130032155738,24.529700278935707,0.03862689010364489,1.4706696142587419,0.294,1.5,0.3,1.0
1.0,300,27005,0.0,0.09914894075061727,23.171107453419268,0.0005324448884055069,6.222610948776466,16.9484965046428,0.03894357002673699,1.461290343759643,0.3895,1.5,0.4,1.0
1.0,240,27005,0.0,0.07701545934660742,18.252663865145955,0.0004984444463256866,6.121776272401652,12.130887592744303,0.03827872055333978,1.4819247388576609,0.49375,1.5,0.5,1.0
1.0,200,27005,0.0,0.06257873190984228,14.824901589441637,0.00012143318192020259,5.93011314419312,8.894788445248517,0.03711176835353205,1.4812994541577211,0.59225,1.5,0.6,1.0
1.0,171,27005,0.0,0.050864265351906864,12.094276126182333,-2.8096175142139297e-05,5.651466649098294,6.4428094770840385,0.035354818176538676,1.4867738217056954,0.69525,1.5,0.7,1.0
1.0,150,27005,0.0,0.042835456024262974,10.264446149814018,0.00031085673246411554,5.478189655048753,4.786256494765265,0.03427738041678846,1.4983384622310845,0.79875,1.5,0.8,1.0
1.0,133,27005,0.0,0.035743121193131985,8.480841851736812,0.00034123027180074384,5.099514292013673,3.3813275597231396,0.031919716973628214,1.4836255132414975,0.892,1.5,0.9,0.9999967500000001
1.0,120,27005,0.0005,0.030476506336974893,7.314361520873975,nan,4.870983493434683,2.4433780274392918,0.030476506336974893,1.5006832798558591,1.0,1.5,1.0,0.9999279999999999
1.0,1600,27005,0.0,0.30723809786702927,99.05356275233025,0.0003456090457470863,5.005145598932768,94.04841715339748,0.031265027294491265,2.015917872606371,0.10075,2.0,0.1,1.0
1.0,800,27005,0.0,0.21877771410173483,68.78371331358547,0.0002971199210770319,6.910222656904142,61.87349065668133,0.043228556677576295,1.9658950966111757,0.1965,2.0,0.2,1.0
1.0,533,27005,0.0,0.16527656498490315,51.798336572528584,0.00034823259883933003,7.806383979194419,43.99195259333416,0.0488371623203421,1.9596672609997738,0.294,2.0,0.3,1.0
1.0,400,27005,0.0,0.1311919526160748,40.879412435168916,0.0005324448884055069,8.217313670642552,32.66209876452636,0.0514243231483327,1.9483871250128575,0.3895,2.0,0.4,1.0
1.0,320,27005,0.0,0.10610544047511256,33.529319190135574,0.0004984444463256866,8.417146912554658,25.112172277580918,0.0526418987355392,1.9758996518102145,0.49375,2.0,0.5,1.0
1.0,267,27005,0.0,0.08808699547332023,27.858525318885462,0.00012143318192020259,8.347680006779168,19.510845312106294,0.05221903744900187,1.9775347713005578,0.59225,2.0,0.6,1.0
1.0,229,27005,0.0,0.07374440275621992,23.482024575447955,-2.8096175142139297e-05,8.195794238431224,15.28623033701673,0.05126223370688734,1.9910596793602584,0.69525,2.0,0.7,1.0
1.0,200,27005,0.0,0.06287358706221344,20.08811106637719,0.00031085673246411554,8.034413975267624,12.053697091109568,0.05028283758335138,1.9977846163081125,0.79875,2.0,0.8,1.0
1.0,178,27005,0.0,0.053856909621972614,17.102369364276644,0.00034123027180074384,7.680700281153311,9.421669083123334,0.04807721625215405,1.9856040703532825,0.892,2.0,0.9,1.0
1.0,160,27005,0.0,0.04662737398367827,14.92075967477705,nan,7.450739920267132,7.470019754509918,0.04662737398367827,2.0009110398078125,1.0,2.0,1.0,1.0
0.0,200,27006,0.0005,0.06276355561519786,2.529371291292474,-0.00031387110070729186,0.9711826605428127,1.5581886307496613,0.006041179640920153,0.25177625649940416,0.10075,0.25,0.1,0.999955
0.0,100,27006,0.2405,0.02170875258657736,0.8433850379885305,-0.0002796850661167825,0.6445049044248508,0.19888013356367973,0.003991568947919055,0.24271730930525687,0.19425,0.25,0.2,0.7473825000000001
0.0,67,27006,0.5735,0.010902704589816759,0.4419411305482223,-0.0003116081707433463,0.4963787115329359,-0.054437580984713574,0.0030807214393260857,0.2532444306998349,0.3025,0.25,0.3,0.427138475
0.0,50,27006,0.677,0.006243273308412793,0.2565985329757658,-0.0004559665768102616,0.3702547848664884,-0.11365625189072259,0.002297421016016414,0.2567742963306578,0.411,0.25,0.4,0.33120125
0.0,40,27006,0.665,0.004186573791318985,0.17508251595295996,-0.0008871345716163273,0.28579418044316157,-0.11071166449020162,0.0017651464751081074,0.2612725321787862,0.52275,0.25,0.5,0.33525
0.0,33,27006,0.6905,0.002954391422355886,0.12060121225198964,-0.0008826196770713685,0.24172892968308188,-0.12112771743109224,0.0014905716879243887,0.2550312299395081,0.6185,0.25,0.6,0.3122894
0.0,29,27006,0.689,0.0023201263170076585,0.09527366708160251,-0.0010072726617039104,0.2195563518011617,-0.1242826847195592,0.0013485258152238805,0.25654938453825143,0.708,0.25,0.7,0.31269617499999997
0.0,25,27006,0.6805,0.0015942591932045066,0.06504577508274387,-0.0011087779076652032,0.17888460619937638,-0.11383883111663251,0.0010969003666444802,0.25490003139393763,0.816,0.25,0.8,0.31879625
0.0,22,27006,0.6525,0.0009339043068748164,0.037218888341882056,-0.00027057809533367097,0.13484630060196584,-0.09762741226008378,0.0008203818404666666,0.24898360174369114,0.90575,0.25,0.9,0.3396889
0.0,20,27006,0.658,0.0007762320872824698,0.03104928349129879,nan,0.12784039938237307,-0.09679111589107428,0.0007762320872824698,0.249901991562684,1.0,0.25,1.0,0.339744
0.0,400,27006,0.0,0.13129825371455262,10.582639249392939,-0.00031387110070729186,2.0768431859903838,8.505796063402554,0.012946050474430143,0.5035525129988083,0.10075,0.5,0.1,1.0
0.0,200,27006,0.0,0.06096151470191138,4.736709692338514,-0.0002796850661167825,1.8652747321696888,2.871434960168825,0.011616417988822687,0.48543461861051374,0.19425,0.5,0.2,1.0
0.0,133,27006,0.0065,0.0342411142514013,2.7552112582390054,-0.0003116081707433463,1.6252695518233842,1.1299417064156212,0.01014059036195541,0.5027090937772842,0.3025,0.5,0.3,0.9931979999999999
0.0,100,27006,0.1555,0.02232584551157087,1.8351845010511254,-0.0004559665768102616,1.4260935913695343,0.4090909096815911,0.008907358191514383,0.5135485926613156,0.411,0.5,0.4,0.8518275
0.0,80,27006,0.4345,0.01507344698639673,1.2607431059422225,-0.0008871345716163273,1.1950914310837175,0.06565167485850498,0.007456259437834999,0.5225450643575724,0.52275,0.5,0.5,0.57002
0.0,67,27006,0.633,0.010733729000899729,0.8896007258655686,-0.0008826196770713685,1.0106575793776014,-0.12105685351203277,0.006302091980253754,0.5177906789680923,0.6185,0.5,0.6,0.36916879999999996
0.0,57,27006,0.754,0.008178914088286448,0.6601365138937758,-0.0010072726617039104,0.8817132457384678,-0.22157673184469195,0.005496547557289263,0.5042522385751838,0.708,0.5,0.7,0.24705737499999997
0.0,50,27006,0.824,0.006272128132606735,0.5118056556207095,-0.0011087779076652032,0.78893462940331,-0.2771289737826006,0.004914041421196698,0.5098000627878753,0.816,0.5,0.8,0.18288625
0.0,44,27006,0.846,0.004826648212748217,0.38471282244530935,-0.00027057809533367097,0.6978014606915225,-0.31308863824621314,0.0043462346332115,0.49796720348738227,0.90575,0.5,0.9,0.1469973
0.0,40,27006,0.8785,0.0039434071501619344,0.3154725720129548,nan,0.6335911892082026,-0.31811861719524775,0.0039434071501619344,0.499803983125368,1.0,0.5,1.0,0.120424
0.0005024999999999946,600,27006,0.0,0.17946429693403892,21.697233499325307,-0.00031387110070729186,2.8533992105903074,18.843834288735,0.017798779328793386,0.7553287694982125,0.10075,0.75,0.1,1.0
0.00013874999999998472,300,27006,0.0,0.09804301938121335,11.426913908880415,-0.0002796850661167825,3.0196333466727627,8.407280562207653,0.018819500272777095,0.7281519279157705,0.19425,0.75,0.2,1.0
0.0005249999999999977,200,27006,0.0,0.06125908472894108,7.412349252201873,-0.0003116081707433463,2.93273885419847,4.479610398003403,0.01831352643141119,0.755953524477119,0.3025,0.75,0.3,1.0
0.0011275000000000035,150,27006,0.0,0.04222788596771654,5.206698339819448,-0.0004559665768102616,2.732863653284313,2.4738346865351355,0.01708709681899025,0.7703228889919734,0.411,0.75,0.4,1.0
0.0021705000000000084,120,27006,0.001,0.0301004003730014,3.7763962307967556,-0.0008871345716163273,2.4495681890696126,1.326828041727143,0.015311599320682589,0.7838175965363585,0.52275,0.75,0.5,0.998246
0.001297500000000007,100,27006,0.1265,0.022297603038185267,2.758213495823517,-0.0008826196770713685,2.1530478292973423,0.6051656665261747,0.013454348072314859,0.7728219089076004,0.6185,0.75,0.6,0.8790074999999999
0.0006996000000000216,86,27006,0.3455,0.01696540895230165,2.065979640575486,-0.0010072726617039104,1.8752934732776703,0.19068616729781573,0.011717385921012027,0.7608016231134351,0.708,0.75,0.7,0.6713488
0.0008500000000000174,75,27006,0.5845,0.01332803188922422,1.6313511032410444,-0.0011087779076652032,1.7093757208055445,-0.07802461756450008,0.010671658886596564,0.7647000941818131,0.816,0.75,0.8,0.420949375
0.000608362500000009,67,27006,0.729,0.010474246121617826,1.2712644889038165,-0.00027057809533367097,1.5159141676812484,-0.24464967877743193,0.009461546439170148,0.7582682416739686,0.90575,0.75,0.9,0.26405287499999996
0.00029999999999996696,60,27006,0.851,0.008875785700992128,1.0650942841190556,nan,1.421937387280314,-0.35684310316125845,0.008875785700992128,0.749705974688052,1.0,0.75,1.0,0.148235
0.541715,800,27006,0.0,0.21764222031003044,35.08392591397691,-0.00031387110070729186,3.4691083126480007,31.614817601328912,0.021645205108924537,1.0071050259976166,0.10075,1.0,0.1,1.0
0.35916499999999996,400,27006,0.0,0.12986071623690004,20.18035530321427,-0.0002796850661167825,4.0106733306431375,16.169681972571134,0.025000087886994236,0.9708692372210275,0.19425,1.0,0.2,1.0
0.55225075,267,27006,0.0,0.08609531361602582,13.907406484964728,-0.0003116081707433463,4.135399538518925,9.772006946445803,0.025826485669754328,1.0091979551769539,0.3025,1.0,0.3,1.0
0.64115,200,27006,0.0,0.061680189579199234,10.140223166820354,-0.0004559665768102616,4.012241277607846,6.127981889212507,0.025081993603309642,1.0270971853226312,0.411,1.0,0.4,1.0
0.724015,160,27006,0.0,0.045916558784416604,7.68092195345721,-0.0008871345716163273,3.7713833730578656,3.909538580399344,0.023579496130249886,1.0450901287151448,0.52275,1.0,0.5,1.0
0.64487075,133,27006,0.0,0.03471027424285097,5.7105690287080835,-0.0008826196770713685,3.3790264718355334,2.33154255687255,0.0211315852124006,1.0278531388471086,0.6185,1.0,0.6,0.9999838
0.5487597999999999,114,27006,0.0035,0.02717254872246421,4.386301504975061,-0.0010072726617039104,3.0310667079539884,1.355234797021073,0.01894404087828712,1.0085044771503675,0.708,1.0,0.7,0.9941077
0.60419,100,27006,0.0795,0.02196061993807168,3.583973173893298,-0.0011087779076652032,2.834833371942064,0.7491398019512339,0.0177158507344561,1.0196001255757505,0.816,1.0,0.8,0.925105
0.542454075,89,27006,0.2585,0.017799939648919638,2.8697685699875946,-0.00027057809533367097,2.576463020444696,0.29330554954289845,0.01609679335152376,1.0072518434176596,0.90575,1.0,0.9,0.738422275
0.504675,80,27006,0.493,0.014845655581046106,2.375304892967377,nan,2.3760515632952783,-0.0007466703279015441,0.014845655581046106,0.999607966250736,1.0,1.0,1.0,0.50265
0.9995375,1000,27006,0.0,0.24814294703888576,50.00080382833546,-0.00031387110070729186,3.9619860003002096,46.03881782803525,0.024718153326856708,1.2588812824970208,0.10075,1.25,0.1,1.0
0.9967875,500,27006,0.0,0.15602556846225593,30.307966673793217,-0.0002796850661167825,4.826038892438442,25.481927781354777,0.030082610431769616,1.2135865465262843,0.19425,1.25,0.2,1.0
0.999536625,333,27006,0.0,0.10849552566065812,21.85805107722449,-0.0003116081707433463,5.218536835452104,16.63951424177239,0.03260254981325559,1.2586626182544034,0.3025,1.25,0.3,1.0
0.9997125,250,27006,0.0,0.0810757876312629,16.66107435822453,-0.0004559665768102616,5.286215929752038,11.37485842847249,0.03305358440270781,1.283871481653289,0.411,1.25,0.4,1.0
0.9999549999999999,200,27006,0.0,0.06124275826474029,12.80586075315719,-0.0008871345716163273,5.052177326210902,7.753683426946289,0.031591266908589086,1.306362660893931,0.52275,1.25,0.5,1.0
0.9998079,167,27006,0.0,0.0480123195413484,9.918336958532214,-0.0008826196770713685,4.695701014284881,5.222635944247332,0.02935890022952126,1.2906125878756924,0.6185,1.25,0.6,1.0
0.9995499999999999,143,27006,0.0,0.03880362141723494,7.8572676935330685,-0.0010072726617039104,4.347933630618074,3.509334062914995,0.027178840346184792,1.2650538616886189,0.708,1.25,0.7,1.0
0.9995999999999999,125,27006,0.0005,0.03143233908473578,6.412197173286098,-0.0011087779076652032,4.069287232490826,2.3429099407952725,0.025444773558133994,1.2745001569696883,0.816,1.25,0.8,0.999984375
0.9995269124999999,111,27006,0.002,0.025962408780410992,5.220430289134311,-0.00027057809533367097,3.756805160378301,1.4636251287560098,0.023489949767372058,1.2562354451613509,0.90575,1.25,0.9,0.9965406749999999
0.99945,100,27006,0.037,0.02234208576866425,4.468417153732851,nan,3.573454453206488,0.8949627005263632,0.02234208576866425,1.2495099578134201,1.0,1.25,1.0,0.9540575
1.0,1200,27006,0.0,0.2696900581658064,65.21105606449201,-0.00031387110070729186,4.309098413370676,60.901957651121336,0.02688902477289396,1.510657538996425,0.10075,1.5,0.1,1.0
1.0,600,27006,0.0,0.17823300121282132,41.54611258270864,-0.0002796850661167825,5.517207983694568,36.02890459901407,0.03439640424356695,1.456303855831541,0.19425,1.5,0.2,1.0
1.0,400,27006,0.0,0.12917593457735094,31.260576167718938,-0.0003116081707433463,6.219585507828856,25.04099065989008,0.038858373510555176,1.511907048954238,0.3025,1.5,0.3,1.0
1.0,300,27006,0.0,0.098740262382169,24.349348703442864,-0.0004559665768102616,6.4471185169765155,17.902230186466348,0.040313683525330206,1.5406457779839469,0.411,1.5,0.4,1.0
1.0,240,27006,0.0,0.0766089574757685,19.222719609819833,-0.0008871345716163273,6.334898739381596,12.887820870438237,0.039623947546154094,1.567635193072717,0.52275,1.5,0.5,1.0
1.0,200,27006,0.0,0.06131288414393889,15.168807537210483,-0.0008826196770713685,6.013102071160196,9.155705466050287,0.03758529943622348,1.5456438178152008,0.6185,1.5,0.6,1.0
1.0,171,27006,0.0,0.04985809536623687,12.072439779599131,-0.0010072726617039104,5.599723469599575,6.472716309999556,0.035005407902078164,1.5127567157255513,0.708,1.5,0.7,1.0
1.0,150,27006,0.0,0.04147678942734968,10.153518051815203,-0.0011087779076652032,5.381089321667755,4.772428730147448,0.03364104503770694,1.5294001883636261,0.816,1.5,0.8,1.0
1.0,133,27006,0.0,0.03494254576044907,8.418690078792118,-0.00027057809533367097,5.058561387840907,3.3601286909512105,0.031623708837041554,1.505219046905042,0.90575,1.5,0.9,0.999999975
1.0,120,27006,0.0,0.02997068927270333,7.1929654254488,nan,4.792966798377733,2.399998627071067,0.02997068927270333,1.499411949376104,1.0,1.5,1.0,0.9999870000000001
1.0,1600,27006,0.0,0.30732167851582887,99.08050915350323,-0.00031387110070729186,4.916680824329735,94.1638283291735,0.030680410523158726,2.0142100519952333,0.10075,2.0,0.1,1.0
1.0,800,27006,0.0,0.21554198720272927,66.99044962260827,-0.0002796850661167825,6.680006699959825,60.31044292264844,0.04164367477210655,1.941738474442055,0.19425,2.0,0.2,1.0
1.0,533,27006,0.0,0.16427308118262182,52.97231912355417,-0.0003116081707433463,7.919959188058111,45.052359935496064,0.049475260358649624,2.0146161427315223,0.3025,2.0,0.3,1.0
1.0,400,27006,0.0,0.1297298427484537,42.65517229569158,-0.0004559665768102616,8.484709792418661,34.170462503272915,0.05305040105587323,2.0541943706452623,0.411,2.0,0.4,1.0
1.0,320,27006,0.0,0.10525853102547233,35.215294139882026,-0.0008871345716163273,8.729009305075303,26.486284834806725,0.05460051211926178,2.0901802574302897,0.52275,2.0,0.5,1.0
1.0,267,27006,0.0,0.08664980855291857,28.618612119049402,-0.0008826196770713685,8.518394311722679,20.10021780732672,0.0532561871831774,2.063434496783293,0.6185,2.0,0.6,1.0
1.0,229,27006,0.0,0.07298909395854658,23.66773556337415,-0.0010072726617039104,8.220153284329394,15.447582279044758,0.051382154905433436,2.025855484802054,0.708,2.0,0.7,1.0
1.0,200,27006,0.0,0.06175687120866811,20.157442762509266,-0.0011087779076652032,8.025405004998726,12.13203775751054,0.05018959177126278,2.039200251151501,0.816,2.0,0.8,1.0
1.0,178,27006,0.0,0.05290424107612816,17.058813822274296,-0.00027057809533367097,7.658298558399942,9.400515263874354,0.047892514369217876,2.014503686835319,0.90575,2.0,0.9,1.0
1.0,160,27006,0.0,0.04543637164977838,14.539638927929085,nan,7.265034870872062,7.274604057057023,0.04543637164977838,1.999215932501472,1.0,2.0,1.0,1.0
0.0,200,27007,0.0,0.0627907861027972,2.568143151604406,1.8064914822432538e-05,1.0309243379112403,1.5372188136931657,0.006436575656292854,0.2556717399899669,0.10225,0.25,0.1,0.99988
0.0,100,27007,0.2785,0.022636723940080088,0.9066007938002075,6.956933890857374e-05,0.7353539618470096,0.1712468319531979,0.004588642047793168,0.25035826862098226,0.20025,0.25,0.2,0.7119624999999999
0.0,67,27007,0.607,0.012108992755866622,0.48515890375655196,-2.7816591446977788e-05,0.5777170128758624,-0.09255810911931045,0.0036010894033997884,0.25045828690557487,0.299,0.25,0.3,0.370325475
0.0,50,27007,0.74,0.006998688855201785,0.27994755420807144,5.6418164801219154e-05,0.4555768292355271,-0.17562927502745568,0.0028333264409614455,0.2500457114816302,0.4,0.25,0.4,0.24699
0.0,40,27007,0.7695,0.004524873114668037,0.1780085083310406,0.00015724842022458828,0.3709575330650128,-0.19294902473397219,0.002305027863717154,0.2459199572421833,0.49175,0.25,0.5,0.224528
0.0,33,27007,0.778,0.0032033187309457706,0.12457866710584649,0.0001516489183008249,0.31372960469504707,-0.1891509375892006,0.0019498453554018592,0.2431100685594085,0.58925,0.25,0.6,0.2247423
0.0,29,27007,0.7825,0.0026876242250222725,0.10646754605003232,0.00012842493356714807,0.30131284564394517,-0.19484529959391284,0.0018763580496309982,0.24763277036583248,0.683,0.25,0.7,0.21228235
0.0,25,27007,0.7815,0.0021563290597403596,0.08539063076571826,-0.0003030983441703366,0.26480018132152744,-0.17940955055580918,0.0016447681597269352,0.2475452543668139,0.792,0.25,0.8,0.22150750000000002
0.0,22,27007,0.745,0.0017433863022914722,0.06867372983356337,-0.0014704631387028413,0.22672728912401163,-0.15805355929044826,0.0014067355733473179,0.24623876552432236,0.89525,0.25,0.9,0.25085864999999996
0.0,20,27007,0.7375,0.001273419029566468,0.05093676118265871,nan,0.20553585877724073,-0.154599097594582,0.001273419029566468,0.2500457114816302,1.0,0.25,1.0,0.2545125
0.0,400,27007,0.0,0.13176190182716918,10.778123569462437,1.8064914822432538e-05,2.1582818173358778,8.61984175212656,0.013488872239109889,0.5113434799799338,0.10225,0.5,0.1,1.0
0.0,200,27007,0.0,0.06286569814624009,5.035542421513832,6.956933890857374e-05,2.0236844506183944,3.011857970895438,0.012644494132576711,0.5007165372419645,0.20025,0.5,0.2,1.0
0.0,133,27007,0.0015,0.0365386208260861,2.906062668781932,-2.7816591446977788e-05,1.745361090010424,1.160701578771508,0.010905548196395411,0.49717839042449935,0.299,0.5,0.3,0.9965663249999999
0.0,100,27007,0.1755,0.023757387166138705,1.9005909732910964,5.6418164801219154e-05,1.5273375755524656,0.37325339773863075,0.009536805765336215,0.5000914229632604,0.4,0.5,0.4,0.81681
0.0,80,27007,0.498,0.016117700533965277,1.268140678012388,0.00015724842022458828,1.2817400615696501,-0.01359938355726209,0.00800580074715657,0.4918399144843666,0.49175,0.5,0.5,0.493572
0.0,67,27007,0.703,0.011731190762229414,0.9262889569902534,0.0001516489183008249,1.1155271949116656,-0.18923823792141226,0.006974893949835746,0.4935871088933445,0.58925,0.5,0.6,0.29897937500000005
0.0,57,27007,0.798,0.008979236007674252,0.6991412740295325,0.00012842493356714807,0.9880562424038275,-0.288914968374295,0.006173528897182299,0.48672647968456734,0.683,0.5,0.7,0.19316907500000002
0.0,50,27007,0.864,0.007201125760776021,0.5703291602534608,-0.0003030983441703366,0.9017781925808842,-0.3314490323274234,0.0056402471469471785,0.4950905087336278,0.792,0.5,0.8,0.13542624999999997
0.0,44,27007,0.863,0.0057189876265663665,0.4505532831961515,-0.0014704631387028413,0.7947598216545056,-0.34420653845835414,0.0049658926589044175,0.4924775310486447,0.89525,0.5,0.9,0.1381144
0.0,40,27007,0.9025,0.004853230829283697,0.38825846634269584,nan,0.7764102990036985,-0.38815183266100267,0.004853230829283697,0.5000914229632604,1.0,0.5,1.0,0.088097
0.000890000000000013,600,27007,0.0,0.18254538590902658,22.398318851037562,1.8064914822432538e-05,2.9885721319562304,19.409746719081333,0.01868148348647981,0.7670152199699005,0.10225,0.75,0.1,1.0
0.0004762500000000114,300,27007,0.0,0.09875321896347372,11.865199258461367,6.956933890857374e-05,3.173083468345854,8.692115790115512,0.019830970176227744,0.7510748058629467,0.20025,0.75,0.2,1.0
0.00036999999999999257,200,27007,0.0,0.06398648666674088,7.6527838053422075,-2.7816591446977788e-05,3.056642557750521,4.596141247591687,0.019112460082751193,0.7476366773300743,0.299,0.75,0.3,1.0
0.00045000000000000595,150,27007,0.0,0.043452809813763496,5.21433717765162,5.6418164801219154e-05,2.7867667015376014,2.4275704761140187,0.01741497482438613,0.7501371344448906,0.4,0.75,0.4,0.9999975
0.00017649999999998055,120,27007,0.007,0.03148599871044762,3.7159775678070273,0.00015724842022458828,2.488955696558133,1.227021871248894,0.01556316137544176,0.73775987172655,0.49175,0.75,0.5,0.9928520000000001
0.00016749999999998157,100,27007,0.131,0.023412766380645777,2.759194517959105,0.0001516489183008249,2.216747184588754,0.542447333370351,0.013858262382987586,0.7366971774527531,0.58925,0.75,0.6,0.8720600000000001
0.0001487999999999836,86,27007,0.351,0.01868927960214712,2.1955418105418354,0.00012842493356714807,2.047166689221028,0.14837512132080732,0.01280548867220727,0.7343592500503998,0.683,0.75,0.7,0.6483874000000001
0.0002349999999999741,75,27007,0.608,0.014838121250212612,1.7627688045252585,-0.0003030983441703366,1.8681364353457073,-0.10536763082044875,0.011688747574580959,0.7426357631004418,0.792,0.75,0.8,0.399138125
0.00044270000000000474,67,27007,0.7365,0.012086844196721153,1.4499801337933584,-0.0014704631387028413,1.7039968845002378,-0.25401675070687935,0.010666716253335491,0.7499089677331636,0.89525,0.75,0.9,0.26668132499999997
0.00045000000000000595,60,27007,0.871,0.009950803035273965,1.1940963642328757,nan,1.5903297145231616,-0.39623335029028595,0.009950803035273965,0.7501371344448906,1.0,0.75,1.0,0.132778
0.62043,800,27007,0.0,0.2171548167861362,35.52652802621188,1.8064914822432538e-05,3.5565461980529616,31.969981828158915,0.022220297793664266,1.0226869599598676,0.10225,1.0,0.1,1.0
0.5108550000000001,400,27007,0.0,0.13061093250522823,20.923871387337563,6.956933890857374e-05,4.192698160785888,16.731173226551675,0.026210477312964085,1.001433074483929,0.20025,1.0,0.2,1.0
0.4930526,267,27007,0.0,0.08920734089286791,14.243379291000645,-2.7816591446977788e-05,4.263080514422085,9.980298776578561,0.026653495496363172,0.9980949642356493,0.299,1.0,0.3,1.0
0.504275,200,27007,0.0,0.06343011382245704,10.148818211593127,5.6418164801219154e-05,4.064408783369373,6.084409428223754,0.025405896427863547,1.0001828459265207,0.4,1.0,0.4,1.0
0.416918,160,27007,0.0,0.046609529068182345,7.334475494169175,0.00015724842022458828,3.6792599937418315,3.6552155004273437,0.023000157428857814,0.9836798289687332,0.49175,1.0,0.5,1.0
0.39732860000000003,133,27007,0.0005,0.035773628127702094,5.607176359550093,0.0001516489183008249,3.3807092379902532,2.2264671215598395,0.021141900167440525,0.9798072460121616,0.58925,1.0,0.6,0.999973275
0.36615200000000003,114,27007,0.015,0.02897088298216664,4.511461781514917,0.00012842493356714807,3.169492543329892,1.3419692381850252,0.019827823780760596,0.9734529593691347,0.683,1.0,0.7,0.9861475
0.45068,100,27007,0.0665,0.023606953382126723,3.739341415728873,-0.0003030983441703366,2.977976307790869,0.7613651079380039,0.018633662623056928,0.9901810174672556,0.792,1.0,0.8,0.938705
0.48258619999999997,89,27007,0.223,0.019388194261560892,3.0895960024539058,-0.0014704631387028413,2.749023233935054,0.34057276851885154,0.017203249898883267,0.9961477332574861,0.89525,1.0,0.9,0.7768183
0.504275,80,27007,0.475,0.016081588041040307,2.57305408656645,nan,2.5687585736885534,0.004295512877896535,0.016081588041040307,1.0001828459265207,1.0,1.0,1.0,0.5195879999999999
0.9998875,1000,27007,0.0,0.24893624167663503,50.907461422871854,1.8064914822432538e-05,4.076994617403421,46.83046680546843,0.025469948488717774,1.2783586999498344,0.10225,1.25,0.1,1.0
0.999375,500,27007,0.0,0.15864454126754238,31.76856938882535,6.956933890857374e-05,5.091309345535816,26.677260043289536,0.0318242074676175,1.2517913431049112,0.20025,1.25,0.2,1.0
0.9991517999999999,333,27007,0.0,0.11197833045971878,22.29869285776564,-2.7816591446977788e-05,5.3510513160546544,16.947641541710986,0.033462021376851586,1.2448150677545735,0.299,1.25,0.3,1.0
0.999325,250,27007,0.0,0.08215023282638974,16.43004656527795,5.6418164801219154e-05,5.263109075889803,11.166937489388149,0.03289394402943663,1.250228557408151,0.4,1.25,0.4,1.0
0.9982849999999999,200,27007,0.0,0.06342411999628854,12.475524403269956,0.00015724842022458828,4.999873449906324,7.475650953363632,0.031268732517754035,1.2295997862109167,0.49175,1.25,0.5,1.0
0.998345225,167,27007,0.0,0.05041781842612169,9.922705635535799,0.0001516489183008249,4.758561572635717,5.164144062900082,0.029770989300784274,1.2302842863460977,0.58925,1.25,0.6,1.0
0.9974697,143,27007,0.0,0.04067291171506633,7.944965228597626,0.00012842493356714807,4.447454114468895,3.4975111141287307,0.027820309405331086,1.221085729734967,0.683,1.25,0.7,1.0
0.998825,125,27007,0.0005,0.03324533338220008,6.582576009675617,-0.0003030983441703366,4.19868282430271,2.383893185372907,0.026267259583115033,1.2377262718340696,0.792,1.25,0.8,0.9999312499999999
0.99904865,111,27007,0.0025,0.027680976748621796,5.501469564393212,-0.0014704631387028413,3.934950455898408,1.5665191084948042,0.02462736342042454,1.2423864987818083,0.89525,1.25,0.9,0.99677645
0.999325,100,27007,0.0515,0.023304372505373473,4.660874501074695,nan,3.7231995005418734,0.9376750005328218,0.023304372505373473,1.250228557408151,1.0,1.25,1.0,0.95234
1.0,1200,27007,0.0,0.2718230253464236,66.70537042001233,1.8064914822432538e-05,4.451455336272041,62.25391508374029,0.02781012211895366,1.534030439939801,0.10225,1.5,0.1,1.0
1.0,600,27007,0.0,0.1817921804662319,43.68466096603553,6.956933890857374e-05,5.833114873429339,37.85154609260619,0.03645952221715507,1.5021496117258935,0.20025,1.5,0.2,1.0
1.0,400,27007,0.0,0.13161226141275137,31.48165292993013,-2.7816591446977788e-05,6.290094143319929,25.1915587866102,0.039332566731808336,1.4952733546601487,0.299,1.5,0.3,1.0
1.0,300,27007,0.0,0.10034331451447676,24.08239548347442,5.6418164801219154e-05,6.42683755060941,17.655557932865012,0.040171176704671435,1.5002742688897812,0.4,1.5,0.4,1.0
1.0,240,27007,0.0,0.0791593022756521,18.68476170914493,0.00015724842022458828,6.238855773436779,12.44590593570815,0.039006508403631075,1.4755197434531,0.49175,1.5,0.5,1.0
1.0,200,27007,0.0,0.06274874925575658,14.789880199581821,0.0001516489183008249,5.921194613477006,8.868685586104815,0.037036990292146625,1.4733943549055062,0.58925,1.5,0.6,1.0
1.0,171,27007,0.0,0.051487006250412456,12.026643842008843,0.00012842493356714807,5.626956159169607,6.399687682839236,0.0352063359729725,1.460179439053702,0.683,1.5,0.7,1.0
1.0,150,27007,0.0,0.043093357184283906,10.238981666985856,-0.0003030983441703366,5.4445307277292185,4.794450939256637,0.034066894434365426,1.4852715262008835,0.792,1.5,0.8,1.0
1.0,133,27007,0.0,0.036594859381417065,8.714571731082827,-0.0014704631387028413,5.210142727443982,3.5044290036388457,0.03260751684743451,1.4886252643061306,0.89525,1.5,0.9,0.999997025
1.0,120,27007,0.0,0.03120868106558374,7.490083455740096,nan,4.985895433006884,2.504188022733212,0.03120868106558374,1.5002742688897812,1.0,1.5,1.0,0.9999399999999999
1.0,1600,27007,0.0,0.307483519661019,100.60860763308543,1.8064914822432538e-05,5.034618408120022,95.5739892249654,0.03145640766262103,2.045373919919735,0.10225,2.0,0.1,1.0
1.0,800,27007,0.0,0.21872288409043825,70.07881206257642,6.956933890857374e-05,7.017736383422991,63.061075679153426,0.04385489561790239,2.002866148967858,0.20025,2.0,0.2,1.0
1.0,533,27007,0.0,0.16631195623660566,53.00927505911829,-2.7816591446977788e-05,7.948306021718047,45.06096903740024,0.049707775484140765,1.9924517450846477,0.299,2.0,0.3,1.0
1.0,400,27007,0.0,0.1321953293735287,42.302505399529174,5.6418164801219154e-05,8.465425989124043,33.83707941040513,0.052911982648292215,2.0003656918530415,0.4,2.0,0.4,1.0
1.0,320,27007,0.0,0.10703895274852747,33.687299209016565,0.00015724842022458828,8.430071688748717,25.257227520267847,0.052716326523667534,1.9673596579374664,0.49175,2.0,0.5,1.0
1.0,267,27007,0.0,0.08795037357731508,27.674420574651176,0.0001516489183008249,8.295636539536249,19.378784035114926,0.05188704742362498,1.9669814637988507,0.58925,2.0,0.6,1.0
1.0,229,27007,0.0,0.0748631957618839,23.418255719057946,0.00012842493356714807,8.180885759970959,15.237369959086987,0.05117227340930749,1.955444979785367,0.683,2.0,0.7,1.0
1.0,200,27007,0.0,0.06388617151212526,20.23913913504128,-0.0003030983441703366,8.07813129878836,12.16100783625292,0.050534803382015776,1.9803620349345112,0.792,2.0,0.8,1.0
1.0,178,27007,0.0,0.054515614129950096,17.374616863742265,-0.0014704631387028413,7.7703753221076415,9.604241541634623,0.04865107253605871,1.9922954665149721,0.89525,2.0,0.9,1.0
1.0,160,27007,0.0,0.04729580011305334,15.13465603617707,nan,7.556014207691944,7.578641828485126,0.04729580011305334,2.0003656918530415,1.0,2.0,1.0,1.0
0.0,200,27008,0.0,0.06238998560775124,2.2210834876359447,-0.00021653311287010967,0.8535477835520822,1.3675357040838625,0.005355447053265191,0.22247385932152974,0.089,0.25,0.1,0.99992
0.0,100,27008,0.214,0.024763546653086013,0.9410147728172684,-0.0002451682958885991,0.7179039446532608,0.22311082816400762,0.004506487544416578,0.23747209702859914,0.19,0.25,0.2,0.7719875
0.0,67,27008,0.62,0.012009350945293268,0.47633889589411216,-2.4829764337420547e-05,0.563692039941389,-0.08735314404727679,0.003537287725713263,0.24787087517216733,0.296,0.25,0.3,0.37757262500000005
0.0,50,27008,0.7225,0.0067091719976669325,0.26450910600801875,1.8151536778915004e-05,0.42358753977145835,-0.1590784337634396,0.0026560863534840166,0.2463773006671716,0.39425,0.25,0.4,0.27014
0.0,40,27008,0.7615,0.004529628912885412,0.18009804557632403,-2.875498704061862e-05,0.3560762199641617,-0.1759781743878377,0.0022367618112226193,0.24847080468045005,0.497,0.25,0.5,0.237045
0.0,33,27008,0.745,0.002962051980800532,0.11592879042457122,4.040607887221649e-06,0.28001891117654215,-0.16409012075197094,0.0017581413520248149,0.24458376140803456,0.593,0.25,0.6,0.249004175
0.0,29,27008,0.74,0.0023814160225275804,0.09547692188318702,-0.00013554497848715846,0.2547314934347811,-0.15925457155159406,0.00160430431346428,0.2505486855294503,0.69125,0.25,0.7,0.25374019999999997
0.0,25,27008,0.7455,0.0016904780988255402,0.06711198052337396,0.0001112474642138525,0.2167020847025759,-0.14959010417920193,0.001365156588095533,0.24809584873777338,0.794,0.25,0.8,0.26354687499999996
0.0,22,27008,0.731,0.0014457416880851181,0.05696511399392982,0.0005107158009140283,0.2142828731041189,-0.15731775911018908,0.001348031482875739,0.24623356755581222,0.8955,0.25,0.9,0.25278154999999997
0.0,20,27008,0.696,0.001097773604828968,0.04391094419315872,nan,0.17379648071980955,-0.12988553652665083,0.001097773604828968,0.249970628451157,1.0,0.25,1.0,0.2946185
0.0,400,27008,0.0,0.1305414817134361,9.29455349799665,-0.00021653311287010967,1.8215389631294518,7.473014534867199,0.011420930206671145,0.4449477186430595,0.089,0.5,0.1,1.0
0.0,200,27008,0.0,0.06472762489528715,4.919299492041824,-0.0002451682958885991,1.9300414515505435,2.98925804049128,0.012099662410434793,0.4749441940571983,0.19,0.5,0.2,1.0
0.0,133,27008,0.0065,0.03694370155918507,2.908799285963996,-2.4829764337420547e-05,1.7417521416472541,1.167047144316742,0.010917855507425238,0.49204218504325736,0.296,0.5,0.3,0.995762875
0.0,100,27008,0.1915,0.023433194038208992,1.8477073499127794,1.8151536778915004e-05,1.4755242833062345,0.3721830666065449,0.009249532042967723,0.4927546013343432,0.39425,0.5,0.4,0.8068124999999999
0.0,80,27008,0.4825,0.01610497792974294,1.2806678449731586,-2.875498704061862e-05,1.2757204364329557,0.004947408540202813,0.007989710272600809,0.4969416093609001,0.497,0.5,0.5,0.51243
0.0,67,27008,0.6895,0.011493403218871066,0.9132888065779328,4.040607887221649e-06,1.088309377298346,-0.17502057072041333,0.006817232636200643,0.4965791519496459,0.593,0.5,0.6,0.30766712500000004
0.0,57,27008,0.8015,0.00860156351799286,0.6778247091266324,-0.00013554497848715846,0.9416463481942222,-0.2638216390675898,0.0059039812697046536,0.49245776121305757,0.69125,0.5,0.7,0.200951675
0.0,50,27008,0.856,0.006913953715448829,0.548967925006637,0.0001112474642138525,0.8789014293171707,-0.3299335043105337,0.005512596227694425,0.49619169747554676,0.794,0.5,0.8,0.13907
0.0,44,27008,0.8755,0.00519054222659014,0.4090354896242094,0.0005107158009140283,0.7494859410103767,-0.3404504513861673,0.004701500365106986,0.49246713511162443,0.8955,0.5,0.9,0.1302477
0.0,40,27008,0.8945,0.004648176494587023,0.3718541195669618,nan,0.7410096891060389,-0.36915556953907713,0.004648176494587023,0.499941256902314,1.0,0.5,1.0,0.110597
0.0,600,27008,0.0,0.17934218405243488,19.153745256800047,-0.00021653311287010967,2.515386199934557,16.63835905686549,0.015764192714842033,0.6674215779645891,0.089,0.75,0.1,1.0
0.00012499999999998623,300,27008,0.0,0.10116622483951149,11.532949631704309,-0.0002451682958885991,3.034451286524908,8.498498345179401,0.019022996399837417,0.7124162910857975,0.19,0.75,0.2,1.0
0.00020999999999997686,200,27008,0.0,0.06392822821371942,7.569102220504381,-2.4829764337420547e-05,3.0170916930491467,4.552010527455234,0.018905275397167406,0.7399130602154247,0.296,0.75,0.3,1.0
0.0002068749999999772,150,27008,0.0,0.04321868259482187,5.111689683902557,1.8151536778915004e-05,2.722480879935567,2.38920880396699,0.01704996090641235,0.7391319020015148,0.39425,0.75,0.4,0.9999975
0.0002529999999999721,120,27008,0.003,0.030920164768823574,3.6881572536252762,-2.875498704061862e-05,2.4524466387452852,1.235710614879991,0.015352858131623886,0.7454124140413502,0.497,0.75,0.5,0.997011
0.00021499999999997633,100,27008,0.116,0.02338686982612521,2.77368276137845,4.040607887221649e-06,2.214159911493789,0.5595228498846612,0.013870058334302349,0.7411629133576805,0.593,0.75,0.6,0.875
0.00022237499999997552,86,27008,0.342,0.017671157751157445,2.1010123008238644,-0.00013554497848715846,1.9429657451703224,0.15804655565354198,0.012173338283379673,0.7430064467425079,0.69125,0.75,0.7,0.65222895
0.0002349999999999741,75,27008,0.6175,0.014477571189026112,1.72427872861301,0.0001112474642138525,1.8385707154151067,-0.11429198680209685,0.011518108501714787,0.74428754621332,0.794,0.75,0.8,0.3880325
0.00032469999999996425,67,27008,0.7735,0.011822216233372798,1.4186304813560355,0.0005107158009140283,1.6985988273696264,-0.2799683460135909,0.010640164438180855,0.7498931375563372,0.8955,0.75,0.9,0.223849425
0.0003249999999999642,60,27008,0.832,0.009775171594779863,1.1730205913735836,nan,1.5595713952352839,-0.38655080386170027,0.009775171594779863,0.749911885353471,1.0,0.75,1.0,0.159223
0.07688000000000003,800,27008,0.0,0.21858806403999528,31.12694031929535,-0.00021653311287010967,3.073595321041872,28.05334499825348,0.019257076033734916,0.889895437286119,0.089,1.0,0.1,1.0
0.26335000000000003,400,27008,0.0,0.13167696403394064,20.014898533158984,-0.0002451682958885991,3.9595239845523023,16.055374548606682,0.02482003684677896,0.9498883881143966,0.19,1.0,0.2,1.0
0.4450764,267,27008,0.0,0.08886750336930763,14.046753052566238,-2.4829764337420547e-05,4.197011632235511,9.849741420330727,0.026287300843221516,0.9877839353875919,0.296,1.0,0.3,1.0
0.43382,200,27008,0.0,0.06270777418262227,9.889015988599535,1.8151536778915004e-05,3.952043518175481,5.936972470424054,0.024733535264902663,0.9855092026686864,0.39425,1.0,0.4,1.0
0.47447599999999995,160,27008,0.0,0.04730057011094586,7.522682670444828,-2.875498704061862e-05,3.753653068853694,3.769029601591134,0.023493919586658654,0.9938832187218002,0.497,1.0,0.5,1.0
0.4350018,133,27008,0.0,0.03620207155874047,5.710442363532605,4.040607887221649e-06,3.430364359117877,2.280078004414728,0.0214694729617432,0.985746674765715,0.593,1.0,0.6,0.999902775
0.4308655,114,27008,0.0065,0.028524225122153687,4.495560500377032,-0.00013554497848715846,3.1435509328158777,1.3520095675611539,0.019675521103580826,0.9849155224261151,0.69125,1.0,0.7,0.99286435
0.4672299999999999,100,27008,0.059,0.023046644144892475,3.6598070902089237,0.0001112474642138525,2.9269587981023464,0.7328482921065773,0.018321952428672673,0.9923833949510935,0.794,1.0,0.8,0.9411875
0.48547935,89,27008,0.2605,0.01921517900664355,3.062880318479975,0.0005107158009140283,2.7564415221195295,0.3064387963604456,0.017260562601644814,0.9961267051121495,0.8955,1.0,0.9,0.73238645
0.5039,80,27008,0.498,0.015975253944695105,2.556040631151217,nan,2.5512970709220304,0.004743560229186539,0.015975253944695105,0.999882513804628,1.0,1.0,1.0,0.505442
0.9235249999999999,1000,27008,0.0,0.24836691453311358,44.20931078689421,-0.00021653311287010967,3.4963400185615123,40.712970768332696,0.02190739372762244,1.1123692966076486,0.089,1.25,0.1,1.0
0.991075,500,27008,0.0,0.1596490355259672,30.333316749933765,-0.0002451682958885991,4.808490641803392,25.524826108130373,0.030134730430264003,1.1873604851429957,0.19,1.25,0.2,1.0
0.9983044,333,27008,0.0,0.11133946335028214,21.949016447021226,-2.4829764337420547e-05,5.2597240250772685,16.689292421943957,0.03293900099758997,1.2319552452586822,0.296,1.25,0.3,1.0
0.9983,250,27008,0.0,0.08206778169561882,16.177611466748857,1.8151536778915004e-05,5.1730080120483395,11.004603454700518,0.03236621822690155,1.2318865033358581,0.39425,1.25,0.4,1.0
0.99891,200,27008,0.0,0.06286017170380602,12.496602134716639,-2.875498704061862e-05,4.989956559076875,7.506645575639764,0.031227041578310164,1.2423540234022503,0.497,1.25,0.5,1.0
0.99867015,167,27008,0.0,0.04952339160888306,9.808701988838598,4.040607887221649e-06,4.6947220720509115,5.113979916787686,0.029369015751477757,1.2377420653073263,0.593,1.25,0.6,1.0
0.998529,143,27008,0.0,0.04014818968449298,7.93719673015005,-0.00013554497848715846,4.429119618111539,3.508077112038511,0.027710586607297864,1.2354642079555656,0.69125,1.25,0.7,1.0
0.9988125,125,27008,0.0,0.03303270888671769,6.556992714013463,0.0001112474642138525,4.193981482990842,2.363011231022621,0.026250887833681902,1.2404792436888668,0.794,1.25,0.8,0.999928125
0.998910325,111,27008,0.0085,0.027464674825421507,5.460004819968621,0.0005107158009140283,3.9372329359478098,1.5227718840208109,0.024647986107360475,1.2423602726679615,0.8955,1.25,0.9,0.9916778250000001
0.999225,100,27008,0.055,0.023247715419165222,4.649543083833045,nan,3.7132777939325017,0.9362652899005433,0.023247715419165222,1.249853142255785,1.0,1.25,1.0,0.9471149999999999
0.9999999999999999,1200,27008,0.0,0.273035416020412,58.32036486196002,-0.00021653311287010967,3.847370445332395,54.47299441662763,0.024102890359992,1.3348431559291782,0.089,1.5,0.1,1.0
1.0,600,27008,0.0,0.1814903232688279,41.37979370529276,-0.0002451682958885991,5.472244697522836,35.90754900776993,0.03428457510140754,1.424832582171595,0.19,1.5,0.2,1.0
0.9999999999999999,400,27008,0.0,0.13130405306417706,31.09279976559713,-2.4829764337420547e-05,6.205979132816472,24.886820632780662,0.03884851955290286,1.4798261204308494,0.296,1.5,0.3,1.0
0.9999999999999999,300,27008,0.0,0.10012825924803068,23.685339725121658,1.8151536778915004e-05,6.309929606205899,17.37541011891576,0.03948656150193993,1.4782638040030296,0.39425,1.5,0.4,1.0
0.9999999999999999,240,27008,0.0,0.0773572896781842,18.454355025627617,-2.875498704061862e-05,6.14205781579207,12.312297209835547,0.0384321092115761,1.4908248280827003,0.497,1.5,0.5,1.0
0.9999999999999999,200,27008,0.0,0.061887507381484706,14.67971675088817,4.040607887221649e-06,5.867374335309629,8.812342415578541,0.03670093640463053,1.482325826715361,0.593,1.5,0.6,1.0
0.9999999999999999,171,27008,0.0,0.05161410082860386,12.20196054163817,-0.00013554497848715846,5.69600041010351,6.5059601315346605,0.03563639768566451,1.4773732836391724,0.69125,1.5,0.7,1.0
0.9999999999999999,150,27008,0.0,0.04324620453904241,10.301245921199905,0.0001112474642138525,5.488792559527759,4.812453361672146,0.034360403381627734,1.48857509242664,0.794,1.5,0.8,1.0
0.9999999999999999,133,27008,0.0,0.03617328304001976,8.616584539981826,0.0005107158009140283,5.185919009587508,3.430665530394318,0.03244654476353321,1.4885938402237737,0.8955,1.5,0.9,0.99999965
1.0,120,27008,0.0,0.03132683442199522,7.518440261278853,nan,5.00566112980759,2.5127791314712624,0.03132683442199522,1.499823770706942,1.0,1.5,1.0,0.999945
0.9999999999999999,1600,27008,0.0,0.30743140377848477,87.55646379611242,-0.00021653311287010967,4.336110766156732,83.22035302995569,0.027164133270460473,1.779790874572238,0.089,2.0,0.1,1.0
1.0,800,27008,0.0,0.22021768296273936,66.94617562067279,-0.0002451682958885991,6.647199635031706,60.298975985641086,0.041642773443250715,1.8997767762287932,0.19,2.0,0.2,1.0
0.9999999999999999,533,27008,0.0,0.16641553568286768,52.51009246722935,-2.4829764337420547e-05,7.866534203615665,44.643558263613684,0.04924151840803529,1.9718683054741069,0.296,2.0,0.3,1.0
0.9999999999999999,400,27008,0.0,0.13096216389324103,41.305466491928215,1.8151536778915004e-05,8.255114525219609,33.050351966708604,0.0516428284083141,1.9710184053373727,0.39425,2.0,0.4,1.0
0.9999999999999999,320,27008,0.0,0.10609354871190747,33.74623597428352,-2.875498704061862e-05,8.425683584239847,25.320552390043673,0.052714029951336575,1.9877664374436004,0.497,2.0,0.5,1.0
0.9999999999999999,267,27008,0.0,0.08764083869126069,27.752523261651994,4.040607887221649e-06,8.310892292543024,19.44163096910897,0.05197266187132769,1.978904978665007,0.593,2.0,0.6,1.0
0.9999999999999999,229,27008,0.0,0.07333218094291583,23.21641849517008,-0.00013554497848715846,8.097811851881815,15.118606643288263,0.05064902056468266,1.9784706546980735,0.69125,2.0,0.7,1.0
0.9999999999999999,200,27008,0.0,0.06285696466028448,19.963371976106355,0.0001112474642138525,7.979489554927718,11.983882421178638,0.049931346917893936,1.984766789902187,0.794,2.0,0.8,1.0
0.9999999999999999,178,27008,0.0,0.05424753837177182,17.29400673784411,0.0005107158009140283,7.772431842844806,9.521574894999304,0.04863204041311718,1.992253410224299,0.8955,2.0,0.9,1.0
1.0,160,27008,0.0,0.04711965903232269,15.078290890343256,nan,7.528698242163981,7.549592648179275,0.04711965903232269,1.999765027609256,1.0,2.0,1.0,1.0
0.0,200,27009,0.0,0.062222694710868186,2.60090863891429,-8.743604277303325e-05,1.0286262397469939,1.572282399167296,0.006423972620982475,0.26113314291854395,0.1045,0.25,0.1,0.99999
0.0,100,27009,0.2825,0.023064661559661748,0.8949088685148757,3.55940581290177e-05,0.7218204711888038,0.17308839732607195,0.004503233153426367,0.24239152979041884,0.194,0.25,0.2,0.719225
0.0,67,27009,0.623,0.011519936909378182,0.45924228489236124,2.445186987096967e-05,0.5506153533724877,-0.09137306848012644,0.003444358669124365,0.24904480245090324,0.2975,0.25,0.3,0.37288614999999997
0.0,50,27009,0.72,0.006371625728101925,0.25566148234008973,4.9462987929283385e-05,0.4138485478737144,-0.15818706553362466,0.0025862307874235553,0.25066907558867413,0.40125,0.25,0.4,0.27765874999999995
0.0,40,27009,0.753,0.0044345695366467324,0.17826969537319864,-7.696046372641267e-05,0.3499428970572628,-0.17167320168406414,0.002190083361461093,0.25113761591687717,0.5025,0.25,0.5,0.24288700000000002
0.0,33,27009,0.762,0.0030574522171240622,0.12142824352919067,-3.408928268873508e-05,0.29285797794562685,-0.17142973441643616,0.0018262458148236153,0.24811084539668501,0.60175,0.25,0.6,0.23884605000000003
0.0,29,27009,0.763,0.0023172177837135384,0.0944822379131358,0.00017810215800605108,0.2692084691236152,-0.17472623121047937,0.0016819004428784148,0.25472351122872516,0.703,0.25,0.7,0.23920055
0.0,25,27009,0.7505,0.0018366703709499102,0.07445402516238198,-5.9959311144183334e-05,0.23628492412017596,-0.16183089895779398,0.0014777332036136031,0.2532460473937913,0.81075,0.25,0.8,0.24727312499999998
0.0,22,27009,0.7175,0.001346339462828597,0.05319656485528353,-0.0007121391072822861,0.1816584557573386,-0.12846189090205506,0.001136374648677287,0.2468395393061605,0.898,0.25,0.9,0.28815135000000003
0.0,20,27009,0.732,0.0012597883221991508,0.05039153288796602,nan,0.2013329036451927,-0.1509413707572267,0.0012597883221991508,0.24988817504166888,1.0,0.25,1.0,0.25847
0.0,400,27009,0.0,0.13081726307344865,10.936323192940309,-8.743604277303325e-05,2.176461902260291,8.759861290680018,0.013592105014872133,0.5222662858370879,0.1045,0.5,0.1,1.0
0.0,200,27009,0.0,0.06184534609480213,4.799198856956646,3.55940581290177e-05,1.9249543666569262,2.8742444902997195,0.012026685953243601,0.48478305958083767,0.194,0.5,0.2,1.0
0.0,133,27009,0.012,0.03610487427480976,2.85715922573707,2.445186987096967e-05,1.720565678339341,1.136593547397729,0.01075837753534026,0.49437251829806167,0.2975,0.5,0.3,0.991743675
0.0,100,27009,0.175,0.022829873262468093,1.832097329313065,4.9462987929283385e-05,1.4689024228249685,0.3631949064880964,0.009190102610587982,0.5013381511773483,0.40125,0.5,0.4,0.824385
0.0,80,27009,0.486,0.015958155389490566,1.2830356933150415,-7.696046372641267e-05,1.2741867386115793,0.008848954703462253,0.007980685252515118,0.5022752318337543,0.5025,0.5,0.5,0.513212
0.0,67,27009,0.69,0.011663484800006634,0.940479265106135,-3.408928268873508e-05,1.1197371313706592,-0.17925786626452422,0.0070049259215732036,0.5037402012599362,0.60175,0.5,0.6,0.3000555
0.0,57,27009,0.803,0.008601308782887824,0.6893260884781962,0.00017810215800605108,0.9746336996608977,-0.28530761118270154,0.00609961641529794,0.5006634531047356,0.703,0.5,0.7,0.18975292500000002
0.0,50,27009,0.8515,0.006696864078698626,0.5429482551804912,-5.9959311144183334e-05,0.8650694607733549,-0.3221212055928637,0.005418135252170875,0.5064920947875826,0.81075,0.5,0.8,0.14130125
0.0,44,27009,0.866,0.00527041224802452,0.4164890574878896,-0.0007121391072822861,0.7448755449174582,-0.3283864874295686,0.004660192009783225,0.493679078612321,0.898,0.5,0.9,0.1293624
0.0,40,27009,0.8825,0.004448729948695508,0.3558983958956406,nan,0.711423500042192,-0.3555251041465514,0.004448729948695508,0.49977635008333776,1.0,0.5,1.0,0.10817800000000001
0.00153000000000002,600,27009,0.0,0.17892874301971443,22.43766437467218,-8.743604277303325e-05,2.9810264580538397,19.45663791661834,0.018619754669256906,0.7833994287556318,0.1045,0.75,0.1,1.0
0.0002349999999999741,300,27009,0.0,0.09898518844226975,11.5218759346802,3.55940581290177e-05,3.079242807571936,8.442633127108264,0.01923181536865232,0.7271745893712565,0.194,0.75,0.2,1.0
0.00024999999999997247,200,27009,0.0,0.06340742498398226,7.545483573093888,2.445186987096967e-05,3.0178691576944465,4.527614415399441,0.018880886371319076,0.7434173207489649,0.2975,0.75,0.3,1.0
0.00029374999999996765,150,27009,0.0,0.04295440194974048,5.170636134700009,4.9462987929283385e-05,2.760941706879356,2.4096944278206536,0.017265069746356023,0.7520072267660223,0.40125,0.75,0.4,0.99997875
0.00030499999999996643,120,27009,0.0025,0.030733595255646243,3.706471587830937,-7.696046372641267e-05,2.460885152711009,1.245586435119928,0.01540534378525835,0.7534128477506317,0.5025,0.75,0.5,0.996583
0.0002924999999999678,100,27009,0.0875,0.023169313000482573,2.7884268196080773,-3.408928268873508e-05,2.22755385546666,0.5608729641414172,0.013928558041209597,0.7518510466566213,0.60175,0.75,0.6,0.911385
0.00032079999999996465,86,27009,0.3625,0.01801639123330954,2.1784699623668566,0.00017810215800605108,2.0316084155909477,0.1468615467759089,0.012718419377944405,0.7553869643334609,0.703,0.75,0.7,0.63854565
0.0004015624999999898,75,27009,0.6095,0.013958687250074065,1.6975508531996324,-5.9959311144183334e-05,1.8049506940166244,-0.10739984081699205,0.011305658388363513,0.7597381421813739,0.81075,0.75,0.8,0.40050625000000006
0.0002915999999999679,67,27009,0.738,0.011465426647359427,1.3796577193300545,-0.0007121391072822861,1.6346046798469778,-0.2549469605169232,0.010223314940385971,0.7517385969778525,0.898,0.75,0.9,0.24598157499999998
0.0002749999999999697,60,27009,0.846,0.0094707838893594,1.1364940667231282,nan,1.513203770482863,-0.37670970375973467,0.0094707838893594,0.7496645251250066,1.0,0.75,1.0,0.1481225
0.71967,800,27009,0.0,0.21792038673283334,36.43628866172973,-8.743604277303325e-05,3.632688248217666,32.803600413512065,0.022694381437277835,1.0445325716741758,0.1045,1.0,0.1,1.0
0.35053500000000004,400,27009,0.0,0.13028501434951167,20.22023422704421,3.55940581290177e-05,4.050143129407139,16.17009109763707,0.02530398159465725,0.9695661191616753,0.194,1.0,0.2,1.0
0.467758,267,27009,0.0,0.08830219234823859,14.028127787402925,2.445186987096967e-05,4.2039160382118625,9.824211749191061,0.026287079662185336,0.992462123199868,0.2975,1.0,0.3,1.0
0.5191250000000001,200,27009,0.0,0.06235504092569525,10.007984068574086,4.9462987929283385e-05,4.005205184554467,6.002778884019619,0.025049576135457875,1.0026763023546965,0.40125,1.0,0.4,1.0
0.528305,160,27009,0.0,0.047290000388845344,7.604232062526332,-7.696046372641267e-05,3.790615510569941,3.8136165519563914,0.023724937364690894,1.0045504636675087,0.5025,1.0,0.5,1.0
0.5058293,133,27009,0.0,0.03611051721424943,5.780047993157445,-3.408928268873508e-05,3.471368151968457,2.308679841188988,0.021715927676843813,0.9999618920533064,0.60175,1.0,0.6,0.9999910000000001
0.5125154000000001,114,27009,0.0075,0.028528384849089594,4.572643637151476,0.00017810215800605108,3.212449590205381,1.360194046946095,0.02010835088983778,1.0013269062094712,0.703,1.0,0.7,0.99542555
0.57088,100,27009,0.055,0.02281314258785765,3.6991510706211175,-5.9959311144183334e-05,2.953047560528874,0.7461035100922433,0.01848440805347155,1.0129841895751652,0.81075,1.0,0.8,0.9427700000000001
0.4989188,89,27009,0.2555,0.01897456878146712,3.03297097230483,-0.0007121391072822861,2.7096424010261724,0.3233285712786578,0.016966524576814676,0.9985781362840129,0.898,1.0,0.9,0.7519759749999999
0.503825,80,27009,0.4925,0.015842298986637818,2.5347678378620513,nan,2.5304482280701786,0.004319609791872736,0.015842298986637818,0.9995527001666755,1.0,1.0,1.0,0.498408
0.9999750000000001,1000,27009,0.0,0.24716542887957504,51.6575746358312,-8.743604277303325e-05,4.122583147465757,47.53499148836545,0.025750488341612338,1.30566571459272,0.1045,1.25,0.1,1.0
0.9972,500,27009,0.0,0.15782543887544873,30.61813514183706,3.55940581290177e-05,4.903511931091453,25.714623210745607,0.03064682395268904,1.211957648952094,0.194,1.25,0.2,1.0
0.9991702499999999,333,27009,0.0,0.11084939979866862,21.9631458291092,2.445186987096967e-05,5.27734771258231,16.68579811652689,0.03299487387868826,1.2377898390470266,0.2975,1.25,0.3,1.0
0.9994625,250,27009,0.0,0.08229435347054039,16.510304665027157,4.9462987929283385e-05,5.284593411566363,11.225711253460794,0.03305022529407698,1.2533453779433705,0.40125,1.25,0.4,1.0
0.9995,200,27009,0.0,0.0628607287279774,12.635006474323461,-7.696046372641267e-05,5.042227982427326,7.592778491896135,0.03154922835510475,1.255688079584386,0.5025,1.25,0.5,1.0
0.99949845,167,27009,0.0,0.04963281731672855,9.97542697199403,-3.408928268873508e-05,4.772839148501514,5.202587823492517,0.029852971763510615,1.2555912479165576,0.60175,1.25,0.6,1.0
0.99950435,143,27009,0.0,0.040148852986993694,8.072248083858979,0.00017810215800605108,4.518297441177119,3.5539506426818592,0.02827753999078436,1.2560504174381966,0.703,1.25,0.7,1.0
0.9996265625,125,27009,0.0,0.032296180181665926,6.546032020571412,-5.9959311144183334e-05,4.181290872037862,2.3647411485335503,0.026172780782651613,1.2662302369689564,0.81075,1.25,0.8,0.99995625
0.9993356000000001,111,27009,0.003,0.026776531676254094,5.338062248851311,-0.0007121391072822861,3.8301907559319313,1.5078714929193797,0.02397268725633338,1.2454176755901736,0.898,1.25,0.9,0.9962177249999999
0.9994,100,27009,0.0455,0.023105983026674153,4.621196605334831,nan,3.691432052436305,0.9297645528985257,0.023105983026674153,1.2494408752083446,1.0,1.25,1.0,0.9580449999999999
1.0,1200,27009,0.0,0.26961821384240015,67.62024803167398,-8.743604277303325e-05,4.499056128420942,63.12119190325304,0.028096804370227563,1.5667988575112637,0.1045,1.5,0.1,1.0
1.0,600,27009,0.0,0.18126123235580494,42.19761489243139,3.55940581290177e-05,5.631294684610848,36.56632020782054,0.03519336788787814,1.454349178742513,0.194,1.5,0.2,1.0
1.0,400,27009,0.0,0.13082429887555583,31.136183132382282,2.445186987096967e-05,6.228363705272659,24.907819427109622,0.03893740635406222,1.4868346414979299,0.2975,1.5,0.3,1.0
1.0,300,27009,0.0,0.09947737112198615,23.949177097618172,4.9462987929283385e-05,6.38454244806579,17.56463464955238,0.0399449111267196,1.5040144535320445,0.40125,1.5,0.4,1.0
1.0,240,27009,0.0,0.07790365552199485,18.790361711905156,-7.696046372641267e-05,6.251945450194577,12.53841626171058,0.039108299069098525,1.5068256955012633,0.5025,1.5,0.5,1.0
1.0,200,27009,0.0,0.06292877575090657,15.14695632324321,-3.408928268873508e-05,6.053048471852586,9.093907851390624,0.03785381475127724,1.5037020933132426,0.60175,1.5,0.6,1.0
1.0,171,27009,0.0,0.051519202416489454,12.386555760186893,0.00017810215800605108,5.797056573697121,6.589499186489771,0.03627089563971988,1.501990359314207,0.703,1.5,0.7,1.0
1.0,150,27009,0.0,0.042484684623880546,10.333337417643344,-5.9959311144183334e-05,5.502174305359944,4.8311631122834005,0.03443311075917712,1.5194762843627478,0.81075,1.5,0.8,1.0
1.0,133,27009,0.0,0.035413465858487064,8.459143762685088,-0.0007121391072822861,5.071265343573545,3.3878784191115425,0.03172865415197859,1.492257214896334,0.898,1.5,0.9,0.9999961
1.0,120,27009,0.0,0.030886003380776194,7.412640811386288,nan,4.935072823710787,2.477567987675501,0.030886003380776194,1.4993290502500132,1.0,1.5,1.0,0.999793
1.0,1600,27009,0.0,0.3080914006172977,103.02576436642441,-8.743604277303325e-05,5.1416735971519145,97.88409076927249,0.03211725238820435,2.0890651433483516,0.1045,2.0,0.1,1.0
1.0,800,27009,0.0,0.21828471215972353,67.7555746543782,3.55940581290177e-05,6.78193422051534,60.973640433862855,0.04237592296983836,1.9391322383233507,0.194,2.0,0.2,1.0
1.0,533,27009,0.0,0.165778372539669,52.574124175367935,2.445186987096967e-05,7.89051667540386,44.683607499964076,0.04933624326913589,1.9812071597959915,0.2975,2.0,0.3,1.0
1.0,400,27009,0.0,0.13059719113994353,41.92169835592187,4.9462987929283385e-05,8.384154190762201,33.537544165159666,0.052431738908924996,2.005352604709393,0.40125,2.0,0.4,1.0
1.0,320,27009,0.0,0.10514974829138338,33.816159050508894,-7.696046372641267e-05,8.44315482847999,25.373004222028904,0.05279946068571626,2.0091009273350173,0.5025,2.0,0.5,1.0
1.0,267,27009,0.0,0.08780602443327386,28.215104958253832,-3.408928268873508e-05,8.449725383017586,19.765379575236246,0.05282369914589176,2.0074422945731785,0.60175,2.0,0.6,1.0
1.0,229,27009,0.0,0.07391593157371554,23.79900815251549,0.00017810215800605108,8.31227343958708,15.48673471292841,0.05201579623724982,2.0114373817716573,0.703,2.0,0.7,1.0
1.0,200,27009,0.0,0.06264933977440272,20.31718088883881,-5.9959311144183334e-05,8.117981820020885,12.199199068817924,0.050781604922462975,2.0259683791503305,0.81075,2.0,0.8,1.0
1.0,178,27009,0.0,0.05419443691715951,17.325311149172887,-0.0007121391072822861,7.767351303801478,9.557959845371409,0.04859396616266644,1.9971562725680259,0.898,2.0,0.9,1.0
1.0,160,27009,0.0,0.046307191818948365,14.818301382063476,nan,7.4022468339643455,7.4160545480991305,0.046307191818948365,1.999105400333351,1.0,2.0,1.0,1.0
0.0,200,27010,0.0005,0.06252547738007475,2.776131195675319,0.00031470681466464146,1.1550164609761104,1.6211147346992085,0.007220102347425165,0.276969257660009,0.111,0.25,0.1,0.999865
0.0,100,27010,0.307,0.023017345950086216,0.9575215915235865,0.0003776580420231717,0.8115344346704298,0.14598715685315666,0.005086713126900284,0.2595027278976661,0.208,0.25,0.2,0.688335
0.0,67,27010,0.6935,0.011674771975296618,0.4888810764655459,0.00042052444474318697,0.6278595531039172,-0.13897847663837126,0.0039374767980411346,0.26121819064218194,0.3125,0.25,0.3,0.31116335
0.0,50,27010,0.786,0.007299647706754492,0.29490576735288143,0.0004269079861569951,0.5105725906025554,-0.215666823249674,0.0032034948332783832,0.25201707228523346,0.404,0.25,0.4,0.20576375000000002
0.0,40,27010,0.786,0.004905115001390587,0.19944197595654128,0.00014768043721300906,0.40905079421458124,-0.20960881825803995,0.002565646554456263,0.2536389643345938,0.50825,0.25,0.5,0.20243499999999998
0.0,33,27010,0.787,0.0037913201752102785,0.1535143452144394,-0.00015652287906736572,0.36082649784392246,-0.20731215262948305,0.002265478834731969,0.25258473450250957,0.6135,0.25,0.6,0.1958928
0.0,29,27010,0.7885,0.002897450256064677,0.11910693640117873,-7.60388249290334e-05,0.32381852299763886,-0.20471158659646013,0.0020314215612252592,0.2564304900733969,0.70875,0.25,0.7,0.1955759
0.0,25,27010,0.794,0.0022509844281248625,0.09034888748386166,-0.00025602257087486415,0.2796460830914117,-0.18929719560755004,0.0017564772975721661,0.25037958512001374,0.80275,0.25,0.8,0.214
0.0,22,27010,0.782,0.00184131343699192,0.07301728434391458,-2.2482488898810293e-05,0.2643627203103777,-0.19134543596646314,0.0016572635893102108,0.2473697277591815,0.90125,0.25,0.9,0.2107611
0.0,20,27010,0.794,0.0016422304671740928,0.0656892186869637,nan,0.2612444047689565,-0.1955551860819928,0.0016422304671740928,0.24952185374775587,1.0,0.25,1.0,0.200076
0.0,400,27010,0.0,0.1306560890020065,11.60226070337818,0.00031470681466464146,2.3660537501659555,9.236206953212225,0.01478260023745959,0.553938515320018,0.111,0.5,0.1,1.0
0.0,200,27010,0.0,0.06289630951924147,5.23297295200089,0.0003776580420231717,2.1384545165524966,3.0945184354483932,0.013381537549284577,0.5190054557953322,0.208,0.5,0.2,1.0
0.0,133,27010,0.004,0.03493690475829023,2.9041302080328752,0.00042052444474318697,1.7901853084952006,1.1139448995376746,0.011206893292726637,0.5185376023195551,0.3125,0.5,0.3,0.9957705750000001
0.0,100,27010,0.182,0.023542077877165245,1.902199892474952,0.0004269079861569951,1.5595400301832991,0.3426598622916528,0.009765436622124328,0.5040341445704669,0.404,0.5,0.4,0.8141425
0.0,80,27010,0.494,0.016349605030459183,1.3295498810769406,0.00014768043721300906,1.3378748799673865,-0.008324998890445912,0.008382308611730376,0.5072779286691876,0.50825,0.5,0.5,0.49545599999999995
0.0,67,27010,0.6845,0.012079152940055717,0.9930150840490404,-0.00015652287906736572,1.1726830498406629,-0.17966796579162247,0.007350064235964645,0.5128235518687316,0.6135,0.5,0.6,0.30241470000000004
0.0,57,27010,0.8105,0.008864088117139969,0.7161961596446167,-7.60388249290334e-05,1.0000724326449613,-0.28387627300034457,0.006260276145262372,0.5040185494546076,0.70875,0.5,0.7,0.180113975
0.0,50,27010,0.8465,0.007335289919232846,0.5888403982664168,-0.00025602257087486415,0.9319825924435289,-0.3431421941771121,0.0058379035305591,0.5007591702400275,0.80275,0.5,0.8,0.13635625
0.0,44,27010,0.892,0.005896981909546646,0.46768963524614454,-2.2482488898810293e-05,0.8484913992889346,-0.38080176404279004,0.005312434800200157,0.494739455518363,0.90125,0.5,0.9,0.0973582
0.0,40,27010,0.887,0.0050349860360469935,0.4027988828837596,nan,0.8038451654727417,-0.40104628258898206,0.0050349860360469935,0.49904370749551175,1.0,0.5,1.0,0.096108
0.011694999999999955,600,27010,0.0,0.18091085572756122,24.097325982911155,0.00031470681466464146,3.258437877092415,20.83888810581874,0.020360879343996163,0.8309077729800269,0.111,0.75,0.1,1.0
0.0011949999999999795,300,27010,0.0,0.09959775728015727,12.429800108563628,0.0003776580420231717,3.360887132770989,9.068912975792639,0.021015438683555068,0.7785081836929982,0.208,0.75,0.2,1.0
0.0012499999999999734,200,27010,0.0,0.06209882789738874,7.76235348717359,0.00042052444474318697,3.1482819500220494,4.614071537151541,0.019694994273694918,0.7797557929617371,0.3125,0.75,0.3,1.0
0.0005300000000000082,150,27010,0.0,0.043177476581757857,5.233110161709051,0.0004269079861569951,2.8291483181062502,2.403961843602801,0.017698137698779745,0.7560512168557003,0.404,0.75,0.4,1.0
0.0006470000000000386,120,27010,0.006,0.030951763440316724,3.775496104449833,0.00014768043721300906,2.5246906751296274,1.2508054293202058,0.01580385562354047,0.7609168930037815,0.50825,0.75,0.5,0.994735
0.0007550000000000279,100,27010,0.079,0.023229165735253087,2.850218635715554,-0.00015652287906736572,2.266552162402995,0.5836664733125589,0.014190597085818234,0.7654082863712411,0.6135,0.75,0.6,0.9165125
0.0006357500000000358,86,27010,0.337,0.018307838147527754,2.231817009374371,-7.60388249290334e-05,2.0709407293577673,0.1608762800166037,0.012953533979299716,0.7604490395280045,0.70875,0.75,0.7,0.6552309000000001
0.00039718749999997915,75,27010,0.5855,0.014569820628912938,1.7543885264789791,-0.00025602257087486415,1.8602543626515082,-0.1058658361725291,0.011645423057754794,0.7511387553600413,0.80275,0.75,0.8,0.40233125
0.000459312499999992,67,27010,0.7405,0.011951781550564334,1.443386778407778,-2.2482488898810293e-05,1.7209566878820275,-0.2775699094742494,0.010769322976667349,0.7533532618120526,0.90125,0.75,0.9,0.2412188
0.0003249999999999642,60,27010,0.84,0.010203117605884668,1.2243741127061603,nan,1.6302165046424995,-0.4058423919363392,0.010203117605884668,0.7485655612432676,1.0,0.75,1.0,0.14432050000000002
0.917605,800,27010,0.0,0.22045900607095298,39.15351947820124,0.00031470681466464146,3.9620004142616816,35.19151906393956,0.024750724032112644,1.107877030640036,0.111,1.0,0.1,1.0
0.68889,400,27010,0.0,0.13098520353201984,21.795937867728096,0.0003776580420231717,4.406453558760052,17.389484308968044,0.027544027503942473,1.0380109115906644,0.208,1.0,0.2,1.0
0.702534375,267,27010,0.0,0.08769046828694317,14.633346895383644,0.00042052444474318697,4.428923744067603,10.20442315131604,0.027692381895430686,1.040973983603919,0.3125,1.0,0.3,1.0
0.547825,200,27010,0.0,0.06273187820629764,10.137471518137696,0.0004269079861569951,4.091211598747014,6.046259919390682,0.025598115955093814,1.0080682891409338,0.404,1.0,0.4,1.0
0.579281,160,27010,0.0,0.04723232439650512,7.681865239847593,0.00014768043721300906,3.847414804512702,3.8344504353348907,0.024078450729523217,1.0145558573383753,0.50825,1.0,0.5,1.0
0.595687025,133,27010,0.0,0.03617412895680319,5.90329227858967,-0.00015652287906736572,3.5387061848425176,2.3645860937471523,0.022132332022239222,1.0179930208737507,0.6135,1.0,0.6,0.999993725
0.54767,114,27010,0.005,0.028467526007504892,4.6002098651827525,-7.60388249290334e-05,3.2240069102959374,1.376202954886815,0.02015421275005851,1.0080370989092151,0.70875,1.0,0.7,0.9952688000000001
0.5146225,100,27010,0.078,0.023375585736783788,3.752950290040637,-0.00025602257087486415,2.9932161222656437,0.7597341677749934,0.01871425099809812,1.001518340480055,0.80275,1.0,0.8,0.92165
0.510485125,89,27010,0.239,0.019582519811527605,3.1414767844647873,-2.2482488898810293e-05,2.8206860071501194,0.3207907773146679,0.017646525834360497,1.0007229895712342,0.90125,1.0,0.9,0.756947125
0.496775,80,27010,0.494,0.016253433791115376,2.6005494065784602,nan,2.5984590050175465,0.0020904015609137794,0.016253433791115376,0.9980874149910235,1.0,1.0,1.0,0.502928
1.0,1000,27010,0.0,0.24604338710019238,54.6216319362427,0.00031470681466464146,4.417391319390305,50.204240616852395,0.027590590326358216,1.3848462883000452,0.111,1.25,0.1,1.0
0.9999250000000001,500,27010,0.0,0.15793821441976916,32.851148599311976,0.0003776580420231717,5.302182676112805,27.54896592319917,0.03315025376859433,1.2975136394883304,0.208,1.25,0.2,1.0
0.9999281250000001,333,27010,0.0,0.11008632113240517,22.91171558568183,0.00042052444474318697,5.549963493395339,17.36175209228649,0.034691085909637556,1.2982933952812923,0.3125,1.25,0.3,1.0
0.999575,250,27010,0.0,0.08251107950198731,16.66723805940143,0.0004269079861569951,5.370712792956269,11.296525266445162,0.03358891327855245,1.2600853614261673,0.404,1.25,0.4,1.0
0.9997050000000001,200,27010,0.0,0.06278862055138523,12.764926558096617,0.00014768043721300906,5.114152153038871,7.650774405057746,0.03198493825024104,1.268194821672969,0.50825,1.25,0.5,1.0
0.99982045,167,27010,0.0,0.049597949312302575,10.16306619563461,-0.00015652287906736572,4.856486648527564,5.306579547107045,0.030367845810338093,1.2782318382399727,0.6135,1.25,0.6,1.0
0.9996452499999999,143,27010,0.0,0.03936453062680739,7.979288769380425,-7.60388249290334e-05,4.4617450370595,3.5175437323209247,0.027877464773989162,1.264467588982612,0.70875,1.25,0.7,1.0
0.9994531249999999,125,27010,0.0,0.032595098664054,6.541428863142339,-0.00025602257087486415,4.1778020578428094,2.3636268052995293,0.026115215000464282,1.2518979256000689,0.80275,1.25,0.8,0.9999437499999999
0.9993616249999999,111,27010,0.0035,0.02755813090594524,5.51376193633426,-2.2482488898810293e-05,3.9706941396895745,1.543067796644685,0.024834545333204387,1.2480927173304155,0.90125,1.25,0.9,0.9955161499999999
0.99935,100,27010,0.043,0.023715684773164006,4.743136954632801,nan,3.7922982694180845,0.9508386852147166,0.023715684773164006,1.2476092687387794,1.0,1.25,1.0,0.953805
1.0,1200,27010,0.0,0.2695303036206036,71.80287288452875,0.00031470681466464146,4.835774693355465,66.96709819117329,0.030197638060123863,1.6618155459600539,0.111,1.5,0.1,1.0
1.0,600,27010,0.0,0.17963016607131888,44.835689451401215,0.0003776580420231717,6.026307718372545,38.80938173302867,0.037662179712116675,1.5570163673859965,0.208,1.5,0.2,1.0
1.0,400,27010,0.0,0.13075290156845495,32.68822539211374,0.00042052444474318697,6.584696873465886,26.103528518647856,0.041149392295903114,1.5595115859234743,0.3125,1.5,0.3,1.0
1.0,300,27010,0.0,0.09923726061038907,24.055111971958308,0.0004269079861569951,6.453449680379229,17.60166229157908,0.04034629044634676,1.5121024337114006,0.404,1.5,0.4,1.0
1.0,240,27010,0.0,0.07822938829964327,19.084841569580966,0.00014768043721300906,6.3672179933769355,12.71762357620403,0.03983270845829318,1.521833786007563,0.50825,1.5,0.5,1.0
1.0,200,27010,0.0,0.06269494153402062,15.385338652448661,-0.00015652287906736572,6.1430554943472755,9.242283158101387,0.038402850538362114,1.5308165727424823,0.6135,1.5,0.6,1.0
1.0,171,27010,0.0,0.05129276170184013,12.43298074081328,-7.60388249290334e-05,5.814158380273139,6.618822360540141,0.03633159854841861,1.5120556483638228,0.70875,1.5,0.7,1.0
1.0,150,27010,0.0,0.042974092693920565,10.349235873013422,-0.00025602257087486415,5.511276720068728,4.837959152944694,0.034446952457939675,1.5022775107200825,0.80275,1.5,0.8,1.0
1.0,133,27010,0.0,0.03623503608321828,8.686715787820125,-2.2482488898810293e-05,5.225886460634597,3.460829327185528,0.03265460612422171,1.495462445089597,0.90125,1.5,0.9,1.0
1.0,120,27010,0.0,0.031038901586919465,7.449336380860672,nan,4.96577327266331,2.4835631081973615,0.031038901586919465,1.4971311224865351,1.0,1.5,1.0,0.999964
1.0,1600,27010,0.0,0.30734701927168395,109.16966124530212,0.00031470681466464146,5.507401515689952,103.66225972961217,0.03439529349739378,2.215754061280072,0.111,2.0,0.1,1.0
1.0,800,27010,0.0,0.21793179572953877,72.52770161879049,0.0003776580420231717,7.3014753648448885,65.2262262539456,0.04562891868102641,2.0760218231813288,0.208,2.0,0.2,1.0
1.0,533,27010,0.0,0.1651055065034463,55.00077185396054,0.00042052444474318697,8.304822745876193,46.69594910808435,0.05188458133808792,2.078049188243029,0.3125,2.0,0.3,1.0
1.0,400,27010,0.0,0.13044127934030533,42.15862148278667,0.0004269079861569951,8.472171534384453,33.68644994840222,0.05295271401323291,2.0161365782818677,0.404,2.0,0.4,1.0
1.0,320,27010,0.0,0.10588595585254697,34.44258371971648,0.00014768043721300906,8.620176650746773,25.82240706896971,0.05388915891705649,2.0291117146767506,0.50825,2.0,0.5,1.0
1.0,267,27010,0.0,0.08826006723076546,28.914792365403837,-0.00015652287906736572,8.65593781143849,20.25885455396535,0.054087055153315064,2.043640124611214,0.6135,2.0,0.6,1.0
1.0,229,27010,0.0,0.07352072698487565,23.86537938474303,-7.60388249290334e-05,8.337862901085078,15.527516483657951,0.05208566894277003,2.0249166285106166,0.70875,2.0,0.7,1.0
1.0,200,27010,0.0,0.06262478188242233,20.10881746244581,-0.00025602257087486415,8.03937069164326,12.06944677080255,0.05022154320400946,2.00303668096011,0.80275,2.0,0.8,1.0
1.0,178,27010,0.0,0.054277280573932225,17.414594085743285,-2.2482488898810293e-05,7.825924598445996,9.588669487297288,0.04891517897147766,2.0014459791424684,0.90125,2.0,0.9,1.0
1.0,160,27010,0.0,0.04712535761171883,15.080114435750025,nan,7.542272123382124,7.537842312367901,0.04712535761171883,1.996174829982047,1.0,2.0,1.0,1.0
0.0,200,27011,0.0,0.06329756414412901,2.500253783693096,0.00038127046220092035,1.0570160403906954,1.4432377433024006,0.006594254463291319,0.24655724934490678,0.09875,0.25,0.1,0.99992
0.0,100,27011,0.3065,0.024562405359644504,0.998461777869549,0.00042791404823690676,0.8550058842678518,0.1434558936016972,0.0053332494072805,0.2537354983764673,0.20325,0.25,0.2,0.687815
0.0,67,27011,0.6355,0.011601392871262465,0.46754193340831296,0.0001259044949598326,0.5733634872135811,-0.10582155380526814,0.003577157624132849,0.2515539348664409,0.30075,0.25,0.3,0.357254725
0.0,50,27011,0.788,0.007084505146029533,0.287630908928799,0.00029646126295602185,0.4893020527571369,-0.2016711438283379,0.003052407079483867,0.25342340059248647,0.406,0.25,0.4,0.22136875
0.0,40,27011,0.8145,0.00496310966842333,0.19653914286956387,0.00043186302498566956,0.42923758037342796,-0.2326984375038641,0.002674830113487312,0.24718144491286856,0.495,0.25,0.5,0.181122
0.0,33,27011,0.8055,0.0033728533935705614,0.13323108189943073,0.0004042415249924538,0.3500704365489262,-0.2168393546494955,0.0021809557283364507,0.24656349130058638,0.5985,0.25,0.6,0.18921685
0.0,29,27011,0.811,0.002732029020061574,0.11012808979868205,0.0003715200315348493,0.32278597874414133,-0.21265788894545928,0.002012073778560923,0.25161323344539727,0.695,0.25,0.7,0.19181427499999998
0.0,25,27011,0.8165,0.0023372806303673015,0.0932867131595349,0.00039143205559539416,0.31228777772402533,-0.21900106456449042,0.0019447056804070691,0.24913205606274916,0.79825,0.25,0.8,0.18232312499999997
0.0,22,27011,0.7775,0.0017896317559141408,0.07086941753419998,-9.134408690527466e-05,0.2574186481816401,-0.18654923064744014,0.0016015341716321995,0.24718144491286856,0.9,0.25,0.9,0.2231481
0.0,20,27011,0.7825,0.0016648410924312636,0.06659364369725056,nan,0.26705108488996115,-0.20045744119271058,0.0016648410924312636,0.24967822718471572,1.0,0.25,1.0,0.2035315
0.0,400,27011,0.0,0.13202138092880755,10.4296890933758,0.00038127046220092035,2.1474580030226136,8.282231090353186,0.013380731370778326,0.49311449868981355,0.09875,0.5,0.1,1.0
0.0,200,27011,0.0,0.06349266494212008,5.161953659794362,0.00042791404823690676,2.123185313496424,3.038768346297938,0.01324582466741866,0.5074709967529346,0.20325,0.5,0.2,1.0
0.0,133,27011,0.0035,0.03558557706994039,2.846828372806696,0.0001259044949598326,1.728471687465445,1.118356685341251,0.010790401021885236,0.4993533333915916,0.30075,0.5,0.3,0.9962915
0.0,100,27011,0.181,0.022998775782511315,1.8675005935399187,0.00029646126295602185,1.522835343519399,0.3446652500205196,0.009513600957895472,0.5068468011849729,0.406,0.5,0.4,0.8174575
0.0,80,27011,0.534,0.015810556453060558,1.2521960710823965,0.00043186302498566956,1.2885386729085657,-0.03634260182616922,0.008044316271882741,0.4943628898257371,0.495,0.5,0.5,0.46957
0.0,67,27011,0.726,0.011738765014675164,0.9414372154119335,0.0004042415249924538,1.1514865394323772,-0.21004932402044374,0.007187953833567555,0.5005986035496753,0.5985,0.5,0.6,0.270825875
0.0,57,27011,0.819,0.009138021842870232,0.7240054706106084,0.0003715200315348493,1.035225401424916,-0.31121993081430765,0.006464238790412941,0.4945501484961256,0.695,0.5,0.7,0.179344125
0.0,50,27011,0.881,0.007535501029011063,0.601521369640808,0.00039143205559539416,0.9761696040151321,-0.37464823437432404,0.00609418511362445,0.4982641121254983,0.79825,0.5,0.8,0.12433374999999999
0.0,44,27011,0.8895,0.005981219162703374,0.47371255768610715,-9.134408690527466e-05,0.8599277369177315,-0.38621517923162435,0.005373962837742508,0.4943628898257371,0.9,0.5,0.9,0.11230810000000001
0.0,40,27011,0.905,0.004962321955501976,0.39698575644015793,nan,0.7929232953113171,-0.3959375388711592,0.004962321955501976,0.49935645436943144,1.0,0.5,1.0,0.084362
0.00011249999999998761,600,27011,0.0,0.18141773694494667,21.498001827976186,0.00038127046220092035,2.929806701601315,18.56819512637487,0.018258621527372065,0.7396717480347202,0.09875,0.75,0.1,1.0
0.00029624999999996733,300,27011,0.0,0.10029151870957514,12.230550706632688,0.00042791404823690676,3.3225732051156287,8.90797750151706,0.020725191695653903,0.761206495129402,0.20325,0.75,0.2,1.0
0.000172499999999981,200,27011,0.0,0.062467941835413765,7.514893402800275,0.0001259044949598326,3.0256174745653617,4.489275928234913,0.018875272225101353,0.7509072682580326,0.30075,0.75,0.3,1.0
0.00028499999999996866,150,27011,0.0,0.04265832455355246,5.19578393062269,0.00029646126295602185,2.801266819631693,2.3945171109909964,0.017495377758938176,0.7602702017774594,0.406,0.75,0.4,0.99997875
0.00011999999999998679,120,27011,0.004,0.031119532280128478,3.697000434879263,0.00043186302498566956,2.501226318931505,1.1957741159477577,0.01562225930628136,0.7415443347386057,0.495,0.75,0.5,0.99486
0.0001424999999999843,100,27011,0.123,0.02301848404266253,2.7553125399067038,0.0004042415249924538,2.2323295482586514,0.5229829916480524,0.013938865671817994,0.7471620948502617,0.5985,0.75,0.6,0.87484
0.00013849999999998475,86,27011,0.378,0.01811407383933886,2.165356386754567,0.0003715200315348493,2.0317912223844385,0.13356516437012855,0.012702594927958636,0.7461633819415229,0.695,0.75,0.7,0.6200459
0.0001434374999999842,75,27011,0.6315,0.014791126370729074,1.7710524938151726,0.00039143205559539416,1.9019152131692325,-0.1308627193540599,0.011885988042650855,0.7473961681882474,0.79825,0.75,0.8,0.371628125
0.00019499999999997853,67,27011,0.773,0.011999491943892604,1.4471387284334483,-9.134408690527466e-05,1.7253889978225285,-0.27825026938908026,0.010790408340812817,0.7527798549619179,0.9,0.75,0.9,0.23614885000000002
0.00014999999999998348,60,27011,0.8695,0.010051075842719288,1.2061291011263144,nan,1.6061641492128762,-0.40003504808656176,0.010051075842719288,0.7490346815541471,1.0,0.75,1.0,0.135687
0.436775,800,27011,0.0,0.2177224157508964,34.40014168864163,0.00038127046220092035,3.505266014189355,30.894875674452276,0.0218437085594596,0.9862289973796271,0.09875,1.0,0.1,1.0
0.5854050000000001,400,27011,0.0,0.13173941807517417,21.42082937902332,0.00042791404823690676,4.349705147429015,17.071124231594304,0.027116977241711904,1.0149419935058692,0.20325,1.0,0.2,1.0
0.5202864125,267,27011,0.0,0.08704163231300874,13.978929670285362,0.0001259044949598326,4.212164735898748,9.766764934386615,0.026265809636238046,1.0024612031244735,0.30075,1.0,0.3,1.0
0.578795,200,27011,0.0,0.06238253488273074,10.130923664955473,0.00029646126295602185,4.084805605908403,6.04611805904707,0.025503407152584565,1.0136936023699459,0.406,1.0,0.4,1.0
0.44927500000000004,160,27011,0.0,0.047282829495127736,7.4896001920282345,0.00043186302498566956,3.7829600331820767,3.7066401588461577,0.023623091427705994,0.9887257796514742,0.495,1.0,0.5,1.0
0.47456755,133,27011,0.0,0.03589426655775133,5.714403130260571,0.0004042415249924538,3.4659206072246294,2.2484825230359418,0.021645021507098645,0.9937255861508482,0.5985,1.0,0.6,0.9999723
0.45115000000000005,114,27011,0.0075,0.02884635725710463,4.570993770960801,0.0003715200315348493,3.2280594117905217,1.342934359170279,0.020161531903305847,0.9891002969922512,0.695,1.0,0.7,0.99280915
0.48918249999999996,100,27011,0.0885,0.02359376221263472,3.766744137247132,0.00039143205559539416,3.0274100130068016,0.7393341242403304,0.01891269210345203,0.9965282242509966,0.79825,1.0,0.8,0.918255
0.50714,89,27011,0.256,0.019374987050896353,3.1038729255535955,-9.134408690527466e-05,2.7869408695320095,0.31693205602158603,0.01742835393711619,0.9999612998747864,0.9,1.0,0.9,0.744384625
0.500575,80,27011,0.4755,0.016421818209758948,2.6274909135614313,nan,2.6257185875448084,0.001772326016622916,0.016421818209758948,0.9987129087388629,1.0,1.0,1.0,0.517848
0.9984625,1000,27011,0.0,0.24847125319322502,49.07307250566193,0.00038127046220092035,3.9927272887464182,45.08034521691552,0.024880156256889545,1.2327862467245339,0.09875,1.25,0.1,1.0
0.9995812499999999,500,27011,0.0,0.15837504333731073,32.189727558308405,0.00042791404823690676,5.218374478184148,26.971353080124256,0.032530668076241165,1.2686774918823367,0.20325,1.25,0.2,1.0
0.9993024125000001,333,27011,0.0,0.10919277025640615,21.871257285973027,0.0001259044949598326,5.2798404423345255,16.591416843638502,0.03292776437271481,1.2502606016496243,0.30075,1.25,0.3,1.0
0.999575,250,27011,0.0,0.0820901824578398,16.66430703894148,0.00029646126295602185,5.367149191168146,11.297157847773335,0.03350471206807883,1.2671170029624323,0.406,1.25,0.4,1.0
0.998625,200,27011,0.0,0.06341695213476768,12.556556522684,0.00043186302498566956,5.062741281333025,7.493815241350974,0.031609482134327765,1.2359072245643428,0.495,1.25,0.5,1.0
0.999212125,167,27011,0.0,0.04983639241578346,9.962245007522696,0.0004042415249924538,4.80339692853444,5.158848078988257,0.029989383833130868,1.2477606983999372,0.5985,1.25,0.6,1.0
0.9988175,143,27011,0.0,0.04051595175366394,8.053355730075783,0.0003715200315348493,4.525550002227192,3.527805727848591,0.028271900078414566,1.2407135304376484,0.695,1.25,0.7,1.0
0.9990859375,125,27011,0.0,0.03343528961582774,6.672429983958624,0.00039143205559539416,4.282583984489313,2.389845999469311,0.02676869135305087,1.2456602803137458,0.79825,1.25,0.8,0.999840625
0.999175,111,27011,0.016,0.027810415620765947,5.556521041029036,-9.134408690527466e-05,4.002823454122308,1.5536975869067282,0.025020239649998825,1.247142744787655,0.9,1.25,0.9,0.98305255
0.9992500000000001,100,27011,0.0475,0.02329037385226405,4.658074770452811,nan,3.7235110195161534,0.9345637509366576,0.02329037385226405,1.2483911359235786,1.0,1.25,1.0,0.9521624999999999
1.0,1200,27011,0.0,0.27178062676632875,64.41200854361993,0.00038127046220092035,4.362336125082617,60.04967241853731,0.02718195689723354,1.4793434960694405,0.09875,1.5,0.1,1.0
1.0,600,27011,0.0,0.18085417103102633,44.110332314467335,0.00042791404823690676,5.950796333464429,38.159535981002904,0.03709955077998886,1.522412990258804,0.20325,1.5,0.2,1.0
1.0,400,27011,0.0,0.13032989881067084,31.357373653847407,0.0001259044949598326,6.30092543561551,25.056448218231896,0.039284755785409915,1.5018145365160651,0.30075,1.5,0.3,1.0
1.0,300,27011,0.0,0.09934536435609347,24.200530757144374,0.00029646126295602185,6.490586065578699,17.709944691565674,0.040510315918769836,1.5205404035549188,0.406,1.5,0.4,1.0
1.0,240,27011,0.0,0.07758750129037308,18.434790306592642,0.00043186302498566956,6.186439610341904,12.24835069625074,0.03862390396635244,1.4830886694772114,0.495,1.5,0.5,1.0
1.0,200,27011,0.0,0.06277529705366504,15.028406114647405,0.0004042415249924538,6.04434089730685,8.984065217340554,0.037733318258903,1.4943241897005235,0.5985,1.5,0.6,1.0
1.0,171,27011,0.0,0.05175134218495712,12.300776523942455,0.0003715200315348493,5.777168972052057,6.5236075518903975,0.03608049642816333,1.4836504454883765,0.695,1.5,0.7,1.0
1.0,150,27011,0.0,0.043310351445156346,10.37174641232882,0.00039143205559539416,5.546131201417075,4.825615210911745,0.03465145945831243,1.4947923363764948,0.79825,1.5,0.8,1.0
1.0,133,27011,0.0,0.036593323719533055,8.760441698456212,-9.134408690527466e-05,5.266511347422821,3.4939303510333914,0.03292485693888922,1.4943241897005235,0.9,1.5,0.9,0.9999942
1.0,120,27011,0.0,0.03131777336767994,7.516265608243185,nan,5.008605550146551,2.5076600580966346,0.03131777336767994,1.4980693631082942,1.0,1.5,1.0,0.999888
1.0,1600,27011,0.0,0.30813448357423484,97.37049680945827,0.00038127046220092035,4.939730990290799,92.43076581916748,0.030771900257014265,1.9724579947592542,0.09875,2.0,0.1,1.0
1.0,800,27011,0.0,0.21909657121205695,71.2502049581609,0.00042791404823690676,7.197783781942763,64.05242117621813,0.044872318616783334,2.0298839870117384,0.20325,2.0,0.2,1.0
1.0,533,27011,0.0,0.16513065555202702,52.940805604652084,0.0001259044949598326,7.97999451708108,44.960811087571,0.0497510833753728,2.0011678699076567,0.30075,2.0,0.3,1.0
1.0,400,27011,0.0,0.1294084708652061,42.031871337018934,0.00029646126295602185,8.44598361012248,33.58588772689645,0.05271593716146956,2.0273872047398918,0.406,2.0,0.4,1.0
1.0,320,27011,0.0,0.10634881938981101,33.691305982692136,0.00043186302498566956,8.470547264850858,25.220758717841278,0.052860756425574223,1.9774515593029485,0.495,2.0,0.5,1.0
1.0,267,27011,0.0,0.08769100982111531,28.025959047818628,0.0004042415249924538,8.435826460815093,19.590132587003534,0.05264537235022199,1.9949227932501987,0.5985,2.0,0.6,1.0
1.0,229,27011,0.0,0.07441708710441947,23.68770299620776,0.0003715200315348493,8.300058549180658,15.387644447027103,0.051833189147189665,1.9868769123791714,0.695,2.0,0.7,1.0
1.0,200,27011,0.0,0.06314541072450412,20.162329644334164,0.00039143205559539416,8.082041541247765,12.0802881030864,0.05048479552805178,1.9930564485019933,0.79825,2.0,0.8,1.0
1.0,178,27011,0.0,0.05468745441093129,17.52186039326238,-9.134408690527466e-05,7.873511056840081,9.6483493364223,0.04920957456114763,1.9999225997495729,0.9,2.0,0.9,1.0
1.0,160,27011,0.0,0.04756919067255147,15.22214101521647,nan,7.609011633827256,7.613129381389214,0.04756919067255147,1.9974258174777257,1.0,2.0,1.0,1.0
0.0,200,27012,0.0,0.06453091551047105,2.510252613357324,-0.00018737803579206713,0.9772180247775294,1.5330345885797945,0.006106476011582021,0.24305618471770177,0.09725,0.25,0.1,0.9999100000000001
0.0,100,27012,0.228,0.023708462485155235,0.9661198462700756,-0.00016767228509043613,0.7522049165185635,0.21391492975151216,0.004697090174347119,0.25461541201147425,0.20375,0.25,0.2,0.7755799999999999
0.0,67,27012,0.598,0.012209412510152364,0.4928634595035756,-0.00025767994768212957,0.5590772300875873,-0.06621377058401168,0.0034980316552405116,0.25222546366559967,0.30125,0.25,0.3,0.4044415
0.0,50,27012,0.7195,0.007600230791427775,0.3047692547362539,-0.00039985504910860045,0.44866285672184697,-0.1438936019855931,0.0028081793729464867,0.2505540618812299,0.401,0.25,0.4,0.28632124999999997
0.0,40,27012,0.727,0.004903386084723258,0.19868520415298638,-0.0005544396497001445,0.3527067634277805,-0.15402155927479413,0.0022099490847853087,0.25317831888846465,0.5065,0.25,0.5,0.275939
0.0,33,27012,0.7425,0.00343342062598591,0.1376063485585763,-0.0006120615959488481,0.294774890272556,-0.15716854171397968,0.0018445574833210344,0.2504197249153833,0.60725,0.25,0.6,0.26052675000000003
0.0,29,27012,0.744,0.0027222284651841726,0.11087772650118395,-0.0006371721100922006,0.2752884327458922,-0.16441070624470827,0.0017219669438956326,0.2544935715075669,0.70225,0.25,0.7,0.25721217500000004
0.0,25,27012,0.73,0.001891149292572743,0.0754095780413381,-0.0003991916018627593,0.22904964708293038,-0.15364006904159228,0.0014273552614495536,0.24914820991306835,0.7975,0.25,0.8,0.259740625
0.0,22,27012,0.722,0.001439259984141945,0.05699469537202103,4.675436496410588e-05,0.20890028126555307,-0.15190558589353204,0.0013000094222241612,0.24742994639642654,0.9,0.25,0.9,0.268094
0.0,20,27012,0.725,0.0011703768297533247,0.04681507319013299,nan,0.18783017162410523,-0.14101509843397225,0.0011703768297533247,0.2499292387842692,1.0,0.25,1.0,0.2704885
0.0,400,27012,0.0,0.13087434715597174,10.1820242087346,-0.00018737803579206713,2.0092736289122386,8.172750579822361,0.012558374739106964,0.48611236943540354,0.09725,0.5,0.1,1.0
0.0,200,27012,0.0,0.0628832972207851,5.124988723493986,-0.00016767228509043613,2.0289041937751713,3.0960845297188144,0.012678962751731707,0.5092308240229485,0.20375,0.5,0.2,1.0
0.0,133,27012,0.001,0.036594033190276466,2.932371364619829,-0.00025767994768212957,1.7326701065907086,1.1997012580291202,0.010843898635127896,0.5006863681720114,0.30125,0.5,0.3,0.998067775
0.0,100,27012,0.1325,0.02423547313120289,1.9436849451224714,-0.00039985504910860045,1.5131395946520516,0.43054535047041975,0.009478911551196307,0.5011081237624598,0.401,0.5,0.4,0.8786849999999999
0.0,80,27012,0.451,0.016651924599169057,1.34947196951666,-0.0005544396497001445,1.3035833220142028,0.045888647502457136,0.008160583842352104,0.5063566377769293,0.5065,0.5,0.5,0.551732
0.0,67,27012,0.6795,0.012161975505973008,0.9896381898842828,-0.0006120615959488481,1.1405503337789746,-0.15091214389469187,0.0071449724341932,0.508427926343354,0.60725,0.5,0.6,0.32756315
0.0,57,27012,0.782,0.008835994407993462,0.7073787863235286,-0.0006371721100922006,0.9608747366895146,-0.25349595036598604,0.006015359077233456,0.5002115026183211,0.70225,0.5,0.7,0.21906844999999997
0.0,50,27012,0.8705,0.007032460506066447,0.5608387253587991,-0.0003991916018627593,0.8835933093290683,-0.32275458397026924,0.005527550954210783,0.4982964198261367,0.7975,0.5,0.8,0.13641125
0.0,44,27012,0.883,0.005658880174289008,0.44818330980368953,4.675436496410588e-05,0.8159234296523827,-0.3677401198486932,0.005097667593356518,0.4948598927928531,0.9,0.5,0.9,0.1166582
0.0,40,27012,0.899,0.004693597136436079,0.3754877709148863,nan,0.7516212189763419,-0.37613344806145566,0.004693597136436079,0.4998584775685384,1.0,0.5,1.0,0.09905900000000002
0.00029999999999996696,600,27012,0.0,0.18205494650347356,21.245812256955364,-0.00018737803579206713,2.8048273480089434,18.440984908946422,0.017535688025651513,0.7291685541531053,0.09725,0.75,0.1,1.0
0.0007937500000000236,300,27012,0.0,0.09962277541612036,12.178884294620715,-0.00016767228509043613,3.227127560109319,8.951756734511397,0.020164631434031265,0.7638462360344227,0.20375,0.75,0.2,1.0
0.0005625000000000213,200,27012,0.0,0.06292653442331923,7.582647398009969,-0.00025767994768212957,3.001376196624857,4.581271201385112,0.018776564631582032,0.7529118318376109,0.30125,0.75,0.3,1.0
0.000537500000000013,150,27012,0.0,0.043504211572735575,5.23355665220009,-0.00039985504910860045,2.7477087437321424,2.4858479084679472,0.01720567566625092,0.7516621856436897,0.401,0.75,0.4,0.99997375
0.000681000000000036,120,27012,0.004,0.03158763678621475,3.839793127732264,-0.0005544396497001445,2.5101000669753017,1.3296930607569624,0.015725522065090747,0.7595349566653941,0.5065,0.75,0.5,0.996381
0.0006700000000000372,100,27012,0.1375,0.023714078676948785,2.880074855315429,-0.0006120615959488481,2.2601548466133936,0.6199200087020356,0.01415998708476824,0.7588476512587373,0.60725,0.75,0.6,0.8761125000000001
0.0005983750000000333,86,27012,0.327,0.01834963541450284,2.2163974128115544,-0.0006371721100922006,2.0268380646767037,0.18955934813485076,0.012696313474054666,0.7547050741258882,0.70225,0.75,0.7,0.6752293500000001
0.0004531249999999848,75,27012,0.5925,0.014358681391734206,1.7176572614862042,-0.0003991916018627593,1.8166996919295493,-0.09904243044334504,0.01137021211053082,0.747444629739205,0.7975,0.75,0.8,0.40998
0.0005750000000000256,67,27012,0.766,0.011658307201304403,1.4059918484773108,4.675436496410588e-05,1.677306431529679,-0.2713145830523682,0.010497151917670372,0.7535366549345717,0.9,0.75,0.9,0.234607375
0.0005000000000000004,60,27012,0.8595,0.00937764288544627,1.1253171462535525,nan,1.4990865182740625,-0.37376937202050997,0.00937764288544627,0.7497877163528076,1.0,0.75,1.0,0.14391150000000003
0.363955,800,27012,0.0,0.21840749822955022,33.984206724518025,-0.00018737803579206713,3.370177013062265,30.61402971145576,0.02107097368101247,0.9722247388708071,0.09725,1.0,0.1,1.0
0.6041,400,27012,0.0,0.13137387733063974,21.413942004894274,-0.00016767228509043613,4.261853272756427,17.152088732137848,0.026633918449114585,1.018461648045897,0.20375,1.0,0.2,1.0
0.533229625,267,27012,0.0,0.08821053728013802,14.190208605912602,-0.00025767994768212957,4.218702159614037,9.971506446298566,0.026393370492198687,1.0051372955032105,0.30125,1.0,0.3,1.0
0.517545,200,27012,0.0,0.06290943692780246,10.090673683219515,-0.00039985504910860045,3.991441443230109,6.099232239989407,0.024987171033632738,1.0022162475249197,0.401,1.0,0.4,1.0
0.574246,160,27012,0.0,0.047732372199602746,7.736462886111613,-0.0005544396497001445,3.8173593887390393,3.9191034973725736,0.023902830551971767,1.0127132755538586,0.5065,1.0,0.5,1.0
0.5556307875000001,133,27012,0.0,0.03650007667451623,5.895802635119595,-0.0006120615959488481,3.5018645415299403,2.3939380935896546,0.02192428436879107,1.0092673761741207,0.60725,1.0,0.6,0.9999725
0.50791615,114,27012,0.006,0.028551836249292296,4.571520157382937,-0.0006371721100922006,3.171516432772521,1.4000037246104164,0.019860809010285564,1.0004230052366423,0.70225,1.0,0.7,0.9952815999999999
0.48773750000000005,100,27012,0.0655,0.023358012435885155,3.7256029835236824,-0.0003991916018627593,2.964872868040295,0.7607301154833874,0.018547178618241206,0.9965928396522734,0.7975,1.0,0.8,0.9312750000000001
0.510835,89,27012,0.2745,0.019229225466414115,3.080521919719541,4.675436496410588e-05,2.7674128164238647,0.3131091032956763,0.017310978356269113,1.0009666013309981,0.9,1.0,0.9,0.7278912000000001
0.504125,80,27012,0.513,0.016151823992905455,2.584291838864872,nan,2.5811847085566417,0.003107130308230399,0.016151823992905455,0.9997169551370768,1.0,1.0,1.0,0.500606
0.9968125,1000,27012,0.0,0.24815927434578236,48.26697886025466,-0.00018737803579206713,3.833087182478716,44.43389167777595,0.02396433390831604,1.215280923588509,0.09725,1.25,0.1,1.0
0.99955625,500,27012,0.0,0.15566883225798483,31.717524572564404,-0.00016767228509043613,5.054336663149662,26.66318790941474,0.03158401551556115,1.273077060057371,0.20375,1.25,0.2,1.0
0.9992423125000001,333,27012,0.0,0.11055636805586873,22.18120051396908,-0.00025767994768212957,5.2961754199858895,16.88502509398319,0.033125052013387564,1.2535982000096224,0.30125,1.25,0.3,1.0
0.9992125000000001,250,27012,0.0,0.0826108691348006,16.56347926152753,-0.00039985504910860045,5.254761943724143,11.308717317803387,0.032887445348639,1.2527703094061495,0.401,1.25,0.4,1.0
0.99947,200,27012,0.0,0.06375019367208372,12.915789237964162,-0.0005544396497001445,5.113962728938062,7.8018265090261005,0.03201585712778338,1.2658915944423232,0.5065,1.25,0.5,1.0
0.9994866125,167,27012,0.0,0.04977018458867649,10.094463493552247,-0.0006120615959488481,4.789374880843573,5.3050886127086745,0.029982557399664884,1.2672755776020914,0.60725,1.25,0.6,1.0
0.9992897875000001,143,27012,0.0,0.04028964739682561,8.091913796944343,-0.0006371721100922006,4.489936267614617,3.6019775293297265,0.028103686888640834,1.2549165767442094,0.70225,1.25,0.7,1.0
0.9989281250000001,125,27012,0.0,0.032532423897586406,6.486152014581291,-0.0003991916018627593,4.132413451504751,2.353738563076541,0.02586377175894795,1.2457410495653418,0.7975,1.25,0.8,0.999959375
0.9990450000000001,111,27012,0.006,0.027406365969392988,5.47579192068472,4.675436496410588e-05,3.942500025585673,1.5332918950990466,0.0246704048089501,1.2483965477274246,0.9,1.25,0.9,0.99517585
0.9991,100,27012,0.058,0.023491122265044094,4.6982244530088195,nan,3.7551237470218584,0.9431007059869612,0.023491122265044094,1.2496461939213461,1.0,1.25,1.0,0.939105
1.0,1200,27012,0.0,0.2718685712357661,63.454124526427826,-0.00018737803579206713,4.201511530398099,59.252612996029725,0.026270063030866958,1.4583371083062107,0.09725,1.5,0.1,1.0
1.0,600,27012,0.0,0.1814884584785134,44.37392809799652,-0.00016767228509043613,5.896359994434385,38.477568103562135,0.03684476435799384,1.5276924720688454,0.20375,1.5,0.2,1.0
1.0,400,27012,0.0,0.1309157550153838,31.550696958707494,-0.00025767994768212957,6.277718933639472,25.27297802506802,0.03925831733494148,1.5058236636752218,0.30125,1.5,0.3,1.0
1.0,300,27012,0.0,0.10059994495382292,24.204346755889805,-0.00039985504910860045,6.407571834101458,17.796774921788348,0.04010106475206695,1.5033243712873794,0.401,1.5,0.4,1.0
1.0,240,27012,0.0,0.07881072454010724,19.16046335019087,-0.0005544396497001445,6.332622432617071,12.827840917573798,0.03964401601243729,1.5190699133307881,0.5065,1.5,0.5,1.0
1.0,200,27012,0.0,0.06320094931662087,15.35151058900721,-0.0006120615959488481,6.093616382489027,9.257894206518184,0.03813838928070912,1.5176953025174746,0.60725,1.5,0.6,1.0
1.0,171,27012,0.0,0.05106830424926026,12.265049097392714,-0.0006371721100922006,5.696937761299875,6.568111336092839,0.035672998663263074,1.5006345078549639,0.70225,1.5,0.7,1.0
1.0,150,27012,0.0,0.04322207398248613,10.340881200309806,-0.0003991916018627593,5.496803404555789,4.844077795754017,0.034388767701655484,1.49488925947841,0.7975,1.5,0.8,1.0
1.0,133,27012,0.0,0.035688457589081415,8.54381674682609,4.675436496410588e-05,5.132062679713958,3.411754067112132,0.03212428726666968,1.4958264941238513,0.9,1.5,0.9,1.0
1.0,120,27012,0.0,0.03082301011876808,7.397522428504341,nan,4.927153569235512,2.470368859268829,0.03082301011876808,1.4995754327056152,1.0,1.5,1.0,0.999933
1.0,1600,27012,0.0,0.3073346945823423,95.64255695402493,-0.00018737803579206713,4.7527301232815065,90.88982683074342,0.0297191435263215,1.9444494777416141,0.09725,2.0,0.1,1.0
1.0,800,27012,0.0,0.21917446310564787,71.4508749724412,-0.00016767228509043613,7.125018131411928,64.32585684102926,0.044523287800772485,2.036923296091794,0.20375,2.0,0.2,1.0
1.0,533,27012,0.0,0.1661596854704785,53.35927519434842,-0.00025767994768212957,7.976390266288306,45.382884928060115,0.04987555138453875,2.0065100318472333,0.30125,2.0,0.3,1.0
1.0,400,27012,0.0,0.13247776401918834,42.49886669735564,-0.00039985504910860045,8.453054733457739,34.0458119638979,0.05288407019727848,2.0044324950498393,0.401,2.0,0.4,1.0
1.0,320,27012,0.0,0.10650479960449924,34.524595839794465,-0.0005544396497001445,8.574473937883907,25.950121901910556,0.053671065032551854,2.025426551107717,0.5065,2.0,0.5,1.0
1.0,267,27012,0.0,0.08808959252424033,28.5649443022242,-0.0006120615959488481,8.508185781714095,20.0567585205101,0.05325201786853603,2.0261232288608286,0.60725,2.0,0.6,1.0
1.0,229,27012,0.0,0.07356786465494096,23.661669092900986,-0.0006371721100922006,8.225293221306908,15.436375871594079,0.051473314958152334,2.0096216508700975,0.70225,2.0,0.7,1.0
1.0,200,27012,0.0,0.06236198730914004,19.893473951615672,-0.0003991916018627593,7.938665864843262,11.95480808677241,0.049652848579661964,1.9931856793045468,0.7975,2.0,0.8,1.0
1.0,178,27012,0.0,0.05454971261701715,17.477727922492296,4.675436496410588e-05,7.8463179293791665,9.63140999311313,0.049099416791811845,2.0019332026619963,0.9,2.0,0.9,1.0
1.0,160,27012,0.0,0.04693337663222705,15.018680522312653,nan,7.503670390386075,7.515010131926578,0.04693337663222705,1.9994339102741536,1.0,2.0,1.0,1.0
0.0,200,27013,0.0,0.060839200266373065,2.208462969669343,-0.00035265913664543006,0.8293186684395465,1.3791443012297964,0.005200502104178499,0.22686585447024166,0.09075,0.25,0.1,0.99992
0.0,100,27013,0.2085,0.0231570608161541,0.8857575762178943,-0.0002957882565285038,0.668649352480814,0.21710822373708027,0.004189569128622044,0.239052863181453,0.19125,0.25,0.2,0.7785
0.0,67,27013,0.5785,0.0111932380698853,0.43534420487108394,-0.00022460254300348301,0.4914587011938127,-0.056114496322728746,0.0030894256948874863,0.24307457605615276,0.29025,0.25,0.3,0.4243363
0.0,50,27013,0.7025,0.006419851138718267,0.24571980233444163,-9.200963144917669e-05,0.3818115558746234,-0.13609175354018177,0.002400405078332412,0.23920910688287877,0.38275,0.25,0.4,0.30088625
0.0,40,27013,0.733,0.0043747553928497355,0.16956551902685574,-0.0002423767128941563,0.3172758534606683,-0.14771033443381254,0.001994623792338759,0.242240234690539,0.4845,0.25,0.5,0.266554
0.0,33,27013,0.73,0.003034027086334326,0.11849544487033024,-0.0003482767448669351,0.2625879383065217,-0.14409249343619146,0.001653201547246411,0.24408703524139183,0.59175,0.25,0.6,0.27190915000000004
0.0,29,27013,0.777,0.0024440402614256205,0.09919259603008952,-3.877218301351727e-05,0.27039828105110764,-0.17120568502101813,0.001698575824982769,0.25364914976864994,0.69975,0.25,0.7,0.23038430000000001
0.0,25,27013,0.737,0.0015085492532827688,0.06047396819097301,0.00033206185948716035,0.20233174441916857,-0.14185777622819556,0.0012753106274627894,0.2505367752362483,0.80175,0.25,0.8,0.26967125000000003
0.0,22,27013,0.6935,0.0010544228171181782,0.04161595974602027,0.0005084634088376511,0.1581399409032721,-0.11652398115725184,0.000998188998065284,0.24666505631491734,0.897,0.25,0.9,0.308409
0.0,20,27013,0.7035,0.0009845771140995956,0.03938308456398383,nan,0.15695007399514135,-0.11756698943115752,0.0009845771140995956,0.24998992228125805,1.0,0.25,1.0,0.30614849999999993
0.0,400,27013,0.0,0.12982154555200884,9.425044207075842,-0.00035265913664543006,1.8301115077678467,7.5949326993079955,0.011460649938849946,0.4537317089404833,0.09075,0.5,0.1,1.0
0.0,200,27013,0.0,0.06279398819241726,4.803740096719921,-0.0002957882565285038,1.8804261771333068,2.9233139195866142,0.011770131489332373,0.478105726362906,0.19125,0.5,0.2,1.0
0.0,133,27013,0.005,0.03458826572017268,2.670438937324512,-0.00022460254300348301,1.5762883377818793,1.0941505995426328,0.009879832470383399,0.4825211733651988,0.29025,0.5,0.3,0.996947075
0.0,100,27013,0.1615,0.022816249327187215,1.7465838859961813,-9.200963144917669e-05,1.3836985830855282,0.36288530291065313,0.008676126484968901,0.47841821376575755,0.38275,0.5,0.4,0.844495
0.0,80,27013,0.4695,0.015982375126716634,1.2389537198230738,-0.0002423767128941563,1.215565574918688,0.023388144904385788,0.007618515553397272,0.484480469381078,0.4845,0.5,0.5,0.535172
0.0,67,27013,0.6785,0.011588431607407322,0.9188988900935599,-0.0003482767448669351,1.070714340839608,-0.1518154507460482,0.006715270422591357,0.49557064730828043,0.59175,0.5,0.6,0.32372342499999995
0.0,57,27013,0.8045,0.008985320291131171,0.7167724776039702,-3.877218301351727e-05,1.0012420171354046,-0.2844695395314344,0.006275836525769228,0.49855177713148446,0.69975,0.5,0.7,0.191004325
0.0,50,27013,0.8465,0.006652475758701786,0.5333622439539156,0.00033206185948716035,0.8612421200236137,-0.32787987606969804,0.005399453703182486,0.5010735504724966,0.80175,0.5,0.8,0.14665625
0.0,44,27013,0.8715,0.005242583478353105,0.41382856944728064,0.0005084634088376511,0.758902680784137,-0.3450741113368564,0.004754969111193013,0.49333011262983467,0.897,0.5,0.9,0.1240773
0.0,40,27013,0.8835,0.004308835061044975,0.34470680488359806,nan,0.687094212878683,-0.34238740799508494,0.004308835061044975,0.4999798445625161,1.0,0.5,1.0,0.11159300000000001
0.0,600,27013,0.0,0.17951913490699878,19.54963379137217,-0.00035265913664543006,2.551388837271718,16.99824495410045,0.01597070617281528,0.680597563410725,0.09075,0.75,0.1,1.0
0.00011874999999998692,300,27013,0.0,0.09896464570382738,11.356193094514188,-0.0002957882565285038,2.9865240421114025,8.369669052402784,0.018687769738389558,0.7171585895443591,0.19125,0.75,0.2,1.0
0.00017749999999998046,200,27013,0.0,0.062268333284437566,7.229353494323202,-0.00022460254300348301,2.861829874612526,4.367523619710676,0.017913972080911278,0.7255957494213515,0.29025,0.75,0.3,1.0
0.00012062499999998671,150,27013,0.0,0.04255173378069155,4.8860028313679065,-9.200963144917669e-05,2.590449835678622,2.2955529956892846,0.01622988315954768,0.7176273206486362,0.38275,0.75,0.4,1.0
0.00018199999999997995,120,27013,0.0045,0.030544606136733835,3.5517268015794103,-0.0002423767128941563,2.3429660133761123,1.208760788203298,0.014673916477750605,0.7267207040716172,0.4845,0.75,0.5,0.99653
0.0003187499999999649,100,27013,0.097,0.023410529357530744,2.7706361494637637,-0.0003482767448669351,2.187997465727395,0.5826386837363686,0.013710996766226892,0.7396576825496722,0.59175,0.75,0.6,0.9097274999999999
0.0005017749999999645,86,27013,0.3455,0.018009895724127083,2.167617019668763,-3.877218301351727e-05,2.0110470989872846,0.15656992068147835,0.012590783185008118,0.7522009269001344,0.69975,0.75,0.7,0.6601114
0.0004946874999999601,75,27013,0.614,0.014001030486528707,1.6837989288861586,0.00033206185948716035,1.8028217704202953,-0.11902284153413678,0.011291157456217718,0.7516103257087449,0.80175,0.75,0.8,0.3860075
0.0004898499999999571,67,27013,0.7715,0.011768172796885825,1.414510833840082,0.0005084634088376511,1.6949442156204197,-0.2804333817803377,0.01060842272991686,0.7512072169590664,0.897,0.75,0.9,0.22688935
0.0004749999999999477,60,27013,0.82,0.009263739701268583,1.1116487641522304,nan,1.478813980051336,-0.36716521589910567,0.009263739701268583,0.7499697668437741,1.0,0.75,1.0,0.1770015
0.115175,800,27013,0.0,0.2170138041280854,31.51040435939801,-0.00035265913664543006,3.096604361900952,28.41379999749706,0.019373347404628892,0.9074634178809666,0.09075,1.0,0.1,1.0
0.286675,400,27013,0.0,0.130277469196185,19.932452787016295,-0.0002957882565285038,3.9445611725552814,15.987891614461013,0.024676347231302947,0.956211452725812,0.19125,1.0,0.2,1.0
0.346332275,267,27013,0.0,0.0871909894181054,13.51403661837512,-0.00022460254300348301,4.017787646729853,9.496248971645269,0.025147773023708367,0.9686703254775043,0.29025,1.0,0.3,1.0
0.28969500000000004,200,27013,0.0,0.06291880951429087,9.63286973663793,-9.200963144917669e-05,3.8391748541433213,5.793694882494609,0.024025381396582824,0.9568364275315151,0.38275,1.0,0.4,1.0
0.34770300000000004,160,27013,0.0,0.047140755838450385,7.308702785193347,-0.0002423767128941563,3.628238593339509,3.680464191853838,0.022714751008232274,0.968960938762156,0.4845,1.0,0.5,1.0
0.4209394875,133,27013,0.0,0.03571898898619468,5.622365320866467,-0.0003482767448669351,3.352180390261997,2.27018493060447,0.020994527751488783,0.983744717791064,0.59175,1.0,0.6,0.999910175
0.48905825,114,27013,0.005,0.028409549473859992,4.532544751708045,-3.877218301351727e-05,3.175108454463695,1.3574362972443499,0.01986794089638372,0.9971035542629689,0.69975,1.0,0.7,0.9958288999999999
0.51549625,100,27013,0.0815,0.022707317024885005,3.6411182849403105,0.00033206185948716035,2.9194502399829867,0.7216680449573238,0.01827142268834488,1.0021471009449932,0.80175,1.0,0.8,0.9163625
0.4930865,89,27013,0.299,0.01910183634306786,3.0499138015522735,0.0005084634088376511,2.7454135134539714,0.3045002880983021,0.01718671893084215,0.9978722732739836,0.897,1.0,0.9,0.717414075
0.5040250000000001,80,27013,0.481,0.015765733665808145,2.522517386529303,nan,2.5168695231759624,0.005647863353340554,0.015765733665808145,0.9999596891250322,1.0,1.0,1.0,0.511424
0.9560875,1000,27013,0.0,0.247501558554771,44.921532877690915,-0.00035265913664543006,3.5391842206356383,41.382348657055275,0.022140111118850607,1.1343292723512084,0.09075,1.25,0.1,1.0
0.99350625,500,27013,0.0,0.15695559863770908,30.01775823946186,-0.0002957882565285038,4.760789334472248,25.256968904989613,0.029778539486994434,1.1952643159072651,0.19125,1.25,0.2,1.0
0.9955355250000001,333,27013,0.0,0.11018498284018496,21.29947338539622,-0.00022460254300348301,5.085382082547008,16.214091302849212,0.031821779614466965,1.2081169227865503,0.29025,1.25,0.3,1.0
0.993646875,250,27013,0.0,0.08147060824139234,15.591437652196454,-9.200963144917669e-05,4.97375115839676,10.617686493799695,0.031126082359380917,1.1960455344143939,0.38275,1.25,0.4,1.0
0.995955,200,27013,0.0,0.06383524441028242,12.371270366712732,-0.0002423767128941563,4.9216414412209994,7.449628925491733,0.030803230721284894,1.211201173452695,0.4845,1.25,0.5,1.0
0.9985166875,167,27013,0.0,0.05018397820976866,9.91858728128062,-0.0003482767448669351,4.720337692356347,5.1982495889242735,0.029554185124538678,1.2352283298579527,0.59175,1.25,0.6,1.0
0.9992789125,143,27013,0.0,0.040394350531164226,8.084060780276099,-3.877218301351727e-05,4.51449223710505,3.569568543171049,0.02825430543623236,1.2507527040316189,0.69975,1.25,0.7,1.0
0.9993484374999999,125,27013,0.0,0.03245464322854482,6.505127552121452,0.00033206185948716035,4.168563835383297,2.336563716738156,0.026086341472129133,1.2526838761812413,0.80175,1.25,0.8,0.9999250000000001
0.9990118499999999,111,27013,0.0045,0.027241289799518748,5.424667002937366,0.0005084634088376511,3.9117769087278464,1.5128900942095198,0.024487808681278592,1.244537329588901,0.897,1.25,0.9,0.9960287250000001
0.99925,100,27013,0.0595,0.022468435468605562,4.493687093721114,nan,3.5882760199981845,0.9054110737229295,0.022468435468605562,1.2499496114062902,1.0,1.25,1.0,0.9460775
1.0,1200,27013,0.0,0.2708749455441596,58.99656313951794,-0.00035265913664543006,3.8794096360981087,55.11715350341983,0.024261245988137625,1.36119512682145,0.09075,1.5,0.1,1.0
1.0,600,27013,0.0,0.17974819961149927,41.25221181083907,-0.0002957882565285038,5.45765404129225,35.79455776954682,0.03413762442323181,1.4343171790887181,0.19125,1.5,0.2,1.0
1.0,400,27013,0.0,0.12967795994038872,30.11122229815826,-0.00022460254300348301,5.989985358846996,24.121236939311267,0.037479616217801104,1.451191498842703,0.29025,1.5,0.3,1.0
1.0,300,27013,0.0,0.10042772265250735,23.06322650714831,-9.200963144917669e-05,6.134812533832382,16.92841397331593,0.03838191790023518,1.4352546412972724,0.38275,1.5,0.4,1.0
1.0,240,27013,0.0,0.07806283516629725,18.154292946274083,-0.0002423767128941563,6.025051652719388,12.129241293554696,0.03769649844257408,1.4534414081432343,0.4845,1.5,0.5,1.0
1.0,200,27013,0.0,0.06313936078624095,14.945086698103237,-0.0003482767448669351,5.946137314966311,8.998949383136926,0.03722053276416617,1.4793153650993445,0.59175,1.5,0.6,1.0
1.0,171,27013,0.0,0.05160205215196941,12.349119309722482,-3.877218301351727e-05,5.772527595422409,6.576591714300073,0.03609689464539078,1.4956553313944532,0.69975,1.5,0.7,1.0
1.0,150,27013,0.0,0.042449721615908265,10.210219291666338,0.00033206185948716035,5.4496361751702755,4.760583116496062,0.034099895569197784,1.5032206514174897,0.80175,1.5,0.8,1.0
1.0,133,27013,0.0,0.03617336402766509,8.631037003728947,0.0005084634088376511,5.194480324392415,3.4365566793365323,0.03249987926392586,1.4912023859038184,0.897,1.5,0.9,0.999999875
1.0,120,27013,0.0,0.030696620912172654,7.3671890189214375,nan,4.902248306613461,2.4649407123079765,0.030696620912172654,1.4999395336875483,1.0,1.5,1.0,0.9999100000000001
1.0,1600,27013,0.0,0.30686735643897634,89.11428030987872,-0.00035265913664543006,4.400859311484782,84.71342099839394,0.02752755727684224,1.8149268357619333,0.09075,2.0,0.1,1.0
1.0,800,27013,0.0,0.2182132067799011,66.77324127464978,-0.0002957882565285038,6.636472521903037,60.13676875274674,0.04149405704418867,1.912422905451624,0.19125,2.0,0.2,1.0
1.0,533,27013,0.0,0.165288929912316,51.141469292915,-0.00022460254300348301,7.642848646183349,43.49862064673165,0.04781570025215301,1.9337126722079014,0.29025,2.0,0.3,1.0
1.0,400,27013,0.0,0.13033772634836646,39.909411807869795,-9.200963144917669e-05,7.965404651075092,31.944007156794704,0.04982997181482526,1.9136728550630302,0.38275,2.0,0.4,1.0
1.0,320,27013,0.0,0.10647783352526848,33.01664661951526,-0.0002423767128941563,8.22779737650247,24.788849243012784,0.051463565147495643,1.937921877524312,0.4845,2.0,0.5,1.0
1.0,267,27013,0.0,0.08834238202959441,27.915706838250685,-0.0003482767448669351,8.333340223804592,19.582366614446094,0.05213442058492058,1.9748860124076248,0.59175,2.0,0.6,1.0
1.0,229,27013,0.0,0.07498765496725793,24.032456096009142,-3.877218301351727e-05,8.385686693204631,15.64676940280451,0.05246097021538893,2.002953630931753,0.69975,2.0,0.7,1.0
1.0,200,27013,0.0,0.06284393651206993,20.154050439420825,0.00033206185948716035,8.06197426342798,12.092076175992846,0.050450957362195396,2.0042942018899863,0.80175,2.0,0.8,1.0
1.0,178,27013,0.0,0.05368111731613222,17.142098554795133,0.0005084634088376511,7.702381170526422,9.439717384268711,0.048204333963680866,1.9957445465479673,0.897,2.0,0.9,1.0
1.0,160,27013,0.0,0.04613735938743633,14.763955003979623,nan,7.369213249316151,7.394741754663472,0.04613735938743633,1.9999193782500644,1.0,2.0,1.0,1.0
0.0,200,27014,0.0,0.0649148706872359,2.771864978344973,6.313615760197506e-05,1.1142579049561945,1.6576070733887784,0.0069860588186403975,0.2670360561213482,0.10675,0.25,0.1,0.999985
0.0,100,27014,0.274,0.023468579709226327,0.9270088985144399,6.0749770418445264e-05,0.7468600454586164,0.1801488530558235,0.004683796183333002,0.24702398634176237,0.1975,0.25,0.2,0.7211650000000001
0.0,67,27014,0.648,0.011739084022574583,0.46758532524517954,0.00014939007937652765,0.573936916674308,-0.10635159142912848,0.00359442660399215,0.24909711169549137,0.29725,0.25,0.3,0.35373185
0.0,50,27014,0.734,0.0067271051504582255,0.26874785076080604,0.00016817418376206835,0.4448677543887553,-0.17611990362794927,0.0027884671049571833,0.24983818365451663,0.3995,0.25,0.4,0.25770625
0.0,40,27014,0.7725,0.004538010126285117,0.18152040505140468,0.00011073320894672639,0.3714709416408238,-0.1899505365894191,0.0023243716676159217,0.25015087224482263,0.5,0.25,0.5,0.222358
0.0,33,27014,0.785,0.0031306554125369724,0.1235607078220092,0.0002768852431915286,0.3162678277678343,-0.1927071199458251,0.0019834398044601036,0.2468238656439665,0.598,0.25,0.6,0.21394804999999997
0.0,29,27014,0.7735,0.002493009147423688,0.10107157685485114,0.00036709581693697326,0.2953883878200355,-0.19431681096518438,0.0018531092349471866,0.25354041656374,0.699,0.25,0.7,0.21118882500000002
0.0,25,27014,0.7745,0.0017914642651420817,0.07150181748248333,0.0009073551982237419,0.25659616061873586,-0.18509434313625253,0.0016130952608913065,0.24960366721178712,0.79825,0.25,0.8,0.21853250000000002
0.0,22,27014,0.744,0.0014896540998340193,0.059039460938721686,0.0005275711441114136,0.2219831595887671,-0.16294369865004543,0.0013941673664785506,0.2478557379919764,0.90075,0.25,0.9,0.24838824999999998
0.0,20,27014,0.737,0.0013380307476871284,0.05352122990748512,nan,0.21261218169919258,-0.15909095179170746,0.0013380307476871284,0.25015087224482263,1.0,0.25,1.0,0.2501725
0.0,400,27014,0.0,0.1327096476674737,11.333403910802256,6.313615760197506e-05,2.270895771866278,9.062508138935979,0.014223151261280783,0.5340721122426964,0.10675,0.5,0.1,1.0
0.0,200,27014,0.0,0.06348730735342334,5.015497280920445,6.0749770418445264e-05,2.0105034477552763,3.0049938331651687,0.012587494893061912,0.49404797268352474,0.1975,0.5,0.2,1.0
0.0,133,27014,0.015,0.03655598753244386,2.8904271002090374,0.00014939007937652765,1.751360828161871,1.1390662720471663,0.01097125117230079,0.494476356052244,0.29725,0.5,0.3,0.9902968000000001
0.0,100,27014,0.22,0.021854157293244456,1.7461471677302318,0.00016817418376206835,1.4099019973360427,0.3362451703941891,0.00883172443600028,0.49967636730903325,0.3995,0.5,0.4,0.7802475
0.0,80,27014,0.491,0.0160286523200038,1.2822921856003038,0.00011073320894672639,1.2882731312195823,-0.005980945619278533,0.008069692764475262,0.5003017444896453,0.5,0.5,0.5,0.49412
0.0,67,27014,0.709,0.011456399018705215,0.9180241661668863,0.0002768852431915286,1.11137886817416,-0.19335470200727378,0.006962234480948714,0.5011272423680532,0.598,0.5,0.6,0.2926961
0.0,57,27014,0.819,0.008842069768432569,0.7045891715673176,0.00036709581693697326,1.0046735688784112,-0.3000843973110936,0.006291102609032394,0.4983380601425234,0.699,0.5,0.7,0.18072025
0.0,50,27014,0.864,0.006687364035426553,0.5338188341279245,0.0009073551982237419,0.8806973879599209,-0.3468785538319964,0.005521247252520886,0.49920733442357423,0.79825,0.5,0.8,0.13514875
0.0,44,27014,0.8625,0.00553805354807744,0.43897935254190634,0.0005275711441114136,0.8035937406547148,-0.36461438811280844,0.005040763169483812,0.4957114759839528,0.90075,0.5,0.9,0.1256245
0.0,40,27014,0.903,0.004641385895341146,0.37131087162729176,nan,0.7393254062201161,-0.36801453459282435,0.004641385895341146,0.5003017444896453,1.0,0.5,1.0,0.090557
0.0043300000000000335,600,27014,0.0,0.18182299887647144,23.291526156075992,6.313615760197506e-05,3.1088127012669395,20.182713454809054,0.019466001502841286,0.8011081683640445,0.10675,0.75,0.1,1.0
8.749999999999036e-05,300,27014,0.0,0.10110018823943662,11.980372306373237,6.0749770418445264e-05,3.197621573174374,8.782750733198863,0.020016038868049535,0.7410719590252871,0.1975,0.75,0.2,1.0
0.00011749999999998707,200,27014,0.0,0.0638966635970897,7.597313301693966,0.00014939007937652765,3.0514194699853863,4.545893831708579,0.019098267132516767,0.7435734677477354,0.29725,0.75,0.3,1.0
0.00027374999999996987,150,27014,0.0,0.04210000498701366,5.045685597693588,0.00016817418376206835,2.7032072677015067,2.342478329992081,0.016919940589661082,0.7495145509635499,0.3995,0.75,0.4,1.0
0.00029999999999996696,120,27014,0.007,0.030407460466096624,3.648895255931595,0.00011073320894672639,2.4378209075614623,1.2110743483701327,0.015259096837521673,0.750452616734468,0.5,0.75,0.5,0.993291
0.00022999999999997466,100,27014,0.1145,0.023199744803627177,2.7746894785138108,0.0002768852431915286,2.2333561249939784,0.5413333535198324,0.013984755260332047,0.7479511080120197,0.598,0.75,0.6,0.8764125
0.0003683999999999721,86,27014,0.366,0.01795185033740526,2.15831506236556,0.00036709581693697326,2.021206084298754,0.13710897806680578,0.012658839226744307,0.7518784767062634,0.699,0.75,0.7,0.6261605
0.00025406249999997203,75,27014,0.638,0.014023898490205425,1.679186545470972,0.0009073551982237419,1.815324257130061,-0.13613771165908894,0.011377635881048119,0.7488110016353613,0.79825,0.75,0.8,0.37233625000000004
0.0005101499999999827,67,27014,0.7385,0.011549930187438972,1.3940823485889777,0.0005275711441114136,1.6681281131000594,-0.27404576451108165,0.010455961052388713,0.7548333838846554,0.90075,0.75,0.9,0.260300975
0.00029999999999996696,60,27014,0.8555,0.009676610827191354,1.1611932992629628,nan,1.5424862123250782,-0.38129291306211543,0.009676610827191354,0.750452616734468,1.0,0.75,1.0,0.1451945
0.81419,800,27014,0.0,0.2197306503549729,37.52999508062938,6.313615760197506e-05,3.7553493211450673,33.77464575948431,0.023512643298171328,1.0681442244853927,0.10675,1.0,0.1,1.0
0.44255,400,27014,0.0,0.13206774468027987,20.86670365948422,6.0749770418445264e-05,4.1739145345903195,16.6927891248939,0.026132131265116078,0.9880959453670495,0.1975,1.0,0.2,1.0
0.46628717500000005,267,27014,0.0,0.0879933671934578,13.96731916466835,0.00014939007937652765,4.1958384804737765,9.771480684194573,0.026261012276537186,0.9926705794432267,0.29725,1.0,0.3,1.0
0.50138,200,27014,0.0,0.062235462135482665,9.945226849250128,0.00016817418376206835,3.9876158322463264,5.957611017003801,0.024964055720474446,0.9993527346180665,0.3995,1.0,0.4,1.0
0.5079750000000001,160,27014,0.0,0.04627949695550947,7.404719512881516,0.00011073320894672639,3.7062463021278034,3.6984732107537126,0.023195115082228098,1.0006034889792905,0.5,1.0,0.5,1.0
0.4772423,133,27014,0.0,0.035613570907496776,5.664979497113698,0.0002768852431915286,3.418844924836147,2.246134572277551,0.021408223270446065,0.9947749736559862,0.598,1.0,0.6,0.99993065
0.48726670000000005,114,27014,0.007,0.02816920158164163,4.489381994469391,0.00036709581693697326,3.162314213886452,1.3270677805829392,0.019800767746465532,0.9966761202850468,0.699,1.0,0.7,0.9908153
0.49643375,100,27014,0.104,0.022663045438628255,3.618155204277001,0.0009073551982237419,2.9174843964428567,0.7006708078341441,0.018273834932626642,0.9984146688471485,0.79825,1.0,0.8,0.8904875
0.5187970749999999,89,27014,0.2485,0.019058011127831793,3.0556376271642196,0.0005275711441114136,2.747986330285942,0.3076512968782774,0.01721886495944755,1.0026891218766318,0.90075,1.0,0.9,0.741155625
0.5079750000000001,80,27014,0.4885,0.016007435278899685,2.56118964462395,nan,2.5516884643121016,0.009501180311848323,0.016007435278899685,1.0006034889792905,1.0,1.0,1.0,0.518444
1.0,1000,27014,0.0,0.24945476138958225,53.2585915566758,6.313615760197506e-05,4.262046832153674,48.99654472452213,0.02668569215111587,1.335180280606741,0.10675,1.25,0.1,1.0
0.998575,500,27014,0.0,0.15841667494197217,31.287293301039497,6.0749770418445264e-05,5.005435160436917,26.28185814060258,0.03133604499180031,1.235119931708812,0.1975,1.25,0.2,1.0
0.998738975,333,27014,0.0,0.1099122321036658,21.759159721214562,0.00014939007937652765,5.237256511215631,16.521903209998932,0.032776394871096515,1.2380498237999795,0.29725,1.25,0.3,1.0
0.99919375,250,27014,0.0,0.08124585913279422,16.22886036177564,0.00016817418376206835,5.201944074994085,11.026916286781557,0.03255870932090041,1.249190918272583,0.3995,1.25,0.4,1.0
0.99925,200,27014,0.0,0.06235860289955257,12.471720579910516,0.00011073320894672639,4.989349400368057,7.482371179542459,0.03123466805424965,1.2507543612241134,0.5,1.25,0.5,1.0
0.9991897000000001,167,27014,0.0,0.04943990101686464,9.874730309900409,0.0002768852431915286,4.739511877003352,5.135218432897057,0.029676368675848053,1.2490783503800729,0.598,1.25,0.6,1.0
0.99923065,143,27014,0.0,0.03964436787270276,7.925464158903499,0.00036709581693697326,4.443239416976741,3.482224741926758,0.027821908983917256,1.2502165368487868,0.699,1.25,0.7,1.0
0.9991515625,125,27014,0.0,0.03276073614442361,6.537814406821539,0.0009073551982237419,4.204565075466814,2.3332493313547253,0.02633431653852779,1.2480183360589356,0.79825,1.25,0.8,0.999896875
0.9992424625,111,27014,0.012,0.027174346868790087,5.4339590331379135,0.0005275711441114136,3.912277780984083,1.5216812521538303,0.02452965437811573,1.2505448598686084,0.90075,1.25,0.9,0.990688225
0.99925,100,27014,0.0445,0.023093000830454808,4.618600166090962,nan,3.6832482053008877,0.9353519607900744,0.023093000830454808,1.2507543612241134,1.0,1.25,1.0,0.954135
1.0,1200,27014,0.0,0.27388844769799564,70.17022030022646,6.313615760197506e-05,4.679223764030427,65.49099653619604,0.029293988164538997,1.602216336728089,0.10675,1.5,0.1,1.0
1.0,600,27014,0.0,0.1812242837944987,42.9501552592962,6.0749770418445264e-05,5.725076075233738,37.225079184062466,0.035840547740174304,1.4821439180505742,0.1975,1.5,0.2,1.0
1.0,400,27014,0.0,0.13097563422628986,31.146005819011727,0.00014939007937652765,6.23683633019296,24.909169488818765,0.039037491152046515,1.4871469354954707,0.29725,1.5,0.3,1.0
1.0,300,27014,0.0,0.0998168588418702,23.92610106439629,0.00016817418376206835,6.387224391978612,17.538876672417675,0.039977823704676264,1.4990291019270998,0.3995,1.5,0.4,1.0
1.0,240,27014,0.0,0.07718115553201679,18.52347732768403,0.00011073320894672639,6.174121540002454,12.349355787681578,0.038645944370481765,1.500905233468936,0.5,1.5,0.5,1.0
1.0,200,27014,0.0,0.06252145641082571,14.95513237346951,0.0002768852431915286,5.990863896819351,8.964268476650158,0.03749913880143677,1.4959022160240394,0.598,1.5,0.6,1.0
1.0,171,27014,0.0,0.0509834405888665,12.18799934029325,0.00036709581693697326,5.710737160921108,6.477262179372141,0.03574792081251572,1.4950141804275703,0.699,1.5,0.7,1.0
1.0,150,27014,0.0,0.04270604275430576,10.22702958858737,0.0009073551982237419,5.472130005515776,4.7548995830715945,0.03427315753986621,1.4976220032707226,0.79825,1.5,0.8,1.0
1.0,133,27014,0.0,0.035645358697635104,8.540610121274023,0.0005275711441114136,5.131314479479565,3.4092956417944578,0.03215991828294788,1.4984005978605845,0.90075,1.5,0.9,0.99999885
1.0,120,27014,0.0,0.030787010159942375,7.38888243838617,nan,4.9118828473153116,2.476999591070858,0.030787010159942375,1.500905233468936,1.0,1.5,1.0,0.99996
1.0,1600,27014,0.0,0.3093879042813647,105.68690810251417,6.313615760197506e-05,5.285306334328249,100.40160176818591,0.033083555154813656,2.1362884489707854,0.10675,2.0,0.1,1.0
1.0,800,27014,0.0,0.21815820214333054,68.93799187729243,6.0749770418445264e-05,6.8912579012820085,62.04673397601042,0.04313499661406858,1.976191890734099,0.1975,2.0,0.2,1.0
1.0,533,27014,0.0,0.1660973518174854,52.63101872437887,0.00014939007937652765,7.908258568430224,44.72276015594865,0.04947742170602939,1.981623291547715,0.29725,2.0,0.3,1.0
1.0,400,27014,0.0,0.1308867502005803,41.831405364105464,0.00016817418376206835,8.37150303147636,33.459902332629106,0.052390245302480966,1.998705469236133,0.3995,2.0,0.4,1.0
1.0,320,27014,0.0,0.10578599362574263,33.85151796023764,0.00011073320894672639,8.460172741383987,25.391345218853658,0.05294836341734468,2.001206977958581,0.5,2.0,0.5,1.0
1.0,267,27014,0.0,0.08874310539792646,28.33851333293066,0.0002768852431915286,8.495650407600982,19.842862925329676,0.05317968489572302,1.9970294583920927,0.598,2.0,0.6,1.0
1.0,229,27014,0.0,0.07367679866689959,23.58703767881857,0.00036709581693697326,8.2447564933855,15.342281185433071,0.05161057810906084,2.00209501355505,0.699,2.0,0.7,1.0
1.0,200,27014,0.0,0.06255722552123386,19.974522108929968,0.0009073551982237419,8.005515308297952,11.969006800632016,0.05011936418356656,1.996829337694297,0.79825,2.0,0.8,1.0
1.0,178,27014,0.0,0.05346470435719861,17.144366352109806,0.0005275711441114136,7.694457979057143,9.449908373052663,0.04821069388579971,2.0053782437532637,0.90075,2.0,0.9,1.0
1.0,160,27014,0.0,0.04691996741417563,15.014389572536198,nan,7.487427775082231,7.526961797453967,0.04691996741417563,2.001206977958581,1.0,2.0,1.0,1.0
0.0,200,27015,0.0,0.06331795269130006,2.355427840116362,0.0002043423402812745,0.9734590458345632,1.3819687942817986,0.006073908102926021,0.2325477449588869,0.093,0.25,0.1,0.999815
0.0,100,27015,0.3005,0.023242845382822206,0.8936874049695138,0.00025448150409383994,0.7476685317477723,0.14601887322174156,0.004673994459779369,0.24036184929218282,0.19225,0.25,0.2,0.7046250000000001
0.0,67,27015,0.6565,0.012431607508621389,0.47393017305117313,0.00020602891247815277,0.5881950722456301,-0.11426489919445693,0.0036842060230809033,0.23831767959859257,0.2845,0.25,0.3,0.33915467499999996
0.0,50,27015,0.7715,0.007223768544774699,0.27919865425554213,0.0002604785332410404,0.471828361665961,-0.19262970741041885,0.0029517901226987996,0.24161210598551014,0.3865,0.25,0.4,0.230325
0.0,40,27015,0.813,0.00497069050911687,0.1967399303508457,0.00037991458163758827,0.4229394872368912,-0.22619955688604548,0.002651200971757962,0.2474257996094823,0.49475,0.25,0.5,0.18899800000000003
0.0,33,27015,0.8195,0.003721189888415006,0.1469293221491223,0.00040976251130688614,0.3806358190793674,-0.2337064969302451,0.0023908239396618187,0.2468288020384185,0.59825,0.25,0.6,0.17089885
0.0,29,27015,0.833,0.002947877385709123,0.11925637963886254,0.000522921475787547,0.35338925239143043,-0.2341328727525679,0.002214328222957846,0.25289567264278945,0.6975,0.25,0.7,0.167811225
0.0,25,27015,0.8245,0.002425142319806392,0.09670255000227988,0.0003498259567616618,0.3190838818379317,-0.22238133183565179,0.0020048907562898338,0.24926992823214017,0.7975,0.25,0.8,0.172448125
0.0,22,27015,0.828,0.0018850855541119465,0.07460791606064264,0.0006889406985642659,0.2808347469157827,-0.20622683085514004,0.0017648729961294047,0.24741329704254902,0.8995,0.25,0.9,0.18917584999999998
0.0,20,27015,0.791,0.0014947224714494582,0.059788898857978334,nan,0.23818220385190098,-0.17839330499392264,0.0014947224714494582,0.25005133866546975,1.0,0.25,1.0,0.218297
0.0,400,27015,0.0,0.13095890183862297,9.743342296793548,0.0002043423402812745,1.980884043625154,7.762458253168394,0.012364516373627052,0.4650954899177738,0.093,0.5,0.1,1.0
0.0,200,27015,0.0,0.06300660505101362,4.845207928422948,0.00025448150409383994,1.9717094856643715,2.873498442758576,0.012318577255989168,0.48072369858436564,0.19225,0.5,0.2,1.0
0.0,133,27015,0.006,0.036019256368790165,2.7258292642209336,0.00020602891247815277,1.6624227101563505,1.0634065540645832,0.010394892123798922,0.4730783789046688,0.2845,0.5,0.3,0.99305325
0.0,100,27015,0.1715,0.023554901211902658,1.8207938636800753,0.0002604785332410404,1.4801739270435845,0.3406199366364908,0.009263772898543755,0.4832242119710203,0.3865,0.5,0.4,0.813565
0.0,80,27015,0.525,0.016766876830276493,1.3272659698846874,0.00037991458163758827,1.3551873309370028,-0.027921361052315463,0.008487364154151687,0.4948515992189646,0.49475,0.5,0.5,0.458098
0.0,67,27015,0.7285,0.012220810488030968,0.9796873831782467,0.00040976251130688614,1.1930930849865713,-0.21340570180832463,0.00747572196338207,0.5011372647446679,0.59825,0.5,0.6,0.26213489999999995
0.0,57,27015,0.8265,0.00969733529043623,0.7710836156190369,0.000522921475787547,1.1038774782703202,-0.3327938626512833,0.006922075111505004,0.4970708048496207,0.6975,0.5,0.7,0.166461425
0.0,50,27015,0.9025,0.007633997556291792,0.6088113051142703,0.0003498259567616618,0.982241756669924,-0.3734304515556537,0.006158952807386941,0.49853985646428034,0.7975,0.5,0.8,0.10228125
0.0,44,27015,0.9035,0.005896320824848948,0.4667291712117434,0.0006889406985642659,0.8571050104228257,-0.3903758392110823,0.005372979122157337,0.49482659408509805,0.8995,0.5,0.9,0.093328
0.0,40,27015,0.92,0.005082706730053241,0.4066165384042594,nan,0.809715547474489,-0.40309900907022966,0.005082706730053241,0.5001026773309395,1.0,0.5,1.0,0.080158
0.0,600,27015,0.0,0.17915190672068193,19.993352790028098,0.0002043423402812745,2.699505353108405,17.29384743691969,0.016846465827658533,0.6976432348766606,0.093,0.75,0.1,1.0
3.374999999999629e-05,300,27015,0.0,0.10115004457076121,11.667657641237307,0.00025448150409383994,3.145430307188129,8.522227334049179,0.01965165350366064,0.7210855478765484,0.19225,0.75,0.2,1.0
0.0,200,27015,0.0,0.06365579421455139,7.244029381615948,0.00020602891247815277,2.917173797480057,4.326855584135891,0.01825748714091799,0.7113960585032614,0.2845,0.75,0.3,1.0
4.874999999999463e-05,150,27015,0.0,0.043743512635518345,5.072060290088352,0.0002604785332410404,2.7270541791395817,2.3450061109487703,0.017066671213771215,0.7248363179565305,0.3865,0.75,0.4,1.0
9.999999999998899e-05,120,27015,0.0065,0.03152275014435022,3.7430113521401456,0.00037991458163758827,2.5213622201999386,1.221649131940207,0.015787832476289662,0.742277398828447,0.49475,0.75,0.5,0.9927619999999999
0.0001487499999999836,100,27015,0.1185,0.02416059845634121,2.8908156053012255,0.00040976251130688614,2.333537663364321,0.5572779419369045,0.014618700115423669,0.7479660667830863,0.59825,0.75,0.6,0.880555
0.00017274999999998097,86,27015,0.3625,0.019006752468294152,2.280240093621249,0.000522921475787547,2.1420770629274775,0.13816303069377156,0.013415393593060905,0.7499664774924101,0.6975,0.75,0.7,0.6207302000000001
0.00014687499999998382,75,27015,0.6235,0.015284317013754191,1.8283864227703452,0.0003498259567616618,1.9557684951784358,-0.12738207240809052,0.012260082574713203,0.7478097846964205,0.7975,0.75,0.8,0.37711249999999996
0.0002416249999999734,67,27015,0.765,0.012066967050431261,1.4544677394896308,0.0006889406985642659,1.7417253665376906,-0.2872576270480598,0.010923475402068625,0.7534859500841267,0.8995,0.75,0.9,0.231072575
0.00017499999999998073,60,27015,0.846,0.010188490696645375,1.222618883597445,nan,1.6264324804581844,-0.4038135968607395,0.010188490696645375,0.7501540159964092,1.0,0.75,1.0,0.14890399999999998
0.18194,800,27015,0.0,0.21678344907987881,32.25737722308596,0.0002043423402812745,3.259695580287079,28.99768164279888,0.020346199267063846,0.9301909798355475,0.093,1.0,0.1,1.0
0.3099,400,27015,0.0,0.13106302227195663,20.157492825426935,0.00025448150409383994,4.066456514705079,16.091036310721854,0.025402423466715462,0.9614473971687313,0.19225,1.0,0.2,1.0
0.2593884,267,27015,0.0,0.08817754052273925,13.396196488836114,0.00020602891247815277,4.034373213201706,9.361823275634409,0.025233923965597434,0.9497137381018539,0.2845,1.0,0.3,1.0
0.33230000000000004,200,27015,0.0,0.06339284086158124,9.80053319720046,0.0002604785332410404,3.941755559783232,5.858777637417228,0.024661136573144532,0.9664484239420406,0.3865,1.0,0.4,1.0
0.451237,160,27015,0.0,0.04798307431545652,7.596680325623076,0.00037991458163758827,3.8225356019486307,3.7741447236744454,0.023931577859944507,0.9897031984379292,0.49475,1.0,0.5,1.0
0.477022275,133,27015,0.0,0.03691289773344964,5.874115524363642,0.00040976251130688614,3.552988047702871,2.321127476660771,0.022247763157953793,0.9947948688215048,0.59825,1.0,0.6,0.9999775750000001
0.47368350000000004,114,27015,0.0085,0.029191598521130936,4.642339912815452,0.000522921475787547,3.2754362739961937,1.3669036388192586,0.020519323714914564,0.9941416096992414,0.6975,1.0,0.7,0.9928226499999999
0.4887,100,27015,0.062,0.024308315982878585,3.8771763992691346,0.0003498259567616618,3.107408360556331,0.7697680387128036,0.01945672175258991,0.9970797129285607,0.7975,1.0,0.8,0.9336725
0.50814375,89,27015,0.2485,0.019674602444395586,3.1501202719746217,0.0006889406985642659,2.8347832349653292,0.3153370370092925,0.017766543438939544,1.0008992471266758,0.8995,1.0,0.9,0.74880645
0.504675,80,27015,0.476,0.016533219818160583,2.645315170905693,nan,2.6380792628984615,0.007235908007231284,0.016533219818160583,1.000205354661879,1.0,1.0,1.0,0.5145219999999999
0.981025,1000,27015,0.0,0.2464498837486019,45.83967837723997,0.0002043423402812745,3.7028640702106395,42.13681430702933,0.023105177691255092,1.1627387247944343,0.093,1.25,0.1,1.0
0.9941187499999999,500,27015,0.0,0.15774406074946687,30.326295679085007,0.00025448150409383994,4.888240753981072,25.438054925103934,0.0305318531140168,1.201809246460914,0.19225,1.25,0.2,1.0
0.98960515,333,27015,0.0,0.11210792152171926,21.241872646170798,0.00020602891247815277,5.123387444138249,16.11848520203255,0.03204211735980725,1.1844744374079301,0.2845,1.25,0.3,1.0
0.9953812499999999,250,27015,0.0,0.08256521622466687,15.955728035416874,0.0002604785332410404,5.126168921722784,10.829559113694089,0.03207125965097712,1.2080605299275509,0.3865,1.25,0.4,1.0
0.9983149999999998,200,27015,0.0,0.06392955603010933,12.651659138358635,0.00037991458163758827,5.0835351234396775,7.568124014918958,0.03182109968826898,1.2371289980474116,0.49475,1.25,0.5,1.0
0.9987223249999999,167,27015,0.0,0.0504625945103557,10.083208553383978,0.00040976251130688614,4.849614914646902,5.233593638737076,0.030353869254737837,1.2491033315277542,0.59825,1.25,0.6,1.0
0.9986727499999999,143,27015,0.0,0.04073131231970088,8.125285838095532,0.000522921475787547,4.563535429905744,3.5617504081897886,0.028568274089417107,1.247037282342031,0.6975,1.25,0.7,1.0
0.99865625,125,27015,0.0,0.033940832355607284,6.7669534508992015,0.0003498259567616618,4.334875947877098,2.4320775030221036,0.027138653559841047,1.2463496411607007,0.7975,1.25,0.8,0.9999687500000001
0.99870335,111,27015,0.0075,0.02783680477908686,5.558703709531076,0.0006889406985642659,4.006959071251473,1.5517446382796027,0.02510844443899434,1.2483125441692247,0.8995,1.25,0.9,0.99235975
0.9987499999999999,100,27015,0.0335,0.023858790594547236,4.771758118909447,nan,3.8084734552231008,0.9632846636863461,0.023858790594547236,1.250256693327349,1.0,1.25,1.0,0.9598575
1.0,1200,27015,0.0,0.27181519743880383,60.669152068341035,0.0002043423402812745,4.081609194065253,56.58754287427578,0.02546415186444388,1.3952864697533212,0.093,1.5,0.1,1.0
1.0,600,27015,0.0,0.1814330096313311,41.8565953219481,0.00025448150409383994,5.618323380455542,36.238271941492556,0.03508605353655521,1.4421710957530969,0.19225,1.5,0.2,1.0
1.0,400,27015,0.0,0.1318573883033703,30.01074157784707,0.00020602891247815277,6.02236563990246,23.98837593794461,0.03766084065918696,1.4227921170065227,0.2845,1.5,0.3,1.0
1.0,300,27015,0.0,0.10034170540845466,23.269241484220643,0.0002604785332410404,6.225062963010765,17.04417852120988,0.038941872720511105,1.449672635913061,0.3865,1.5,0.4,1.0
1.0,240,27015,0.0,0.0796928502218011,18.92545807067332,0.00037991458163758827,6.328337345568814,12.597120725104505,0.03961998948960849,1.484554797656894,0.49475,1.5,0.5,1.0
1.0,200,27015,0.0,0.06402734713144528,15.321744168554854,0.00040976251130688614,6.145639565647642,9.176104602907213,0.038468982510304686,1.4959321335661726,0.59825,1.5,0.6,1.0
1.0,171,27015,0.0,0.05215238606389606,12.440690933612089,0.000522921475787547,5.835740800755705,6.604950132856384,0.03653447302599323,1.491212414548862,0.6975,1.5,0.7,1.0
1.0,150,27015,0.0,0.04383103515390681,10.486575160572205,0.0003498259567616618,5.594473092866704,4.8921020677055,0.03502609029148492,1.495619569392841,0.7975,1.5,0.8,1.0
1.0,133,27015,0.0,0.0366649827958114,8.772720438605408,0.0006889406985642659,5.2776108382628975,3.49510960034251,0.03304939056503807,1.4957258412117738,0.8995,1.5,0.9,0.9999996250000001
1.0,120,27015,0.0,0.031523958783113405,7.565750107947218,nan,5.035318175400613,2.5304319325466045,0.031523958783113405,1.5003080319928184,1.0,1.5,1.0,0.999746
1.0,1600,27015,0.0,0.30737056511709404,91.47348017884718,0.0002043423402812745,4.611151878508359,86.86232830033882,0.02877080105852486,1.860381959671095,0.093,2.0,0.1,1.0
1.0,800,27015,0.0,0.21817915904038346,67.11190932082195,0.00025448150409383994,6.7501451550657015,60.36176416575625,0.04215050076044552,1.9228947943374626,0.19225,2.0,0.2,1.0
1.0,533,27015,0.0,0.16709056387740195,50.67472494104683,0.00020602891247815277,7.623978093266071,43.050746847780765,0.047684679109998976,1.8958704959111916,0.2845,2.0,0.3,1.0
1.0,400,27015,0.0,0.13217730547694653,40.869222853471875,0.0002604785332410404,8.192191414828507,32.67703143864337,0.05124633214698321,1.9328968478840811,0.3865,2.0,0.4,1.0
1.0,320,27015,0.0,0.10721619355532125,33.94893552735692,0.00037991458163758827,8.505436283825029,25.443499243531896,0.05323716360386758,1.9794063968758584,0.49475,2.0,0.5,1.0
1.0,267,27015,0.0,0.08879782933361907,28.367842946979295,0.00040976251130688614,8.51168366636427,19.856159280615024,0.05328792348775516,1.9970693983108403,0.59825,2.0,0.6,1.0
1.0,229,27015,0.0,0.07470893279164764,23.866142124955797,0.000522921475787547,8.35149434334358,15.514647781612217,0.05226766436859997,1.997003759834441,0.6975,2.0,0.7,1.0
1.0,200,27015,0.0,0.06392715101330397,20.392761173243976,0.0003498259567616618,8.15485433034905,12.237906842894926,0.05105274268935416,1.9941594258571214,0.7975,2.0,0.8,1.0
1.0,178,27015,0.0,0.05508046481527462,17.637976604076872,0.0006889406985642659,7.923676100981256,9.714300503095616,0.049614116641545226,2.0017984942533515,0.8995,2.0,0.9,1.0
1.0,160,27015,0.0,0.047305781220374744,15.137849990519921,nan,7.55524558140999,7.582604409109932,0.047305781220374744,2.000410709323758,1.0,2.0,1.0,1.0
0.0,200,27016,0.0,0.06354410851214415,2.7260422551709844,0.00016043988778657726,1.1151331826840698,1.6109090724869146,0.0069583383477489266,0.26806744926948495,0.10725,0.25,0.1,1.0
0.0,100,27016,0.27,0.024537998751761676,0.9950158493839361,9.149046698614332e-05,0.8108022714820468,0.1842135779018893,0.005048020021724382,0.253383101815329,0.20275,0.25,0.2,0.725435
0.0,67,27016,0.641,0.011852681438571567,0.48878680350453363,5.955055174602931e-05,0.5918546509661139,-0.10306784746158026,0.003688886582166589,0.2576853031864722,0.30775,0.25,0.3,0.36341854999999995
0.0,50,27016,0.7575,0.007074885680746703,0.2904240571946522,9.650194321614899e-05,0.475166865299482,-0.1847428081048298,0.0029611284674724426,0.25650743106089413,0.4105,0.25,0.4,0.23932124999999999
0.0,40,27016,0.799,0.004775746366115213,0.1944683920282115,0.00031197674517155917,0.41443229258703906,-0.21996390055882756,0.0025840354822318796,0.25444537375882115,0.509,0.25,0.5,0.200092
0.0,33,27016,0.8,0.0033830145402580928,0.1359768864311338,0.0002634426437829047,0.3473046623580413,-0.21132777592690752,0.0021632619287362946,0.2511585793924867,0.609,0.25,0.6,0.193441575
0.0,29,27016,0.7905,0.002505932919984523,0.10170454052403181,0.0003362649853604642,0.2978708804465653,-0.19616633992253346,0.0018544901226136487,0.25360492919176414,0.69975,0.25,0.7,0.21050307499999998
0.0,25,27016,0.7735,0.001988295338617453,0.07955666723643083,-0.00011941444856756052,0.252003062990987,-0.17244639575455617,0.0015672803086272467,0.25002444787634653,0.80025,0.25,0.8,0.225596875
0.0,22,27016,0.7705,0.001626409015086929,0.06470993548326365,-0.00019942826025238524,0.23326146750833113,-0.16855153202506748,0.00145158509597319,0.24861537538659667,0.90425,0.25,0.9,0.23138985
0.0,20,27016,0.775,0.0014808085890078337,0.059232343560313344,nan,0.23856039972981052,-0.17932805616949718,0.0014808085890078337,0.24994633964520743,1.0,0.25,1.0,0.224468
0.0,400,27016,0.0,0.1318740390508256,11.314792550560833,0.00016043988778657726,2.287733610858463,9.02705893970237,0.01428672339802251,0.5361348985389699,0.10725,0.5,0.1,1.0
0.0,200,27016,0.0,0.06421341347323414,5.207707832679289,9.149046698614332e-05,2.0977064502018976,3.1100013824773916,0.013092210356502924,0.506766203630658,0.20275,0.5,0.2,1.0
0.0,133,27016,0.0045,0.03567860245924876,2.9207039152177923,5.955055174602931e-05,1.7641830286402478,1.1565208865775445,0.011021313776279995,0.5115245570716537,0.30775,0.5,0.3,0.9972121250000001
0.0,100,27016,0.141,0.02268840286776746,1.8627178754437084,9.650194321614899e-05,1.499962293135492,0.3627555823082165,0.009370477272744461,0.5130148621217883,0.4105,0.5,0.4,0.8548825
0.0,80,27016,0.5265,0.01595364673581098,1.2992649901644462,0.00031197674517155917,1.3238468306930058,-0.024581840528559606,0.008273586770407024,0.5088907475176423,0.509,0.5,0.5,0.471472
0.0,67,27016,0.709,0.011651422605349893,0.9508259931321834,0.0002634426437829047,1.150714287550035,-0.1998882944178515,0.007198722440377199,0.5099280248271699,0.609,0.5,0.6,0.282160125
0.0,57,27016,0.8115,0.008740313335837559,0.6972279052697659,0.0003362649853604642,0.9946812886646934,-0.29745338339492755,0.006216997818606812,0.49846486082519165,0.69975,0.5,0.7,0.189021775
0.0,50,27016,0.873,0.007075305182205162,0.566201297205968,-0.00011941444856756052,0.9023276958380455,-0.3361263986320775,0.00563815993595831,0.5000488957526931,0.80025,0.5,0.8,0.12562249999999997
0.0,44,27016,0.878,0.00534534891337766,0.42535079443311385,-0.00019942826025238524,0.7698376622206814,-0.34448686778756754,0.004814436499002582,0.49723075077319334,0.90425,0.5,0.9,0.1233964
0.0,40,27016,0.887,0.004699067191809177,0.37592537534473425,nan,0.7519764536758806,-0.37605107833114637,0.004699067191809177,0.49989267929041487,1.0,0.5,1.0,0.10600899999999999
0.004882499999999984,600,27016,0.0,0.1812685737302123,23.32926543907832,0.00016043988778657726,3.1353869649194652,20.193878474158854,0.019584287242386735,0.8042023478084548,0.10725,0.75,0.1,1.0
0.0008212500000000205,300,27016,0.0,0.10123355720309775,12.315062233756843,9.149046698614332e-05,3.2982803521927826,9.01678188156406,0.02059804449773277,0.7601493054459871,0.20275,0.75,0.2,1.0
0.0012249999999999817,200,27016,0.0,0.06340582082711706,7.80525654381811,5.955055174602931e-05,3.1275509093850355,4.6777056344330745,0.019554365228991465,0.769209860258126,0.30775,0.75,0.3,1.0
0.001237499999999983,150,27016,0.0,0.042308515077247484,5.210293631763029,9.650194321614899e-05,2.7886264823158027,2.421667149447226,0.017424533334736012,0.7695222931826824,0.4105,0.75,0.4,1.0
0.0009480000000000066,120,27016,0.0065,0.030267883421109764,3.697524638722769,0.00031197674517155917,2.488315990554876,1.209208648167893,0.015559533243224106,0.7633361212764634,0.509,0.75,0.5,0.995267
0.0008550000000000169,100,27016,0.112,0.022572048584097323,2.7492755175430537,0.0002634426437829047,2.2133258263055446,0.535949691237509,0.013849383661434385,0.7610866042196566,0.609,0.75,0.6,0.88598
0.0005946250000000099,86,27016,0.36,0.017460506307095124,2.1014941576030477,0.0003362649853604642,1.970175768363446,0.1313183892396017,0.012318952850244291,0.7520697900169558,0.69975,0.75,0.7,0.63190915
0.0005546874999999965,75,27016,0.6025,0.014112306809754036,1.6940060286758505,-0.00011941444856756052,1.8016022085191559,-0.10759617984330538,0.0112695204884043,0.7500733436290397,0.80025,0.75,0.8,0.38947875
0.0007131375000000325,67,27016,0.7645,0.011617631268374135,1.4077025719732597,-0.00019942826025238524,1.6753490819967083,-0.26764651002344864,0.010486147818508146,0.7571468250409991,0.90425,0.75,0.9,0.2428291
0.0005499999999999949,60,27016,0.855,0.009667005964330013,1.1600407157196018,nan,1.5449129980874616,-0.38487228236785986,0.009667005964330013,0.7498390189356222,1.0,0.75,1.0,0.148136
0.827135,800,27016,0.0,0.22006141250282593,37.76253838548492,0.00016043988778657726,3.8031277750802737,33.959410610404646,0.023744819200749546,1.0722697970779398,0.10725,1.0,0.1,1.0
0.573345,400,27016,0.0,0.13187811667822855,21.390630525208667,9.149046698614332e-05,4.294564023369351,17.096066501839317,0.02681122893131554,1.013532407261316,0.20275,1.0,0.2,1.0
0.6389092000000001,267,27016,0.0,0.08754384891801856,14.386824815413794,5.955055174602931e-05,4.315846148976605,10.070978666437188,0.0269828433739664,1.026895163444598,0.30775,1.0,0.3,1.0
0.634865,200,27016,0.0,0.06310993115323024,10.362650695360408,9.650194321614899e-05,4.1556842553054185,6.206966440054989,0.025963514633926935,1.0260297242435765,0.4105,1.0,0.4,1.0
0.5950880000000001,160,27016,0.0,0.04647244459775463,7.569431776082274,0.00031197674517155917,3.8075655084752418,3.761866267607032,0.02380765488213634,1.0177814950352846,0.509,1.0,0.5,1.0
0.5667553000000001,133,27016,0.0,0.036138910179844434,5.854286615673719,0.0002634426437829047,3.532849853239158,2.321436762434561,0.022111602373244377,1.0122451836121433,0.609,1.0,0.6,0.9999821750000001
0.48725812500000004,114,27016,0.008,0.0285152248316041,4.549404515308614,0.0003362649853604642,3.2058956138657937,1.3435089014428199,0.020054492137769452,0.9969297216503833,0.69975,1.0,0.7,0.9906088999999999
0.5034587500000001,100,27016,0.033,0.02253513920708494,3.6067490300939444,-0.00011941444856756052,2.8779581990070167,0.7287908310869278,0.018009892114368348,1.0000977915053861,0.80025,1.0,0.8,0.9479525000000001
0.5330786375000001,89,27016,0.2565,0.01894566803919788,3.0494284177511544,-0.00019942826025238524,2.73509762543209,0.3143307923190646,0.017112525068525522,1.0057622004275957,0.90425,1.0,0.9,0.73345695
0.501825,80,27016,0.502,0.015929500607666083,2.548720097226573,nan,2.544231349041768,0.004488748184805047,0.015929500607666083,0.9997853585808297,1.0,1.0,1.0,0.48458199999999996
1.0,1000,27016,0.0,0.2481772066376752,53.23401082378132,0.00016043988778657726,4.284446398657987,48.949564425123334,0.026760238121712136,1.3403372463474248,0.10725,1.25,0.1,1.0
0.9995812500000001,500,27016,0.0,0.15781965350118196,31.997934747364642,9.149046698614332e-05,5.137210547882877,26.860724199481766,0.03207087552216935,1.2669155090766453,0.20275,1.25,0.2,1.0
0.9997971125,333,27016,0.0,0.11022209523905811,22.591285973340206,5.955055174602931e-05,5.431379868394942,17.159906104945264,0.033962073679266326,1.2807344173297797,0.30775,1.25,0.3,1.0
0.99980625,250,27016,0.0,0.08119582748290434,16.66544359086612,9.650194321614899e-05,5.3433900433336134,11.322053547532505,0.03338777507725815,1.2825371553044707,0.4105,1.25,0.4,1.0
0.999675,200,27016,0.0,0.0630809117813407,12.843273638680962,0.00031197674517155917,5.160076420745745,7.683197217935217,0.03226136467858164,1.2722268687941058,0.509,1.25,0.5,1.0
0.99965075,167,27016,0.0,0.04944530747265558,10.057472211782983,0.0002634426437829047,4.8294814169643505,5.227990794818632,0.030215198324566366,1.2710146290468265,0.609,1.25,0.6,1.0
0.9992224875,143,27016,0.0,0.03987389317278998,7.979902429830698,0.0003362649853604642,4.476756378525088,3.5031460513056105,0.028002720309514267,1.2505346508421475,0.69975,1.25,0.7,1.0
0.9992109375,125,27016,0.0005,0.032446619338797514,6.491351781468178,-0.00011941444856756052,4.145167811956894,2.3461839695112836,0.02594155408977134,1.2501222393817328,0.80025,1.25,0.8,0.9999343749999999
0.9993301125,111,27016,0.0045,0.02679581430935582,5.37908554981017,-0.00019942826025238524,3.867933287264857,1.5111522625453127,0.024211019833315833,1.2543775758141926,0.90425,1.25,0.9,0.9951414000000001
0.9992000000000001,100,27016,0.037,0.022921723743003497,4.5843447486006985,nan,3.6619837487999387,0.9223609998007598,0.022921723743003497,1.2497316982260371,1.0,1.25,1.0,0.9604475
1.0,1200,27016,0.0,0.2726975948167256,70.19236090582518,0.00016043988778657726,4.706207832071224,65.48615307375395,0.02939004975391529,1.6084046956169096,0.10725,1.5,0.1,1.0
1.0,600,27016,0.0,0.1804059392999966,43.89276503168917,9.149046698614332e-05,5.872154395030905,38.02061063665827,0.03665024496787901,1.5202986108919743,0.20275,1.5,0.2,1.0
1.0,400,27016,0.0,0.13047431438818227,32.122776202370474,5.955055174602931e-05,6.429962002260491,25.692814200109982,0.04019469412240929,1.538419720516252,0.30775,1.5,0.3,1.0
1.0,300,27016,0.0,0.09949277369740159,24.50507016167001,9.650194321614899e-05,6.543273911464204,17.961796250205804,0.04089867149830927,1.5390445863653648,0.4105,1.5,0.4,1.0
1.0,240,27016,0.0,0.07819626561046503,19.104911613948822,0.00031197674517155917,6.388819721299542,12.716091892649281,0.039955079777605935,1.5266722425529269,0.509,1.5,0.5,1.0
1.0,200,27016,0.0,0.0629868082962086,15.343586500956414,0.0002634426437829047,6.148311212900156,9.195275288056258,0.03846197232611016,1.5221732084393131,0.609,1.5,0.6,1.0
1.0,171,27016,0.0,0.0513780836291725,12.295520394673602,0.0003362649853604642,5.7637071293128885,6.5318132653607135,0.036052777581367934,1.4953945824755748,0.69975,1.5,0.7,1.0
1.0,150,27016,0.0,0.04271366234223305,10.254482486811598,-0.00011941444856756052,5.459957858247694,4.794524628563904,0.03415775525327063,1.5001466872580793,0.80025,1.5,0.8,1.0
1.0,133,27016,0.0,0.03561016788367706,8.565331486144784,-0.00019942826025238524,5.14285637015149,3.4224751159932936,0.03218139905289581,1.5029929512007891,0.90425,1.5,0.9,1.0
1.0,120,27016,0.0,0.03063482055017957,7.352356932043096,nan,4.895148620170278,2.4572083118728187,0.03063482055017957,1.4996780378712444,1.0,1.5,1.0,0.99993
1.0,1600,27016,0.0,0.30668135305970207,105.25304037008969,0.00016043988778657726,5.290702642263728,99.96233772782597,0.033034807825474514,2.1445395941558796,0.10725,2.0,0.1,1.0
1.0,800,27016,0.0,0.21853345339786173,70.89225228226637,9.149046698614332e-05,7.110042674850576,63.782209607415794,0.04438059845122117,2.027064814522632,0.20275,2.0,0.2,1.0
1.0,533,27016,0.0,0.1658186897495086,54.39872808725843,5.955055174602931e-05,8.17042200470858,46.22830608254985,0.05107192563985747,2.0499442775879055,0.30775,2.0,0.3,1.0
1.0,400,27016,0.0,0.13054176628307138,42.86991604736063,9.650194321614899e-05,8.584918555088572,34.28499749227206,0.05364428295472672,2.052059448487153,0.4105,2.0,0.4,1.0
1.0,320,27016,0.0,0.10649394508275051,34.691467550156815,0.00031197674517155917,8.692955417634213,25.998512132522603,0.05435859862899925,2.035562990070569,0.509,2.0,0.5,1.0
1.0,267,27016,0.0,0.08831964665717217,28.722079010792335,0.0002634426437829047,8.61457191113161,20.107507099660722,0.05388967088793697,2.032101233266483,0.609,2.0,0.6,1.0
1.0,229,27016,0.0,0.07352234949681778,23.562846939662396,0.0003362649853604642,8.241413198639128,15.321433741023268,0.051548227622252724,2.002604440859103,0.69975,2.0,0.7,1.0
1.0,200,27016,0.0,0.06252439907257504,20.01406014313127,-0.00011941444856756052,7.992400676739427,12.021659466391844,0.050011297321726794,2.0001955830107723,0.80025,2.0,0.8,1.0
1.0,178,27016,0.0,0.05407066786508227,17.40605090445224,-0.00019942826025238524,7.810334492488962,9.595716411963277,0.048874306161081495,2.0115244008551914,0.90425,2.0,0.9,1.0
1.0,160,27016,0.0,0.04659185882862185,14.909394825158996,nan,7.444443920236225,7.464950904922771,0.04659185882862185,1.9995707171616595,1.0,2.0,1.0,1.0
0.0,200,27017,0.0,0.0631945795607265,2.6478528835944397,0.0001337039324070808,1.0815488354663543,1.5663040481280854,0.00673933065447354,0.2617268789444474,0.10475,0.25,0.1,1.0
0.0,100,27017,0.2895,0.023830976238034506,0.906768645857213,0.00013373191563300317,0.7438037379170762,0.16296490794013674,0.00464213264796989,0.23767798911303634,0.19025,0.25,0.2,0.7151825
0.0,67,27017,0.6455,0.01162601069542006,0.46502880180610684,0.0001169617912343648,0.5683291390553299,-0.10330033724922305,0.0035524128891337944,0.24985234918613244,0.2985,0.25,0.3,0.35312927499999996
0.0,50,27017,0.748,0.00708736434784411,0.28438049445724495,7.66871758849165e-05,0.46266918607515234,-0.1782886916179074,0.002889721391133543,0.2506394037624332,0.40125,0.25,0.4,0.24757625
0.0,40,27017,0.7705,0.004693109504128362,0.18669189607422626,1.1512504041285175e-05,0.37563596077772166,-0.1889440647034954,0.002339436612334584,0.24848437337494314,0.49725,0.25,0.5,0.230057
0.0,33,27017,0.784,0.003469976375284215,0.13878517510586746,-0.0002107362157886125,0.32360734232088123,-0.18482216721501377,0.0020197756144015207,0.24983360979145866,0.606,0.25,0.6,0.21905882499999998
0.0,29,27017,0.785,0.002549551638622632,0.10510144197476007,4.338501194018943e-05,0.2932794410603658,-0.18817799908560573,0.0018246429418547355,0.25750114544549946,0.71075,0.25,0.7,0.215676675
0.0,25,27017,0.7765,0.0019745948076034634,0.0799464072728452,0.00040890259255831757,0.2693958155175871,-0.18944940824474193,0.001676721863691124,0.25290374728552056,0.80975,0.25,0.8,0.215713125
0.0,22,27017,0.743,0.001306669873143553,0.052462795406713655,0.000784782642407503,0.2023767541711457,-0.14991395876443203,0.0012610047404541488,0.2507955653847151,0.9125,0.25,0.9,0.2609618
0.0,20,27017,0.734,0.001241637868919053,0.04966551475676212,nan,0.19916655326041774,-0.14950103850365562,0.001241637868919053,0.24985859565102375,1.0,0.25,1.0,0.264432
0.0,400,27017,0.0,0.13093412315968256,10.972279520781395,0.0001337039324070808,2.2193633260957446,8.75291619468565,0.013835047846464187,0.5234537578888948,0.10475,0.5,0.1,1.0
0.0,200,27017,0.0,0.06320613139214747,4.809986598942421,0.00013373191563300317,1.9425520657244626,2.867434533217959,0.012133255916039878,0.4753559782260727,0.19025,0.5,0.2,1.0
0.0,133,27017,0.0045,0.03637197253772783,2.887970991468128,0.0001169617912343648,1.7508991801765117,1.1370718112916165,0.010939082499062665,0.4959755588321734,0.2985,0.5,0.3,0.99497
0.0,100,27017,0.174,0.023063909059720233,1.8508787020425483,7.66871758849165e-05,1.4898534308693756,0.36102527117317273,0.009300309956773837,0.5012788075248664,0.40125,0.5,0.4,0.83014
0.0,80,27017,0.5085,0.01633925278403263,1.299950951497636,1.1512504041285175e-05,1.3016706750791418,-0.0017197235815058498,0.008130481358266982,0.4969687467498863,0.49725,0.5,0.5,0.502874
0.0,67,27017,0.6955,0.011948688070806708,0.9702812661017879,-0.0002107362157886125,1.1470078627101317,-0.17672659660834378,0.0071578749018881525,0.5072379350311433,0.606,0.5,0.6,0.29953435
0.0,57,27017,0.807,0.00890154684008713,0.7212522834914797,4.338501194018943e-05,1.015901531382296,-0.29464924789081637,0.006339323531295627,0.5061229410480507,0.71075,0.5,0.7,0.195980475
0.0,50,27017,0.8825,0.006809516285274967,0.5514005812001405,0.00040890259255831757,0.8950424062263088,-0.34364182502616836,0.005591799530235623,0.5058074945710411,0.80975,0.5,0.8,0.1289075
0.0,44,27017,0.8845,0.005368676554602477,0.4311047273345788,0.000784782642407503,0.7958941351039934,-0.36478940776941465,0.004967585837285416,0.5015911307694302,0.9125,0.5,0.9,0.1160631
0.0,40,27017,0.883,0.004364964234796556,0.34919713878372455,nan,0.6988802824215731,-0.3496831436378485,0.004364964234796556,0.4997171913020475,1.0,0.5,1.0,0.116345
0.0021350000000000093,600,27017,0.0,0.18027563389348472,22.660647180411033,0.0001337039324070808,3.0483166644029653,19.61233051600807,0.019003571095829966,0.785180636833342,0.10475,0.75,0.1,1.0
0.0,300,27017,0.0,0.09974319868206098,11.38568612955726,0.00013373191563300317,3.0543893546028538,8.331296774954406,0.019084432967945927,0.7130339673391091,0.19025,0.75,0.2,1.0
0.0004049999999999554,200,27017,0.0,0.06312584835770287,7.537226293909722,0.0001169617912343648,3.028536122311639,4.508690171598083,0.018925114431325215,0.7458279080183059,0.2985,0.75,0.3,1.0
0.00047812499999996816,150,27017,0.0,0.042339364334024965,5.096600981708254,7.66871758849165e-05,2.728143676617904,2.3684573050903497,0.017034586385588607,0.7519182112872996,0.40125,0.75,0.4,0.9999975
0.0004004999999999559,120,27017,0.0045,0.030581721430083874,3.649622635466209,1.1512504041285175e-05,2.4354734712025414,1.2141491642636675,0.015212548892515962,0.7454531201248293,0.49725,0.75,0.5,0.9950640000000001
0.0005450000000000066,100,27017,0.109,0.022894070751289755,2.7747613750563187,-0.0002107362157886125,2.2076370451936462,0.5671243298626725,0.01379077680626088,0.757071544822602,0.606,0.75,0.6,0.898075
0.0006623500000000381,86,27017,0.3495,0.017829108661461784,2.1795907047550416,4.338501194018943e-05,2.0302361039423036,0.149354600812738,0.012684588095837663,0.7636240864935501,0.71075,0.75,0.7,0.6409379
0.0005712500000000182,75,27017,0.622,0.013801243434768068,1.6763335306955165,0.00040890259255831757,1.8019310770134995,-0.12559754631798303,0.011253350589537664,0.7587112418565617,0.80975,0.75,0.8,0.379185
0.0006662500000000377,67,27017,0.776,0.011379493438960381,1.3914275602488806,0.000784782642407503,1.6730253058718156,-0.28159774562293505,0.010452456244262004,0.7637864945807232,0.9125,0.75,0.9,0.2374908
0.00044999999999995044,60,27017,0.841,0.009495742415432896,1.1394890898519474,nan,1.5185699392567915,-0.3790808494048441,0.009495742415432896,0.7495757869530713,1.0,0.75,1.0,0.16006700000000001
0.729245,800,27017,0.0,0.2163519213965697,36.26058202606508,0.0001337039324070808,3.6544280810105993,32.60615394505448,0.022782562211778115,1.0469075157777896,0.10475,1.0,0.1,1.0
0.265,400,27017,0.0,0.13130742555468092,19.984990169422428,0.00013373191563300317,4.017467398131333,15.967522771291094,0.025089527130461864,0.9507119564521453,0.19025,1.0,0.2,1.0
0.481632525,267,27017,0.0,0.08841278854641872,14.092910081510597,0.0001169617912343648,4.237842188283508,9.85506789322709,0.0264732660776569,0.9956802572044384,0.2985,1.0,0.3,1.0
0.5175625,200,27017,0.0,0.06239058550148112,10.01368897298772,7.66871758849165e-05,4.0151464022172405,5.99854257077048,0.025080138879030392,1.0025576150497328,0.40125,1.0,0.4,1.0
0.472572,160,27017,0.0,0.046456807289567824,7.392207175916034,1.1512504041285175e-05,3.6989321942803812,3.6932749816356525,0.023106435336144357,0.9939374934997726,0.49725,1.0,0.5,1.0
0.5402028999999999,133,27017,0.0,0.03602996898132668,5.807886879913935,-0.0002107362157886125,3.4822279777756497,2.3256589021382856,0.021751131133663257,1.0069051546140606,0.606,1.0,0.6,0.9999847749999999
0.5673514,114,27017,0.0055,0.02826827596164873,4.580902387861139,4.338501194018943e-05,3.2171490287771927,1.3637533590839461,0.020104226254445537,1.0122458820961013,0.71075,1.0,0.7,0.99494425
0.56416125,100,27017,0.0745,0.022529451226962587,3.648644626206591,0.00040890259255831757,2.9320820475790494,0.7165625786275416,0.018321016849267173,1.0116149891420823,0.80975,1.0,0.8,0.9219375000000001
0.5790949999999999,89,27017,0.256,0.018440599065974044,2.9952143032908354,0.000784782642407503,2.7029535531686464,0.292260750122189,0.016895715128911973,1.0145820599654383,0.9125,1.0,0.9,0.738874375
0.50115,80,27017,0.487,0.015403518277463089,2.464562924394094,nan,2.4659725145057982,-0.001409590111704162,0.015403518277463089,0.999434382604095,1.0,1.0,1.0,0.501836
0.9999374999999999,1000,27017,0.0,0.2482444718116974,52.0072168445506,0.0001337039324070808,4.190482043830179,47.81673480072042,0.02612330686776274,1.3086343947222367,0.10475,1.25,0.1,1.0
0.99124375,500,27017,0.0,0.15893041400371943,30.236511264207614,0.00013373191563300317,4.858566866783616,25.377944397424,0.030344800682891446,1.1883899455651816,0.19025,1.25,0.2,1.0
0.998940425,333,27017,0.0,0.1106793975619796,22.003174914719107,0.0001169617912343648,5.29970784479734,16.703467069921768,0.03311984886880182,1.2418034668504792,0.2985,1.25,0.3,1.0
0.9993187499999999,250,27017,0.0,0.08183689659881116,16.41852738013649,7.66871758849165e-05,5.262621531016136,11.155905849120352,0.032882971206834075,1.253197018812166,0.40125,1.25,0.4,1.0
0.9989825,200,27017,0.0,0.06304922404938021,12.540490663421723,1.1512504041285175e-05,5.018524425093447,7.521966238328276,0.03135701456996106,1.2424218668747156,0.49725,1.25,0.5,1.0
0.9995904000000001,167,27017,0.0,0.0495701741274516,10.033201524092714,-0.0002107362157886125,4.794789956783758,5.238411567308956,0.02995649545221496,1.2643094798537453,0.606,1.25,0.6,1.0
0.9996568625,143,27017,0.0,0.03964204145753423,8.058216156259538,4.338501194018943e-05,4.510500859036953,3.5477152972225854,0.028188130080646148,1.2697470275416007,0.71075,1.25,0.7,1.0
0.99959375,125,27017,0.0,0.03233016129589192,6.54483702733712,0.00040890259255831757,4.199859660701094,2.3449773666360265,0.026257141827582705,1.264518736427603,0.80975,1.25,0.8,0.9999625
0.9996075000000001,111,27017,0.0105,0.02707109504345127,5.483927078427142,0.000784782642407503,3.962065834141594,1.5218612442855477,0.024771042708359944,1.2653776253501532,0.9125,1.25,0.9,0.9897697999999998
0.9992249999999999,100,27017,0.041,0.02257442703754586,4.514885407509171,nan,3.6103464520648907,0.9045389554442802,0.02257442703754586,1.2492929782551188,1.0,1.25,1.0,0.9572875
1.0,1200,27017,0.0,0.27227218202398834,68.4492265608307,0.0001337039324070808,4.595074470644318,63.854152090186375,0.02864020951250022,1.570361273666684,0.10475,1.5,0.1,1.0
1.0,600,27017,0.0,0.18152240225778646,41.44156443545265,0.00013373191563300317,5.546836292449101,35.89472814300355,0.034642926448227696,1.4260679346782181,0.19025,1.5,0.2,1.0
1.0,400,27017,0.0,0.13172568559573408,31.456093720261293,0.0001169617912343648,6.306882604680134,25.14921111558116,0.03940216584687753,1.4916558160366118,0.2985,1.5,0.3,1.0
1.0,300,27017,0.0,0.0998670007650966,24.042980434197013,7.66871758849165e-05,6.422966634061137,17.620013800135876,0.0401175505035561,1.5038364225745993,0.40125,1.5,0.4,1.0
1.0,240,27017,0.0,0.07785956442403075,18.583520836727654,1.1512504041285175e-05,6.197744545742677,12.385776290984978,0.03872145632125604,1.4909062402496587,0.49725,1.5,0.5,1.0
1.0,200,27017,0.0,0.06281261443704031,15.225777739538577,-0.0002107362157886125,6.0784634619851055,9.147314277553471,0.037981414279825716,1.514143089645204,0.606,1.5,0.6,1.0
1.0,171,27017,0.0,0.051405332433013526,12.495428289153415,4.338501194018943e-05,5.84981416356235,6.645614125591065,0.03654888914146807,1.518368823144152,0.71075,1.5,0.7,1.0
1.0,150,27017,0.0,0.04248070448191634,10.319625136269527,0.00040890259255831757,5.5145112020010245,4.805113934268503,0.03447654417246598,1.5174224837131234,0.80975,1.5,0.8,1.0
1.0,133,27017,0.0,0.03530569424010171,8.569574634428687,0.000784782642407503,5.163164977337221,3.4064096570914657,0.03228511447530347,1.5161731907348686,0.9125,1.5,0.9,0.999993825
1.0,120,27017,0.001,0.030293023007612538,7.27032552182701,nan,4.845229997389606,2.4250955244374035,0.030293023007612538,1.4991515739061425,1.0,1.5,1.0,0.9999589999999999
1.0,1600,27017,0.0,0.30619233871969154,102.63567193884064,0.0001337039324070808,5.164949197869907,97.47072274097074,0.03219334592637512,2.0938150315555792,0.10475,2.0,0.1,1.0
1.0,800,27017,0.0,0.218353284216583,66.4667397155279,0.00013373191563300317,6.6690465578745615,59.797693157653335,0.041650001740888745,1.9014239129042907,0.19025,2.0,0.2,1.0
1.0,533,27017,0.0,0.16515085001175736,52.55116562459123,0.0001169617912343648,7.904866977231207,44.64629864736002,0.04937957742506047,1.987631374868785,0.2985,2.0,0.3,1.0
1.0,400,27017,0.0,0.1309478290368423,42.03425312082638,7.66871758849165e-05,8.419989296731378,33.614263824095,0.05258873284759407,2.0051152300994657,0.40125,2.0,0.4,1.0
1.0,320,27017,0.0,0.1058198686655588,33.67611500412744,1.1512504041285175e-05,8.423946503920329,25.252168500207112,0.05262471760535587,1.9878749869995451,0.49725,2.0,0.5,1.0
1.0,267,27017,0.0,0.08785532853098783,28.43033573394178,-0.0002107362157886125,8.506644887768402,19.92369084617338,0.053157299020757914,2.021381024676347,0.606,2.0,0.6,1.0
1.0,229,27017,0.0,0.07318196638068777,23.822449833123823,4.338501194018943e-05,8.323376852005083,15.49907298111874,0.05202663171977753,2.033371114035151,0.71075,2.0,0.7,1.0
1.0,200,27017,0.0,0.06213021583599487,20.12397690927874,0.00040890259255831757,8.058102757729724,12.065874151549014,0.05038773599143107,2.0232299782841645,0.80975,2.0,0.8,1.0
1.0,178,27017,0.0,0.053646055956889725,17.42692127759562,0.000784782642407503,7.842086728434664,9.584834549160957,0.04902069454187253,2.0291641199308765,0.9125,2.0,0.9,1.0
1.0,160,27017,0.0,0.046378839056274344,14.84122849800779,nan,7.415782796320494,7.425445701687297,0.046378839056274344,1.99886876520819,1.0,2.0,1.0,1.0
0.0,200,27018,0.0,0.06369612949268601,2.4140833077728,0.00019173268394188892,0.9887127864526916,1.4253705213201084,0.006208774281570394,0.2371920961835854,0.09475,0.25,0.1,0.999825
0.0,100,27018,0.2995,0.023421016482645197,0.950893269195395,0.00024685336329402746,0.7890717197072737,0.16182154948812122,0.004951208476522316,0.25408968614917066,0.203,0.25,0.2,0.6924399999999999
0.0,67,27018,0.68,0.012014841127293554,0.4954740258278952,0.000351049575229412,0.6271065196298304,-0.13163249380193526,0.003940581425377152,0.2580856532576989,0.30775,0.25,0.3,0.32419125
0.0,50,27018,0.7925,0.006701051872693125,0.27189517973452354,0.00043941951800789344,0.47269842993805206,-0.20080325020352852,0.0029800768459214257,0.2539332269828226,0.40575,0.25,0.4,0.21261000000000002
0.0,40,27018,0.8325,0.004609391647851,0.18373035108334088,0.0005205856599918654,0.40587491724250224,-0.22214456615916137,0.0025578332434426795,0.2494584948252695,0.49825,0.25,0.5,0.17855100000000002
0.0,33,27018,0.827,0.003340310457966614,0.13299279072871173,0.0005161441374543765,0.35169102019895127,-0.21869822947023954,0.0022198224703033832,0.24917373914251612,0.60325,0.25,0.6,0.17796114999999998
0.0,29,27018,0.8205,0.002536797537759921,0.1027732786472677,0.0005994627308160132,0.30924177465855146,-0.20646849601128375,0.0019526910934663329,0.2535452082502796,0.6985,0.25,0.7,0.181366875
0.0,25,27018,0.825,0.00211932101004215,0.08419002712392441,0.0007398452497030819,0.2909900835967606,-0.20680005647283617,0.0018358387412924712,0.24861361532699028,0.7945,0.25,0.8,0.1817125
0.0,22,27018,0.788,0.0015646803327574858,0.06161711150398979,0.0009358336871010685,0.23697864367017646,-0.17536153216618666,0.001498651434963562,0.2464544788313877,0.895,0.25,0.9,0.21636794999999998
0.0,20,27018,0.739,0.0012495529250055846,0.04998211700022337,nan,0.19763134097038373,-0.14764922397016036,0.0012495529250055846,0.2503346661568184,1.0,0.25,1.0,0.2581565
0.0,400,27018,0.0,0.13037068192140866,9.882097689642777,0.00019173268394188892,1.995766658691295,7.886331030951482,0.012526188124191866,0.4743841923671708,0.09475,0.5,0.1,1.0
0.0,200,27018,0.0,0.0630352341304238,5.118461011390413,0.00024685336329402746,2.0744371550467675,3.0440238563436455,0.012992894659021372,0.5081793722983413,0.203,0.5,0.2,1.0
0.0,133,27018,0.005,0.035935718152692614,2.941751791556647,0.000351049575229412,1.8022118449989106,1.1395399465577363,0.011302231329943712,0.5123192818399097,0.30775,0.5,0.3,0.99630015
0.0,100,27018,0.192,0.0232287853441081,1.8850159306743721,0.00043941951800789344,1.5422089783726576,0.34280695230171454,0.009686204701948052,0.5078664539656452,0.40575,0.5,0.4,0.817735
0.0,80,27018,0.544,0.01592850553791692,1.2698204614827369,0.0005205856599918654,1.3058958683301858,-0.03607540684744892,0.008197581739168023,0.498916989650539,0.49825,0.5,0.5,0.4584480000000001
0.0,67,27018,0.7285,0.011862297364026754,0.9588947385697847,0.0005161441374543765,1.171545703246439,-0.21265096467665423,0.007360711071384163,0.5058981976529873,0.60325,0.5,0.6,0.2596537
0.0,57,27018,0.8405,0.00874198530005291,0.6961155474579132,0.0005994627308160132,0.9993590408560307,-0.3032434933981175,0.0062870147454279855,0.4983474782850323,0.6985,0.5,0.7,0.16538225
0.0,50,27018,0.883,0.006828248310366376,0.5425043282586085,0.0007398452497030819,0.8874602307119621,-0.3449559024533536,0.0055770814814000685,0.49722723065398056,0.7945,0.5,0.8,0.1180225
0.0,44,27018,0.9035,0.0055555944614960485,0.43755861978742877,0.0009358336871010685,0.8059678939335069,-0.3684092741460781,0.005070519580184576,0.4929089576627754,0.895,0.5,0.9,0.0934564
0.0,40,27018,0.901,0.004592515651999875,0.36740125215999014,nan,0.7305944256289898,-0.36319317346899965,0.004592515651999875,0.5006693323136368,1.0,0.5,1.0,0.093511
5.9999999999993395e-05,600,27018,0.0,0.18106176468561636,20.58672264475458,0.00019173268394188892,2.7623830948690915,17.82433954988549,0.017329168216100543,0.7115762885507563,0.09475,0.75,0.1,1.0
0.000680000000000025,300,27018,0.0,0.10049197130911709,12.239922105450463,0.00024685336329402746,3.288235186594499,8.951686918855962,0.020596612306296114,0.762269058447512,0.203,0.75,0.2,1.0
0.000972500000000004,200,27018,0.0,0.06338251394327879,7.802387466417619,0.000351049575229412,3.151066228229699,4.65132123818792,0.019748982734496608,0.7704049350976087,0.30775,0.75,0.3,1.0
0.0006631250000000226,150,27018,0.0,0.04275296608657374,5.204104796888188,0.00043941951800789344,2.8068741121581966,2.397230684729992,0.017608141038203486,0.761799680948468,0.40575,0.75,0.4,1.0
0.00023299999999997433,120,27018,0.0085,0.030638313286986206,3.6637295028578105,0.0005205856599918654,2.4745313736921033,1.1891981291657072,0.015526743450141796,0.7483754844758086,0.49825,0.75,0.5,0.993197
0.00042124999999998967,100,27018,0.1245,0.023227108171711145,2.8023506009169505,0.0005161441374543765,2.2645050592710767,0.5378455416458738,0.014216533191119773,0.7550719367955033,0.60325,0.75,0.6,0.875525
0.00030694999999997404,86,27018,0.386,0.017497403901236875,2.1021730995024006,0.0005994627308160132,1.9737727662096372,0.12840033329276346,0.012402674638354984,0.7518926865353118,0.6985,0.75,0.7,0.6219648000000001
0.0001924999999999788,75,27018,0.629,0.014235721208410197,1.696542075012285,0.0007398452497030819,1.825996766563858,-0.12945469155157285,0.011462318698895885,0.7458408459809708,0.7945,0.75,0.8,0.36907499999999993
0.0002679999999999705,67,27018,0.772,0.011886612759922944,1.4255614682975588,0.0009358336871010685,1.7095550212214223,-0.2839935529238635,0.010736780957276646,0.7505659128046808,0.895,0.75,0.9,0.237432025
0.0002749999999999697,60,27018,0.8475,0.009552932013763662,1.1463518416516394,nan,1.5214951301565587,-0.3751432885049193,0.009552932013763662,0.7510039984704551,1.0,0.75,1.0,0.15095
0.25617,800,27018,0.0,0.21804213998639174,33.055188421937,0.00019173268394188892,3.322200038478615,29.73298838345838,0.020833058775849015,0.9487683847343416,0.09475,1.0,0.1,1.0
0.588205,400,27018,0.0,0.13154933943366187,21.363612724026684,0.00024685336329402746,4.294701301061036,17.06891142296565,0.026901258035578697,1.0163587445966826,0.203,1.0,0.2,1.0
0.6470476999999999,267,27018,0.0,0.0888747917060593,14.605549956786223,0.000351049575229412,4.403237839412364,10.20231211737386,0.027594231215992308,1.0284905883553075,0.30775,1.0,0.3,1.0
0.5851474999999999,200,27018,0.0,0.062468258200882636,10.138598306003253,0.00043941951800789344,4.084802900858875,6.053795405144378,0.025607620813584323,1.0157329079312905,0.40575,1.0,0.4,1.0
0.49477699999999997,160,27018,0.0,0.04699918041430051,7.493549325256074,0.0005205856599918654,3.7761666461218906,3.7173826791341837,0.023678545496326153,0.997833979301078,0.49825,1.0,0.5,1.0
0.52796385,133,27018,0.0,0.03637445676433909,5.836809017461291,0.0005161441374543765,3.530822920883901,2.30598609657739,0.022147671229622582,1.0042456759380194,0.60325,1.0,0.6,0.9999586500000001
0.48871639999999994,114,27018,0.0065,0.02794727395782596,4.4508269559754465,0.0005994627308160132,3.138378106369872,1.3124488496055746,0.019701908872882458,0.9966949565700646,0.6985,1.0,0.7,0.994579
0.47673,100,27018,0.081,0.02286620033777663,3.6334392336727057,0.0007398452497030819,2.9210281033347805,0.7124111303379252,0.01831923436717751,0.9944544613079611,0.7945,1.0,0.8,0.9190425
0.490448,89,27018,0.271,0.019223578915281824,3.062508356993548,0.0009358336871010685,2.755817070331764,0.3066912866617839,0.01730336566632285,0.9970203916360684,0.895,1.0,0.9,0.7378831000000001
0.513425,80,27018,0.4775,0.01576284887179004,2.5220558194864062,nan,2.5131571599328497,0.00889865955355651,0.01576284887179004,1.0013386646272735,1.0,1.0,1.0,0.5242199999999999
0.9920625000000001,1000,27018,0.0,0.24832651130662248,47.05787389260495,0.00019173268394188892,3.7792514969771873,43.278622395627764,0.023702502958440876,1.1859604809179272,0.09475,1.25,0.1,1.0
0.9998,500,27018,0.0,0.15827921950790888,32.1306815601055,0.00024685336329402746,5.161156220465632,26.96952533963987,0.03232742369065083,1.2704484307458532,0.203,1.25,0.2,1.0
0.999973075,333,27018,0.0,0.110892866663108,22.728768290570617,0.000351049575229412,5.485218236751057,17.24355005381956,0.03437029378402406,1.2827242169375184,0.30775,1.25,0.3,1.0
0.99978125,250,27018,0.0,0.08160592779684141,16.555802601784205,0.00043941951800789344,5.324308380855354,11.231494220928852,0.03337273025214459,1.2696661349141132,0.40575,1.25,0.4,1.0
0.9991150000000001,200,27018,0.0,0.06308885950591986,12.57360969952983,0.0005205856599918654,5.05814674969199,7.515462949837841,0.03169522810372549,1.2472924741263476,0.49825,1.25,0.5,1.0
0.9995856875,167,27018,0.0,0.050238392691214113,10.122307670585622,0.0005161441374543765,4.866546433454248,5.255761237131374,0.03051109057750994,1.2609701344484907,0.60325,1.25,0.6,1.0
0.9992563,143,27018,0.0,0.03984118732889487,7.9591138338806555,0.0005994627308160132,4.465672713882235,3.4934411199984208,0.028009807362574093,1.250240164820344,0.6985,1.25,0.7,1.0
0.998884375,125,27018,0.0,0.03243543166006299,6.4424876134800115,0.0007398452497030819,4.1334554377367425,2.309032175743269,0.02592198865273403,1.2430680766349511,0.7945,1.25,0.8,0.99994375
0.99890875,111,27018,0.0065,0.027447948125472195,5.45363281305007,0.0009358336871010685,3.9310543004943144,1.5225785125557554,0.024664176109443225,1.243474870467456,0.895,1.25,0.9,0.9945496749999999
0.999325,100,27018,0.0395,0.02274368548026837,4.548737096053674,nan,3.6259111258739387,0.9228259701797357,0.02274368548026837,1.251673330784092,1.0,1.25,1.0,0.9630799999999999
1.0,1200,27018,0.0,0.2725391590813344,61.975404775095434,0.00019173268394188892,4.146400751629616,57.82900402346582,0.025996651335094833,1.4231525771015126,0.09475,1.5,0.1,1.0
1.0,600,27018,0.0,0.17977823106878413,43.79397708835584,0.00024685336329402746,5.858731151976663,37.935245936379175,0.03669172303750853,1.524538116895024,0.203,1.5,0.2,1.0
1.0,400,27018,0.0,0.13074074019856002,32.18837023688548,0.000351049575229412,6.462259377293067,25.726110859592417,0.040478476864559396,1.5408098701952173,0.30775,1.5,0.3,1.0
1.0,300,27018,0.0,0.09859255119412617,24.002356588210013,0.00043941951800789344,6.4245224506517795,17.577834137558234,0.040265052695592884,1.523599361896936,0.40575,1.5,0.4,1.0
1.0,240,27018,0.0,0.07848632358826145,18.770789149368603,0.0005205856599918654,6.280600592415937,12.490188556952667,0.03936701458275219,1.4967509689516172,0.49825,1.5,0.5,1.0
1.0,200,27018,0.0,0.06308845769782247,15.22324484248456,0.0005161441374543765,6.103885851284815,9.119358991199745,0.03826289229274643,1.5101438735910067,0.60325,1.5,0.6,1.0
1.0,171,27018,0.0,0.051247566879704456,12.242377509191956,0.0005994627308160132,5.736125409606868,6.506252099585088,0.03597716347881459,1.4950424348550968,0.6985,1.5,0.7,1.0
1.0,150,27018,0.0,0.042456533892827095,10.119514853355339,0.0007398452497030819,5.404963173713657,4.714551679641682,0.03388375437666511,1.4916816919619416,0.7945,1.5,0.8,1.0
1.0,133,27018,0.0,0.0360209690385297,8.575512099002767,0.0009358336871010685,5.1557578571691,3.419754241833667,0.0323370298266297,1.4899293492988437,0.895,1.5,0.9,1.0
1.0,120,27018,0.0,0.03051475889447223,7.323542134673335,nan,4.866018849421594,2.4575232852517415,0.03051475889447223,1.5020079969409101,1.0,1.5,1.0,0.9999750000000001
1.0,1600,27018,0.0,0.3067914728438556,93.01917456625702,0.00019173268394188892,4.663676229546216,88.35549833671081,0.02924205806409371,1.897536769468683,0.09475,2.0,0.1,1.0
1.0,800,27018,0.0,0.21866155749805416,71.02127387536797,0.00024685336329402746,7.1202698734048635,63.9010040019631,0.04458503830265033,2.0327174891933653,0.203,2.0,0.2,1.0
1.0,533,27018,0.0,0.1660526895994658,54.47549442903515,0.000351049575229412,8.196336150006962,46.27915827902819,0.051345729292688165,2.053129152035127,0.30775,2.0,0.3,1.0
1.0,400,27018,0.0,0.1307658966394097,42.44661004915241,0.00043941951800789344,8.509873676488642,33.93673637266377,0.053319387610016686,2.031465815862581,0.40575,2.0,0.4,1.0
1.0,320,27018,0.0,0.10611977563874816,33.83947405568399,0.0005205856599918654,8.480068981087921,25.359405074596072,0.05313538206690718,1.995667958602156,0.49825,2.0,0.5,1.0
1.0,267,27018,0.0,0.08873590694121235,28.584985750460913,0.0005161441374543765,8.573004971798238,20.011980778662675,0.053734716048821365,2.016042071243994,0.60325,2.0,0.6,1.0
1.0,229,27018,0.0,0.07402436116235006,23.681355452530887,0.0005994627308160132,8.275679749736618,15.40567570279427,0.05188675428524254,2.0021328513556558,0.6985,2.0,0.7,1.0
1.0,200,27018,0.0,0.06271790198507389,19.931749250856477,0.0007398452497030819,7.9754131525882785,11.9563360982682,0.04998141132595519,1.9889089226159222,0.7945,2.0,0.8,1.0
1.0,178,27018,0.0,0.05436919371335824,17.323112500950206,0.0009358336871010685,7.776025226875105,9.5470872740751,0.048758690910601234,1.9940407832721367,0.895,2.0,0.9,1.0
1.0,160,27018,0.0,0.04637935508884926,14.841393628431762,nan,7.3980796686863295,7.443313959745432,0.04637935508884926,2.002677329254547,1.0,2.0,1.0,1.0
0.0,200,27019,0.0,0.06426824928774669,2.641425045726389,0.0003718463645401467,1.1088630888903455,1.5325619568360433,0.006937201764899619,0.25707905650109775,0.10275,0.25,0.1,0.99993
0.0,100,27019,0.2835,0.02372895540641436,0.9586497984191403,0.0002600037115766622,0.798509231025824,0.16014056739331628,0.005000731953933878,0.2527005810862373,0.202,0.25,0.2,0.70825
0.0,67,27019,0.6415,0.012560623291864198,0.519243606262374,8.696650866843395e-05,0.628345198016267,-0.109101591753893,0.003935089626284327,0.2585739931070287,0.3085,0.25,0.3,0.3487876
0.0,50,27019,0.736,0.007481435237446669,0.3031851629975263,-0.0001354496526052118,0.47176925901319255,-0.16858409601566626,0.0029512929490883126,0.25348245169603373,0.40525,0.25,0.4,0.271805
0.0,40,27019,0.7745,0.005067421745268599,0.20249417294093322,-0.0002259877813489712,0.3875211137862187,-0.18502694084528545,0.0024180702771965054,0.24994839653975345,0.4995,0.25,0.5,0.232362
0.0,33,27019,0.766,0.0033365636549585833,0.13102685473022357,1.1218170607282362e-05,0.31982758049987425,-0.18880072576965068,0.001989798733796306,0.24563247077367661,0.595,0.25,0.6,0.22484074999999998
0.0,29,27019,0.7925,0.0027406327936106284,0.11043516873493707,6.530176918561542e-05,0.3082739287292718,-0.1978387599943347,0.0019239879984048929,0.25204693725644733,0.69475,0.25,0.7,0.20955100000000002
0.0,25,27019,0.7795,0.002204124943724212,0.08788948213100294,-0.00019990938326542915,0.2767579497259324,-0.18886846759492942,0.0017173079925088095,0.2494167245250918,0.7975,0.25,0.8,0.21282625
0.0,22,27019,0.7765,0.0018105512989089521,0.0716978314367945,-0.0007174059246684679,0.2507736736898448,-0.17907584225305032,0.00155775557655121,0.24769660918353947,0.9,0.25,0.9,0.22554789999999997
0.0,20,27019,0.768,0.0014586750559770006,0.058347002239080015,nan,0.23505681357675168,-0.17670981133767166,0.0014586750559770006,0.25019859513488835,1.0,0.25,1.0,0.230995
0.0,400,27019,0.0,0.13149137992287238,10.80859142966011,0.0003718463645401467,2.2128424984179054,8.595748931242206,0.013844378437658783,0.5141581130021955,0.10275,0.5,0.1,1.0
0.0,200,27019,0.0,0.06382690612693635,5.157214015056457,0.0002600037115766622,2.0920923690841895,3.0651216459722677,0.013100517999479321,0.5054011621724745,0.202,0.5,0.2,1.0
0.0,133,27019,0.001,0.03638449261349334,2.985747848355877,8.696650866843395e-05,1.800962995499826,1.184784852856051,0.011284753312006917,0.5132886728841017,0.3085,0.5,0.3,0.99660265
0.0,100,27019,0.1595,0.023636362408475286,1.9157271732069217,-0.0001354496526052118,1.5173060896642652,0.3984210835426565,0.00949807718514766,0.5069649033920675,0.40525,0.5,0.4,0.8343625000000001
0.0,80,27019,0.46,0.015998472529714935,1.2785979245748171,-0.0002259877813489712,1.2587800570652623,0.019817867509554832,0.007878130144027447,0.4998967930795069,0.4995,0.5,0.5,0.533114
0.0,67,27019,0.698,0.011822875318540475,0.9426378491472321,1.1218170607282362e-05,1.1252449755808585,-0.1826071264336263,0.007039154173627532,0.49870834975261613,0.595,0.5,0.6,0.30028065
0.0,57,27019,0.8235,0.008917372225243947,0.7062692562976585,6.530176918561542e-05,0.9939862279933775,-0.2877169716957191,0.006215277718532142,0.4954026008143964,0.69475,0.5,0.7,0.169408975
0.0,50,27019,0.8865,0.0072148537046353945,0.5753845829446728,-0.00019990938326542915,0.9139468426543687,-0.3385622597096959,0.005713364179335478,0.4988334490501836,0.7975,0.5,0.8,0.12766999999999998
0.0,44,27019,0.883,0.005777558643887939,0.4575826445959248,-0.0007174059246684679,0.8215937817315354,-0.3640111371356106,0.005128062187032299,0.49539321836707895,0.9,0.5,0.9,0.1163585
0.0,40,27019,0.9085,0.004902705307252576,0.39221642458020617,nan,0.7855011596220173,-0.3932847350418111,0.004902705307252576,0.5003971902697767,1.0,0.5,1.0,0.09545399999999998
0.0009525000000000061,600,27019,0.0,0.17916421414084424,22.090947603566097,0.0003718463645401467,2.994685312523389,19.096262291042706,0.01874276215355539,0.7712371695032932,0.10275,0.75,0.1,1.0
0.0006000000000000449,300,27019,0.0,0.10004175947214661,12.125061248024165,0.0002600037115766622,3.2590770612245485,8.865984186799617,0.020415918375211787,0.7581017432587117,0.202,0.75,0.2,1.0
0.0009700000000000042,200,27019,0.0,0.0629594444995833,7.769195451248581,8.696650866843395e-05,3.1092854857709433,4.659909965477637,0.019483125968865672,0.7718626659911306,0.3085,0.75,0.3,1.0
0.0006468750000000398,150,27019,0.0,0.042894867509738005,5.2149435174963985,-0.0001354496526052118,2.762762953901876,2.4521805635945224,0.017302586377434377,0.7604473550881012,0.40525,0.75,0.4,0.99999625
0.0004320000000000013,120,27019,0.0035,0.0313071322058831,3.753099008841265,-0.0002259877813489712,2.479859717301931,1.2732392915393338,0.015524805652273444,0.7498451896192604,0.4995,0.75,0.5,0.996231
0.00029999999999996696,100,27019,0.125,0.022889366275541993,2.723834586789497,1.1218170607282362e-05,2.1759404037922576,0.5478941829972395,0.013623716293043436,0.7443408205262928,0.595,0.75,0.6,0.8739125
0.0003745499999999863,86,27019,0.3535,0.0180336708913876,2.154969570508144,6.530176918561542e-05,2.004912774840079,0.1500567956680654,0.012548826216835444,0.7474495380708438,0.69475,0.75,0.7,0.6432425499999999
0.00039374999999999133,75,27019,0.6125,0.014360263512545065,1.7178465226882034,-0.00019990938326542915,1.8253294548901573,-0.10748293220195393,0.01141182850114344,0.7482501735752755,0.7975,0.75,0.8,0.38891062500000007
0.0005250000000000311,67,27019,0.7435,0.011754963680923583,1.417648619919384,-0.0007174059246684679,1.6801268664640459,-0.2624782465446618,0.010507726720364378,0.7543487643316884,0.9,0.75,0.9,0.25906657499999997
0.00045000000000000595,60,27019,0.8585,0.009925620425990215,1.1910744511188258,nan,1.5878668569824592,-0.3967924058636334,0.009925620425990215,0.750595785404665,1.0,0.75,1.0,0.140225
0.64376,800,27019,0.0,0.2183571686978189,35.897918533921434,0.0003718463645401467,3.6396604024782837,32.25825813144315,0.022769838234284544,1.028316226004391,0.10275,1.0,0.1,1.0
0.5614250000000001,400,27019,0.0,0.1317093382615144,21.284229063060728,0.0002600037115766622,4.280966777406356,17.003262285654372,0.026812769290664094,1.010802324344949,0.202,1.0,0.2,1.0
0.6539384749999999,267,27019,0.0,0.08940422184295509,14.728362102186573,8.696650866843395e-05,4.41272438069886,10.315637721487713,0.027641339779295858,1.0304366590981593,0.3085,1.0,0.3,1.0
0.5761675,200,27019,0.0,0.06300276895997121,10.212748848411334,-0.0001354496526052118,4.064530321995472,6.148218526415862,0.025451313440141385,1.013929806784135,0.40525,1.0,0.4,1.0
0.506665,160,27019,0.0,0.04720028908272449,7.544494206982684,-0.0002259877813489712,3.74735759329019,3.797136613692494,0.023463437512255724,0.9997935861590138,0.4995,1.0,0.5,1.0
0.45436199999999993,133,27019,0.0,0.035902658518223704,5.682313763679265,1.1218170607282362e-05,3.4149250810095486,2.2673886826697167,0.021366625177439053,0.9899732912999694,0.595,1.0,0.6,0.999986225
0.4587643,114,27019,0.0035,0.028611228698024783,4.53210445945322,6.530176918561542e-05,3.1806120441959416,1.3514924152572783,0.01989758450299663,0.9908052016287928,0.69475,1.0,0.7,0.9958239000000001
0.495275,100,27019,0.0635,0.022765307797756817,3.631066593742212,-0.00019990938326542915,2.89537570322857,0.7356908905136419,0.01811485131859981,0.9976668981003672,0.7975,1.0,0.8,0.9364175
0.518365,89,27019,0.235,0.019250386231464512,3.083911874280615,-0.0007174059246684679,2.7559227039678635,0.32798917031275154,0.017253607015851217,1.002045373515228,0.9,1.0,0.9,0.7530121250000001
0.512025,80,27019,0.495,0.015951622578061354,2.5522596124898165,nan,2.550122286064954,0.002137326424862529,0.015951622578061354,1.0007943805395534,1.0,1.0,1.0,0.501056
0.9997625,1000,27019,0.0,0.24921001275172594,51.212657620479675,0.0003718463645401467,4.146048000736332,47.066609619743346,0.025939967960823488,1.2853952825054888,0.10275,1.25,0.1,1.0
0.9996499999999999,500,27019,0.0,0.15844599263934228,32.006090513147136,0.0002600037115766622,5.143062336101599,26.863028177045535,0.03221357347498532,1.2635029054311862,0.202,1.25,0.2,1.0
0.999761525,333,27019,0.0,0.10994260426334354,22.58891741455084,8.696650866843395e-05,5.423963766839273,17.164953647711567,0.03397743075598571,1.2851513388752323,0.3085,1.25,0.3,1.0
0.999696875,250,27019,0.0,0.08227272833128853,16.670511578127343,-0.0001354496526052118,5.313177373801625,11.357334204325717,0.03326046447536773,1.2674122584801688,0.40525,1.25,0.4,1.0
0.999325,200,27019,0.0,0.06284185991110541,12.555803610238865,-0.0002259877813489712,4.994844938847708,7.560958671391157,0.031276402141032,1.2497419826987672,0.4995,1.25,0.5,1.0
0.99916425,167,27019,0.0,0.04939253702338897,9.815778882658094,1.1218170607282362e-05,4.6946082430078935,5.121170639650201,0.029393102888012387,1.2430491702789088,0.595,1.25,0.6,1.0
0.9991571625,143,27019,0.0,0.03948155925700415,7.844926602027838,6.530176918561542e-05,4.3865096189429,3.4584169830849385,0.027449746658847543,1.2428521388852403,0.69475,1.25,0.7,0.999997525
0.999271875,125,27019,0.0,0.03237598721522963,6.454962451036407,-0.00019990938326542915,4.1191763818974,2.335786069139007,0.02577936815403438,1.2470836226254591,0.7975,1.25,0.8,0.9999687500000001
0.999325,111,27019,0.002,0.02715885938763907,5.426340105650287,-0.0007174059246684679,3.8940161999804666,1.5323239056698208,0.02437123285640832,1.2497419826987672,0.9,1.25,0.9,0.996867
0.99935,100,27019,0.0535,0.023623686587127934,4.7247373174255864,nan,3.775838673114355,0.9488986443112313,0.023623686587127934,1.2509929756744418,1.0,1.25,1.0,0.9453675
1.0,1200,27019,0.0,0.27142166236352544,66.93258193884537,0.0003718463645401467,4.509382469948094,62.42319946889728,0.02822221495843589,1.5424743390065865,0.10275,1.5,0.1,1.0
1.0,600,27019,0.0,0.1829501336756487,44.347112402977245,0.0002600037115766622,5.933802522842933,38.413309880134314,0.037163409964319216,1.5162034865174234,0.202,1.5,0.2,1.0
1.0,400,27019,0.0,0.13107533765655122,32.34939333363684,8.696650866843395e-05,6.464987094479994,25.884406239156846,0.04049687900779027,1.5437253319822613,0.3085,1.5,0.3,1.0
1.0,300,27019,0.0,0.09891211240592478,24.050480131500617,-0.0001354496526052118,6.389212561588845,17.66126756991177,0.04000357487161407,1.5208947101762025,0.40525,1.5,0.4,1.0
1.0,240,27019,0.0,0.07765932716058004,18.61960028002067,-0.0002259877813489712,6.176113711608841,12.443486568411828,0.038677727032144574,1.4996903792385208,0.4995,1.5,0.5,1.0
1.0,200,27019,0.0,0.06299150804527963,14.991978914776555,1.1218170607282362e-05,5.990444533801196,9.001534380975357,0.03748449064603733,1.4886816410525856,0.595,1.5,0.6,1.0
1.0,171,27019,0.0,0.05121803093737093,12.169634631858553,6.530176918561542e-05,5.688491863059664,6.48114276879889,0.03560366035878236,1.4862078024431893,0.69475,1.5,0.7,1.0
1.0,150,27019,0.0,0.04277166810293359,10.23312159362686,-0.00019990938326542915,5.44489489756932,4.78822669605754,0.034069923661978294,1.496500347150551,0.7975,1.5,0.8,1.0
1.0,133,27019,0.0,0.035819971455047624,8.5753011663384,-0.0007174059246684679,5.138142587619501,3.4371585787188996,0.03216623371707601,1.4974385918823068,0.9,1.5,0.9,0.999999575
1.0,120,27019,0.0,0.03085036037261447,7.404086489427473,nan,4.929100193699338,2.4749862957281348,0.03085036037261447,1.50119157080933,1.0,1.5,1.0,0.999954
1.0,1600,27019,0.0,0.3069463719254656,100.92396708909307,0.0003718463645401467,5.09421973725744,95.82974735183564,0.03187237886592524,2.056632452008782,0.10275,2.0,0.1,1.0
1.0,800,27019,0.0,0.2197630949410442,71.02743228494552,0.0002600037115766622,7.12160684756081,63.905825437384706,0.044599628139929105,2.021604648689898,0.202,2.0,0.2,1.0
1.0,533,27019,0.0,0.16550239615701423,54.427283502591834,8.696650866843395e-05,8.162904872833437,46.2643786297584,0.05111762655518311,2.057014004866363,0.3085,2.0,0.3,1.0
1.0,400,27019,0.0,0.13016886216784657,42.20074511481586,-0.0001354496526052118,8.414110196406323,33.78663491840953,0.05267037271263287,2.02785961356827,0.40525,2.0,0.4,1.0
1.0,320,27019,0.0,0.10650169696385363,34.04646248540472,-0.0002259877813489712,8.478647596108964,25.567814889295754,0.05308449074887971,1.9995871723180276,0.4995,2.0,0.5,1.0
1.0,267,27019,0.0,0.0881844195180727,28.01883561347724,1.1218170607282362e-05,8.383825256637946,19.635010356839295,0.05247427297234921,1.9873899908052015,0.595,2.0,0.6,1.0
1.0,229,27019,0.0,0.07428285698521433,23.636470819838767,6.530176918561542e-05,8.248751770479068,15.3877190493597,0.05162794825552157,1.9903016769560837,0.69475,2.0,0.7,1.0
1.0,200,27019,0.0,0.06232446617120791,19.881504708615328,-0.00019990938326542915,7.937301870009637,11.94420283860569,0.04966328012142707,1.9953337962007345,0.7975,2.0,0.8,1.0
1.0,178,27019,0.0,0.054284927376520756,17.392890731437248,-0.0007174059246684679,7.793837681101064,9.599053050336185,0.04878469404640182,2.004090747030456,0.9,2.0,0.9,1.0
1.0,160,27019,0.0,0.0466019265368793,14.912616491801378,nan,7.444962823442508,7.46765366835887,0.0466019265368793,2.0015887610791068,1.0,2.0,1.0,1.0
0.0,200,27020,0.0005,0.05966298437979469,2.3029911970600745,0.0001394284471451729,0.9385147661431678,1.3644764309169068,0.005883451594645851,0.24127473065989266,0.0965,0.25,0.1,0.9998549999999999
0.0,100,27020,0.304,0.02104900316443926,0.8398552262611265,0.0003012955284434417,0.7086525639198862,0.13120266234124034,0.004440463201824608,0.2494005635577647,0.1995,0.25,0.2,0.6892325
0.0,67,27020,0.647,0.011002367748769181,0.43529217642842954,0.00021123461179026396,0.5418888951443847,-0.10659671871595511,0.003397316670483289,0.24729722296535395,0.29525,0.25,0.3,0.35157265
0.0,50,27020,0.7475,0.006422469170765162,0.25609595818426084,0.000255892840932936,0.4316982495845454,-0.17560229140028455,0.002714815152453536,0.2492442975404979,0.39875,0.25,0.4,0.2528175
0.0,40,27020,0.78,0.004234108905782961,0.1684328522720462,0.0004460479151572719,0.37002908786198185,-0.20159623558993564,0.002329661242745896,0.24865048667488418,0.49725,0.25,0.5,0.21580000000000002
0.0,33,27020,0.7535,0.0027537350563482605,0.10886616171767212,0.00031093137068620804,0.2810855324242125,-0.17221937070654042,0.001774170778397777,0.24711282906497914,0.599,0.25,0.6,0.23939042500000002
0.0,29,27020,0.77,0.0021049456764885926,0.08485036021925517,0.0006441402609473592,0.26243649188511686,-0.17758613166586168,0.0016594000247485163,0.2519633262409397,0.695,0.25,0.7,0.22502595
0.0,25,27020,0.765,0.0015657692226904232,0.06276777371460235,0.0010016511837585497,0.2301335707323266,-0.16736579701772425,0.0014539328214721794,0.2505725586872654,0.80175,0.25,0.8,0.235114375
0.0,22,27020,0.717,0.00139030508154268,0.05508666794088408,0.000189644265281653,0.2007646756528373,-0.14567800771195322,0.0012708393303247079,0.24766288544575818,0.9005,0.25,0.9,0.26354095
0.0,20,27020,0.716,0.0011866677598131661,0.04746671039252664,nan,0.18648761532805191,-0.13902090493552527,0.0011866677598131661,0.2500256276268317,1.0,0.25,1.0,0.2696975
0.0,400,27020,0.0,0.12893773118404128,9.95399284740799,0.0001394284471451729,2.009897317773992,7.944095529633998,0.012568464661255647,0.4825494613197853,0.0965,0.5,0.1,1.0
0.0,200,27020,0.0,0.061925899886042565,4.941686810906197,0.0003012955284434417,2.013835104240362,2.927851706665835,0.012595404097784467,0.4988011271155294,0.1995,0.5,0.2,1.0
0.0,133,27020,0.003,0.034796551685158404,2.7327993814214433,0.00021123461179026396,1.6662509740067861,1.0665484074146572,0.010422549477702207,0.49090344260286684,0.29525,0.5,0.3,0.996251
0.0,100,27020,0.2185,0.022610693496204638,1.80320280632232,0.000255892840932936,1.4645598795902675,0.33864292673205254,0.009169869602222528,0.4984885950809958,0.39875,0.5,0.4,0.77981
0.0,80,27020,0.5395,0.01567879651515596,1.2474050507458085,0.0004460479151572719,1.2792111410638651,-0.03180609031805659,0.00802053215650662,0.49730097334976836,0.49725,0.5,0.5,0.46464400000000006
0.0,67,27020,0.708,0.011142049805631,0.8943277696987778,0.00031093137068620804,1.083370277998227,-0.18904250829944924,0.006798771313218139,0.5017139256773818,0.599,0.5,0.6,0.283234725
0.0,57,27020,0.808,0.008232805726408247,0.6522851977033254,0.0006441402609473592,0.9426278966053103,-0.29034269890198494,0.005918262759442676,0.49523826192184695,0.695,0.5,0.7,0.178695725
0.0,50,27020,0.875,0.006366251890304993,0.5104142453052027,0.0010016511837585497,0.8442849036555483,-0.3338706583503456,0.00530271980023216,0.5011451173745308,0.80175,0.5,0.8,0.11608125
0.0,44,27020,0.865,0.00513062529351436,0.406571270759252,0.000189644265281653,0.7393569692671705,-0.33278569850791856,0.004638997681205206,0.49532577089151636,0.9005,0.5,0.9,0.1317286
0.0,40,27020,0.8865,0.004433021221578721,0.3546416977262976,nan,0.7057259004546812,-0.3510842027283836,0.004433021221578721,0.5000512552536635,1.0,0.5,1.0,0.113506
0.00015999999999998237,600,27020,0.0,0.17747520402781866,20.551628626421397,0.0001394284471451729,2.759646353513746,17.791982272907653,0.017252330790680167,0.723824191979678,0.0965,0.75,0.1,1.0
0.00047999999999998597,300,27020,0.0,0.09799750389378942,11.730301216086595,0.0003012955284434417,3.1665743642489184,8.563726851837677,0.019791689097329965,0.748201690673294,0.1995,0.75,0.2,1.0
0.0002624999999999711,200,27020,0.0,0.06210663167530129,7.334793200853079,0.00021123461179026396,2.9584400151155283,4.3763531857375515,0.01848585059479189,0.7382006655682208,0.29525,0.75,0.3,1.0
0.00046874999999998307,150,27020,0.0,0.042771368028796955,5.116524900444836,0.000255892840932936,2.7505770031795835,2.3659478972652526,0.01720893857209371,0.7477328926214937,0.39875,0.75,0.4,0.99999125
0.000425999999999972,120,27020,0.0065,0.030207431537815268,3.6049548797228734,0.0004460479151572719,2.4345981253245,1.1703567543983735,0.01524489592152396,0.7459514600246525,0.49725,0.75,0.5,0.993369
0.0004949999999999899,100,27020,0.1215,0.022580186698526614,2.7051063664834882,0.00031093137068620804,2.178890284557561,0.5262160819259272,0.013650215312062612,0.748826754742361,0.599,0.75,0.6,0.8794474999999999
0.00045599999999997975,86,27020,0.396,0.017091039363121292,2.04306284546752,0.0006441402609473592,1.9263268354042924,0.11673601006322754,0.012074735136958243,0.7472015881627866,0.695,0.75,0.7,0.6100078
0.0005775000000000064,75,27020,0.62,0.013715701480454836,1.6494845492931998,0.0010016511837585497,1.7870664693821734,-0.13758192008897363,0.011195141009134798,0.7517176760617963,0.80175,0.75,0.8,0.36920875000000003
0.00065840000000002,67,27020,0.742,0.011150036965347046,1.345441510497532,0.000189644265281653,1.605162923701832,-0.2597214132043,0.01005947789169054,0.7542460602211726,0.9005,0.75,0.9,0.248471325
0.0005249999999999977,60,27020,0.7925,0.009399326016800021,1.1279191220160025,nan,1.4982832579427021,-0.3703641359266996,0.009399326016800021,0.7500768828804952,1.0,0.75,1.0,0.191729
0.33116499999999993,800,27020,0.0,0.21578961253118117,33.317916174814364,0.0001394284471451729,3.3519101224383476,29.966006052376017,0.020949671211254645,0.9650989226395706,0.0965,1.0,0.1,1.0
0.49114500000000005,400,27020,0.0,0.12893044679579357,20.577299308608655,0.0003012955284434417,4.156674556000071,16.420624752608585,0.025962811206279794,0.9976022542310587,0.1995,1.0,0.2,1.0
0.4300874625,267,27020,0.0,0.08727562147184152,13.760179945925685,0.00021123461179026396,4.143656668885793,9.616523277039892,0.0259169948322204,0.9854978885335748,0.29525,1.0,0.3,1.0
0.488,200,27020,0.0,0.06224300881132196,9.927759905405855,0.000255892840932936,3.991761546395699,5.935998359010156,0.02497325533412556,0.9969771901619916,0.39875,1.0,0.4,1.0
0.476049,160,27020,0.0,0.04592192436448838,7.30709660487739,0.0004460479151572719,3.6841183535310424,3.622978251346348,0.02305892747958717,0.9946019466995367,0.49725,1.0,0.5,1.0
0.4827793,133,27020,0.0,0.03526001733124385,5.618119601456407,0.00031093137068620804,3.3908192294642445,2.227300371992163,0.021245433861060235,0.9959395838073403,0.599,1.0,0.6,0.9998788000000001
0.45499500000000004,114,27020,0.0135,0.027770013232863135,4.400436296879493,0.0006441402609473592,3.113432875758184,1.2870034211213084,0.019496621976428822,0.9904765238436939,0.695,1.0,0.7,0.9880584499999999
0.51421625,100,27020,0.072,0.022740809839372884,3.6464888577434427,0.0010016511837585497,2.9431092660998677,0.703379591643575,0.018431021635897344,1.0022902347490616,0.80175,1.0,0.8,0.93324
0.512387775,89,27020,0.286,0.018511428323777473,2.9671783345899674,0.000189644265281653,2.6653172640573484,0.301861070532619,0.01668841080995714,1.0019089456669308,0.9005,1.0,0.9,0.7233365999999999
0.503725,80,27020,0.476,0.0156628824286216,2.506061188579456,nan,2.5004877173687645,0.005573471210691405,0.0156628824286216,1.000102510507327,1.0,1.0,1.0,0.5077959999999999
0.99455,1000,27020,0.0,0.2457423846856408,47.42828024432866,0.0001394284471451729,3.815008230075951,43.61327201425271,0.023840113724160006,1.2063736532994631,0.0965,1.25,0.1,1.0
0.9986875000000001,500,27020,0.0,0.1562900648984539,31.179867947241544,0.0003012955284434417,5.030401427147774,26.149466520093767,0.031421055017760526,1.2470028177888235,0.1995,1.25,0.2,1.0
0.9976909875,333,27020,0.0,0.10883193749449849,21.400331277136953,0.00021123461179026396,5.1643470024063545,16.235984274730598,0.03228149713790986,1.2291041081710876,0.29525,1.25,0.3,1.0
0.998665625,250,27020,0.0,0.08081696246410504,16.112881891280942,0.000255892840932936,5.178586148702152,10.93429574257879,0.03237961935317282,1.2462214877024895,0.39875,1.25,0.4,1.0
0.9985775,200,27020,0.0,0.06209734292622483,12.351161508026122,0.0004460479151572719,4.970148187444388,7.381013320581734,0.03110215435941062,1.2432524333744208,0.49725,1.25,0.5,1.0
0.99878985,167,27020,0.0,0.048945305464087645,9.792291482978156,0.00031093137068620804,4.702216382702555,5.090075100275601,0.029442921452633664,1.250540680419743,0.599,1.25,0.6,1.0
0.99854825,143,27020,0.0,0.03919945832663663,7.791676331585561,0.0006441402609473592,4.383152735194335,3.408523596391226,0.027440086316601393,1.2424398500846334,0.695,1.25,0.7,1.0
0.9988734375,125,27020,0.0005,0.03212556515148822,6.439167965051418,0.0010016511837585497,4.1446552104549035,2.2945127545965143,0.02595524920738581,1.2528627934363272,0.80175,1.25,0.8,0.999771875
0.998759425,111,27020,0.009,0.02664331695429881,5.326292135650831,0.000189644265281653,3.835847825670761,1.4904443099800697,0.024011176521741603,1.249571831112689,0.9005,1.25,0.9,0.991406475
0.9987750000000001,100,27020,0.0475,0.022812095605342763,4.562419121068552,nan,3.6429691076453063,0.9194500134232455,0.022812095605342763,1.2501281381341587,1.0,1.25,1.0,0.955755
1.0,1200,27020,0.0,0.2712742606248615,62.8271187607179,0.0001394284471451729,4.210183071740053,58.61693568897785,0.0263039397522948,1.447648383959356,0.0965,1.5,0.1,1.0
1.0,600,27020,0.0,0.17858294392563337,42.75275677579664,0.0003012955284434417,5.743285146863297,37.00947162893334,0.03586848438368284,1.496403381346588,0.1995,1.5,0.2,1.0
1.0,400,27020,0.0,0.12947675863059258,30.582410388545984,0.00021123461179026396,6.141391489961368,24.441018898584616,0.03837688057834165,1.4764013311364417,0.29525,1.5,0.3,1.0
1.0,300,27020,0.0,0.09933635504901375,23.76622294547654,0.000255892840932936,6.359698038997348,17.40652490647919,0.039764227146405165,1.4954657852429873,0.39875,1.5,0.4,1.0
1.0,240,27020,0.0,0.07743926254883932,18.483203185156963,0.0004460479151572719,6.190172775719955,12.293030409437009,0.03873092389175566,1.491902920049305,0.49725,1.5,0.5,1.0
1.0,200,27020,0.0,0.06231174053229172,14.929893031537095,0.00031093137068620804,5.980784310407995,8.9491087211291,0.037449416058487915,1.497653509484722,0.599,1.5,0.6,1.0
1.0,171,27020,0.0,0.050423612281083344,11.9851884030907,0.0006441402609473592,5.629404992893312,6.355783410197388,0.03524087331494186,1.4857147857655406,0.695,1.5,0.7,1.0
1.0,150,27020,0.0,0.04212941784524768,10.133178227228196,0.0010016511837585497,5.427960848413945,4.705217378814251,0.03397583810460745,1.5034353521235926,0.80175,1.5,0.8,1.0
1.0,133,27020,0.0,0.035231615323142014,8.439134513198175,0.000189644265281653,5.071598060364042,3.367536452834133,0.0317449392028849,1.4972347165584472,0.9005,1.5,0.9,0.999999925
1.0,120,27020,0.0005,0.030166690087903604,7.240005621096867,nan,4.81703766361357,2.422967957483297,0.030166690087903604,1.5001537657609905,1.0,1.5,1.0,0.999673
1.0,1600,27020,0.0,0.3049062963594631,94.15506431580225,0.0001394284471451729,4.729475022221932,89.42558929358032,0.02954943120068385,1.9301978452791413,0.0965,2.0,0.1,1.0
1.0,800,27020,0.0,0.2165354321381477,69.11810993849673,0.0003012955284434417,6.9572460183890215,62.16086392010771,0.04344000578207944,1.9952045084621175,0.1995,2.0,0.2,1.0
1.0,533,27020,0.0,0.1643499515237392,51.72692851775134,0.00021123461179026396,7.788547214599658,43.93838130315168,0.04867319078004319,1.9673047737393083,0.29525,2.0,0.3,1.0
1.0,400,27020,0.0,0.1300600698127034,41.48916227025237,0.000255892840932936,8.31907405360661,33.170088216645766,0.0520153084084264,1.9939543803239832,0.39875,2.0,0.4,1.0
1.0,320,27020,0.0,0.10551105978144218,33.57783966484617,0.0004460479151572719,8.420866556803617,25.15697310804255,0.05268962506566744,1.9892038933990734,0.49725,2.0,0.5,1.0
1.0,267,27020,0.0,0.08781316557174292,28.08844601877113,0.00031093137068620804,8.422452668020245,19.665993350750885,0.052724769657119176,1.999367435162104,0.599,2.0,0.6,1.0
1.0,229,27020,0.0,0.07360424640633807,23.428967673601466,0.0006441402609473592,8.204770116695679,15.224197556905787,0.0513514140319939,1.9896414382474201,0.695,2.0,0.7,1.0
1.0,200,27020,0.0,0.06161771410464061,19.760800913358242,0.0010016511837585497,7.925838351970748,11.834962561387494,0.049600579630575736,2.0045804694981233,0.80175,2.0,0.8,1.0
1.0,178,27020,0.0,0.05332580485327788,17.095079868254118,0.000189644265281653,7.678694567984928,9.41638530026919,0.048038756874772263,2.0038178913338616,0.9005,2.0,0.9,1.0
1.0,160,27020,0.0,0.04622809630239263,14.792990816765645,nan,7.386637109667899,7.406353707097746,0.04622809630239263,2.000205021014654,1.0,2.0,1.0,1.0
0.0,200,27021,0.0,0.06522045801588089,2.413156946587592,2.0315316876700265e-05,0.9625326719259534,1.4506242746616387,0.006051328516534587,0.2313158527318246,0.0925,0.25,0.1,0.99983
0.0,100,27021,0.253,0.024458430371083733,0.9306432756197359,-0.00015214343496318682,0.7221261389425078,0.20851713667722815,0.004530018231637239,0.23788022152556557,0.19025,0.25,0.2,0.74865
0.0,67,27021,0.6035,0.013097271010112786,0.5076436757164665,-0.00018364218585133142,0.5831834288695392,-0.07553975315307271,0.0036578619560812893,0.2423158592961934,0.28925,0.25,0.3,0.39815967500000005
0.0,50,27021,0.719,0.008210853163604355,0.3214549013551105,-0.00033575399084343665,0.47936579665159873,-0.15791089529648822,0.003010242710122874,0.24475717930948465,0.3915,0.25,0.4,0.281795
0.0,40,27021,0.748,0.0058943327422121385,0.23105784349471584,-0.0005562913750392516,0.41468008874455126,-0.18362224524983542,0.0026045144424139298,0.24506976829966284,0.49,0.25,0.5,0.24975800000000004
0.0,33,27021,0.784,0.004158464281659735,0.1629598190375409,-0.00045193034747194495,0.36402745047473684,-0.20106763143719594,0.0022854914635749898,0.24499162105211827,0.59375,0.25,0.6,0.218527925
0.0,29,27021,0.785,0.0031707853688686177,0.12744654711630524,-0.0005236568885452931,0.32402886661190516,-0.19658231949559993,0.0020365915958425475,0.25128403742440425,0.693,0.25,0.7,0.2184177
0.0,25,27021,0.7815,0.002185227883334778,0.08689012371109911,-0.00014904820583415217,0.27140014098342424,-0.18451001727232513,0.0017072848540774397,0.24858639443916694,0.79525,0.25,0.8,0.22715000000000002
0.0,22,27021,0.787,0.0018876378818179925,0.07468816806989252,-0.00013562480771745324,0.26757817609513934,-0.1928900080252468,0.0016837941658472966,0.24736417148757037,0.89925,0.25,0.9,0.21166574999999999
0.0,20,27021,0.7525,0.0013914696419281571,0.055658785677126274,nan,0.22076761024346728,-0.16510882456634102,0.0013914696419281571,0.25007119214251305,1.0,0.25,1.0,0.253002
0.0,400,27021,0.0,0.1315075465516297,9.731558444820598,2.0315316876700265e-05,1.9398971581529605,7.791661286667638,0.012182884206091352,0.4626317054636492,0.0925,0.5,0.1,1.0
0.0,200,27021,0.0,0.06514228833807167,4.957328142527254,-0.00015214343496318682,1.9575649375282316,2.999763204999023,0.012270122209856692,0.47576044305113113,0.19025,0.5,0.2,1.0
0.0,133,27021,0.0045,0.037746729457237164,2.904252237804556,-0.00018364218585133142,1.7209745188230154,1.1832777189815407,0.010787717811912017,0.48101506397602567,0.28925,0.5,0.3,0.9936030499999999
0.0,100,27021,0.1305,0.024556040240392468,1.9227379508227305,-0.00033575399084343665,1.5017004128573148,0.42103753796541565,0.00940938345068542,0.4895143586189693,0.3915,0.5,0.4,0.867785
0.0,80,27021,0.4505,0.01696500223162663,1.3300561749595279,-0.0005562913750392516,1.2814907078733302,0.04856546708619769,0.008029142492227031,0.4901395365993257,0.49,0.5,0.5,0.55565
0.0,67,27021,0.69,0.012903323803356912,1.0266207001045842,-0.00045193034747194495,1.1943505853747924,-0.16772988527020827,0.007477751804582688,0.49740723062096737,0.59375,0.5,0.6,0.30700954999999996
0.0,57,27021,0.807,0.009677296871707129,0.7645258074586065,-0.0005236568885452931,1.0439696692632825,-0.27944386180467595,0.0065456040673096344,0.4939031080410704,0.693,0.5,0.7,0.19962734999999998
0.0,50,27021,0.849,0.0071985852751620125,0.5724674940072592,-0.00014904820583415217,0.9086256794993387,-0.33615818549207954,0.0056941573199280485,0.4971727888783339,0.79525,0.5,0.8,0.15106624999999999
0.0,44,27021,0.8915,0.005673747569306434,0.4489863401494954,-0.00013562480771745324,0.8118804874319272,-0.3628941472824318,0.005088453302321279,0.49472834297514073,0.89925,0.5,0.9,0.11294580000000001
0.0,40,27021,0.886,0.004602826317296616,0.3682261053837293,nan,0.7345917776842776,-0.36636567230054834,0.004602826317296616,0.5001423842850261,1.0,0.5,1.0,0.120695
4.999999999999449e-05,600,27021,0.0,0.18399406703713417,20.4233414411219,2.0315316876700265e-05,2.713699090943974,17.709642350177923,0.017037887351000522,0.6939475581954738,0.0925,0.75,0.1,1.0
4.999999999999449e-05,300,27021,0.0,0.10129464378440253,11.56278358798955,-0.00015214343496318682,3.0555331883926216,8.507250399596929,0.019148107833521142,0.7136406645766967,0.19025,0.75,0.2,1.0
4.999999999999449e-05,200,27021,0.0,0.06277683729679136,7.263280075238757,-0.00018364218585133142,2.8753603532052954,4.3879197220334625,0.018027676504503064,0.723330923272219,0.28925,0.75,0.3,1.0
8.62499999999905e-05,150,27021,0.0,0.04478407065772539,5.259889098749847,-0.00033575399084343665,2.764597436919215,2.495291661830632,0.017328657359071256,0.734271537928454,0.3915,0.75,0.4,0.9999925000000001
8.99999999999901e-05,120,27021,0.001,0.03227372635615394,3.795390219483704,-0.0005562913750392516,2.4797118809219936,1.3156783385617103,0.015530417313245412,0.7352093048989884,0.49,0.75,0.5,0.9970519999999999
0.00013749999999998486,100,27021,0.0965,0.024102107195246282,2.862125229435496,-0.00045193034747194495,2.25669783214955,0.6054273972859461,0.014127029443517004,0.7423988516730856,0.59375,0.75,0.6,0.91231
0.00017939999999998024,86,27021,0.3225,0.018716768248014642,2.2309639080903536,-0.0005236568885452931,2.0456910962766153,0.18527281181373834,0.012809957731090744,0.7451871454654747,0.693,0.75,0.7,0.6737326499999999
0.00019312499999997874,75,27021,0.586,0.014532864232118815,1.7335890420888733,-0.00014904820583415217,1.8418116764082713,-0.10822263431939794,0.011526742660447946,0.7457591833175007,0.79525,0.75,0.8,0.40454187499999994
0.0003499499999999614,67,27021,0.767,0.012035014020256283,1.4502131719338718,-0.00013562480771745324,1.725408876450159,-0.27519570451628717,0.010808822158337929,0.7533363404394189,0.89925,0.75,0.9,0.24091622499999998
0.00029999999999996696,60,27021,0.8555,0.009890861491210028,1.1869033789452037,nan,1.5793886907348267,-0.392485311789623,0.009890861491210028,0.7502135764275392,1.0,0.75,1.0,0.15090550000000003
0.166925,800,27021,0.0,0.2195701653409669,32.496384470463106,2.0315316876700265e-05,3.239128597236182,29.257255873226924,0.020328676444105045,0.9252634109272984,0.0925,1.0,0.1,1.0
0.26952,400,27021,0.0,0.1321289289522049,20.110022986525582,-0.00015214343496318682,3.9919893855050277,16.118033601020553,0.025014330586695548,0.9515208861022623,0.19025,1.0,0.2,1.0
0.33406405,267,27021,0.0,0.08917627620454968,13.774123034416643,-0.00018364218585133142,4.093444275853426,9.680678758563218,0.02566371420857216,0.9656467825684124,0.28925,1.0,0.3,1.0
0.40035,200,27021,0.0,0.06424914574134877,10.061416223095218,-0.00033575399084343665,3.980263648810294,6.081152574284925,0.024949234254309813,0.9790287172379386,0.3915,1.0,0.4,1.0
0.406575,160,27021,0.0,0.04843429703201872,7.594497774620537,-0.0005562913750392516,3.7434844509789196,3.8510133236416175,0.023449096944419153,0.9802790731986514,0.49,1.0,0.5,1.0
0.44139375000000003,133,27021,0.0,0.03708355373103524,5.856883767395378,-0.00045193034747194495,3.4886594173051213,2.368224350090257,0.021834763324141693,0.987390472725204,0.59375,1.0,0.6,0.99997005
0.44342810000000005,114,27021,0.003,0.029295005937789918,4.628728118194558,-0.0005236568885452931,3.216929136791308,1.4117989814032499,0.02014067645010501,0.9878062160821408,0.693,1.0,0.7,0.9948452
0.47694,100,27021,0.0695,0.022988185050664217,3.6562708323081443,-0.00014904820583415217,2.9163995339322866,0.7398712983758577,0.018250836541396174,0.9943455777566678,0.79525,1.0,0.8,0.93022
0.5097064499999999,89,27021,0.2585,0.0191333303506665,3.06260522257496,-0.00013562480771745324,2.7443376831023096,0.3182675394726502,0.01719198311845932,1.0007005119269892,0.89925,1.0,0.9,0.7452916749999999
0.507625,80,27021,0.4875,0.016096566606024112,2.575450656963859,nan,2.569917083561494,0.005533573402364933,0.016096566606024112,1.0002847685700522,1.0,1.0,1.0,0.514188
0.977075,1000,27021,0.0,0.24801765884140184,45.88326688565934,2.0315316876700265e-05,3.658782794769977,42.22448409088936,0.022960069592895274,1.156579263659123,0.0925,1.25,0.1,1.0
0.9922562500000001,500,27021,0.0,0.1592128807558333,30.29025056379728,-0.00015214343496318682,4.814499483785887,25.475751080011392,0.030167052417335843,1.189401107627828,0.19025,1.25,0.2,1.0
0.9955994874999999,333,27021,0.0,0.11240814997353858,21.654362214977468,-0.00018364218585133142,5.166026757508893,16.488335457468573,0.0323835336962522,1.2043459872482447,0.28925,1.25,0.3,1.0
0.99836875,250,27021,0.0,0.08302903932959624,16.252934448768464,-0.00033575399084343665,5.154503292679621,11.098431156088843,0.032301562594108706,1.2237858965474233,0.3915,1.25,0.4,1.0
0.9985249999999999,200,27021,0.0,0.06357480679714968,12.460662132241337,-0.0005562913750392516,4.928908293240839,7.5317538390004986,0.030867946729333327,1.225348841498314,0.49,1.25,0.5,1.0
0.9991703125,167,27021,0.0,0.05103761646357677,10.121397314933066,-0.00045193034747194495,4.813413893032274,5.307983421900793,0.03011998807158823,1.239806082294053,0.59375,1.25,0.6,1.0
0.99914455,143,27021,0.0,0.040710653948963144,8.068770191376599,-0.0005236568885452931,4.480165606579025,3.588604584797574,0.028051720521848053,1.2390902535065451,0.693,1.25,0.7,1.0
0.9992828125,125,27021,0.0,0.03296632573095007,6.554117634384511,-0.00014904820583415217,4.184689014332039,2.3694286200524717,0.0261859529173935,1.2429319721958345,0.79525,1.25,0.8,0.999996875
0.9994200249999999,111,27021,0.009,0.027404264839604005,5.470809304857086,-0.00013562480771745324,3.9341521722383272,1.536657132618759,0.02462962095763637,1.2480646834145595,0.89925,1.25,0.9,0.9918476500000001
0.999475,100,27021,0.0625,0.023126874937028332,4.6253749874056655,nan,3.691568629393869,0.9338063580117963,0.023126874937028332,1.2503559607125654,1.0,1.25,1.0,0.935145
1.0,1200,27021,0.0,0.27281355208371405,60.564608562584546,2.0315316876700265e-05,4.024936903458397,56.53967165912615,0.02525368971780916,1.3878951163909476,0.0925,1.5,0.1,1.0
1.0,600,27021,0.0,0.18196602638922282,41.54284382465958,-0.00015214343496318682,5.505859917322535,36.036983907337046,0.0344958383740882,1.4272813291533935,0.19025,1.5,0.2,1.0
1.0,400,27021,0.0,0.1323815752917744,30.633096522516606,-0.00018364218585133142,6.088138161176756,24.54495836133985,0.03816084696955191,1.446661846544438,0.28925,1.5,0.3,1.0
1.0,300,27021,0.0,0.10049207186926827,23.60558768209112,-0.00033575399084343665,6.246474733778941,17.35911294831218,0.039138339833390295,1.468543075856908,0.3915,1.5,0.4,1.0
1.0,240,27021,0.0,0.07952382853732526,18.7040044719789,-0.0005562913750392516,6.1752521570241425,12.528752314954758,0.03868296738201936,1.4704186097979768,0.49,1.5,0.5,1.0
1.0,200,27021,0.0,0.06398150183226696,15.195606685163407,-0.00045193034747194495,6.040381313015405,9.155225372148003,0.03780542000924804,1.4847977033461712,0.59375,1.5,0.6,1.0
1.0,171,27021,0.0,0.05233424796134923,12.403530772327537,-0.0005236568885452931,5.768461546305502,6.635069226022035,0.0361068711724316,1.481709324123211,0.693,1.5,0.7,1.0
1.0,150,27021,0.0,0.0427521514568326,10.199594533813839,-0.00014904820583415217,5.427164256399979,4.77243027741386,0.03396813082590159,1.4915183666350014,0.79525,1.5,0.8,1.0
1.0,133,27021,0.0,0.03606082189962143,8.625766628800397,-0.00013562480771745324,5.178421124590839,3.447345504209558,0.032414029893857034,1.49542885490213,0.89925,1.5,0.9,1.0
1.0,120,27021,0.0,0.03075292688093562,7.380702451424547,nan,4.913103874021433,2.4675985774031144,0.03075292688093562,1.5004271528550783,1.0,1.5,1.0,0.999915
1.0,1600,27021,0.0,0.3077731861691631,91.10086310607224,2.0315316876700265e-05,4.5409277783363144,86.55993532773593,0.02848745587071319,1.8505268218545967,0.0925,2.0,0.1,1.0
1.0,800,27021,0.0,0.22011942162205345,67.00435194175306,-0.00015214343496318682,6.6641567200591085,60.340195221693946,0.041754521817134224,1.9030417722045245,0.19025,2.0,0.2,1.0
1.0,533,27021,0.0,0.16733474516312574,51.596078990970746,-0.00018364218585133142,7.702429088117027,43.89364990285372,0.048271051354840284,1.9276769105204639,0.28925,2.0,0.3,1.0
1.0,400,27021,0.0,0.13267767142757003,41.554646691114925,-0.00033575399084343665,8.25510666255925,33.299540028555676,0.05173900206046544,1.9580574344758772,0.3915,2.0,0.4,1.0
1.0,320,27021,0.0,0.10720497709069039,33.61948081564053,-0.0005562913750392516,8.340406751233397,25.279074064407133,0.052246730173168277,1.9605581463973027,0.49,2.0,0.5,1.0
1.0,267,27021,0.0,0.08829326060894131,27.99448194182245,-0.00045193034747194495,8.345354775422738,19.649127166399712,0.052240526782898436,1.982204933967139,0.59375,2.0,0.6,1.0
1.0,229,27021,0.0,0.07470109006159442,23.7096777790097,-0.0005236568885452931,8.24471246120764,15.464965317802058,0.05160709274790153,1.9842773989720195,0.693,2.0,0.7,1.0
1.0,200,27021,0.0,0.06328278245309718,20.130253098330215,-0.00014904820583415217,8.03701320035453,12.093239897975685,0.050295115125680995,1.9886911555133355,0.79525,2.0,0.8,1.0
1.0,178,27021,0.0,0.05476043144948419,17.530621201217727,-0.00013562480771745324,7.863310582074058,9.66731061914367,0.04922965378157113,2.0014010238539783,0.89925,2.0,0.9,1.0
1.0,160,27021,0.0,0.047165739391015225,15.09303660512487,nan,7.535048243339706,7.557988361785164,0.047165739391015225,2.0005695371401044,1.0,2.0,1.0,1.0
0.0,200,27022,0.0,0.0648541116878313,2.594164467513253,-8.554739837997e-05,1.0211477161635587,1.5730167513496944,0.006408418510241157,0.25013773208873136,0.1,0.25,0.1,0.99996
0.0,100,27022,0.2455,0.02437464078058349,0.9432985982085811,-4.470591766750546e-05,0.7450171860145574,0.19828141219402373,0.004680437668444062,0.24200825579584762,0.1935,0.25,0.2,0.75891
0.0,67,27022,0.639,0.012207104909497758,0.48172898104351,-8.386404783154866e-07,0.5730936402541793,-0.09136465921066933,0.0035944007349896384,0.24677963303544012,0.2945,0.25,0.3,0.3694309
0.0,50,27022,0.748,0.0072635546168839426,0.28563928530896104,1.0809966687221925e-05,0.4553030021437953,-0.16966371683483428,0.0028629518003770826,0.24591665785973402,0.39325,0.25,0.4,0.25675000000000003
0.0,40,27022,0.7535,0.004524913149916762,0.1794580555256988,-2.4636235297987877e-05,0.3549709800224388,-0.17551292449674002,0.002230802872422225,0.24801156136597716,0.49575,0.25,0.5,0.246838
0.0,33,27022,0.7725,0.0030645048792678343,0.12317470911729132,0.00013131201319185448,0.30620484749396415,-0.1830301383766728,0.0019176264686321261,0.25135090008936173,0.609,0.25,0.6,0.22424160000000004
0.0,29,27022,0.765,0.002485994540540705,0.10143603523768238,-0.00021183903869845326,0.26852805284693027,-0.16709201760924788,0.0016860868842962947,0.25515924706041265,0.7035,0.25,0.7,0.24124259999999997
0.0,25,27022,0.7515,0.0017176996091421192,0.0689656393070561,0.0003692170726791827,0.23118162290465916,-0.16221598359760306,0.0014520485494589207,0.2510757485840641,0.803,0.25,0.8,0.248360625
0.0,22,27022,0.7305,0.0013301865030584594,0.05312897911865793,0.0004913637519024959,0.19976637582636847,-0.14663739670771053,0.001252805104264322,0.24976877893390048,0.90775,0.25,0.9,0.26713685000000004
0.0,20,27022,0.721,0.0011039478139359227,0.04415791255743691,nan,0.1759448791969925,-0.13178696663955558,0.0011039478139359227,0.25013773208873136,1.0,0.25,1.0,0.2848355
0.0,400,27022,0.0,0.1320931537047051,10.567452296376409,-8.554739837997e-05,2.0937220774891014,8.473730218887308,0.013132322711928537,0.5002754641774627,0.1,0.5,0.1,1.0
0.0,200,27022,0.0,0.063104269664963,4.884270472068136,-4.470591766750546e-05,1.9418310888299646,2.9424393832381712,0.012174620857571495,0.48401651159169523,0.1935,0.5,0.2,1.0
0.0,133,27022,0.0025,0.03713579170837574,2.90910651505903,-8.386404783154866e-07,1.7440942983896475,1.1650122166693826,0.010935898997259202,0.48987598796587367,0.2945,0.5,0.3,0.99647135
0.0,100,27022,0.171,0.02425278479311285,1.9074815239783256,1.0809966687221925e-05,1.5203002083093764,0.3871813156689492,0.009543966567179102,0.49183331571946803,0.39325,0.5,0.4,0.84551
0.0,80,27022,0.488,0.01620449927578816,1.2853408825555166,-2.4636235297987877e-05,1.2775476019108074,0.0077932806447091885,0.008020957694322968,0.4960231227319543,0.49575,0.5,0.5,0.5178659999999999
0.0,67,27022,0.741,0.011745174937349178,0.958476745937317,0.00013131201319185448,1.1504490551861926,-0.19197230924887554,0.007204154534003663,0.5103184941208253,0.609,0.5,0.6,0.275778125
0.0,57,27022,0.832,0.008890016653743355,0.7129704456135633,-0.00021183903869845326,0.9880012054604104,-0.2750307598468471,0.006191316440934358,0.5015198993946042,0.7035,0.5,0.7,0.17371465000000003
0.0,50,27022,0.858,0.006971512846876256,0.5598124816041634,0.0003692170726791827,0.9041240193552949,-0.34431153775113144,0.0056708605793594335,0.5021514971681282,0.803,0.5,0.8,0.13657375000000002
0.0,44,27022,0.872,0.005275542738080951,0.42142090500338253,0.0004913637519024959,0.7717809969032122,-0.3503600918998297,0.004834202226605988,0.49953755786780096,0.90775,0.5,0.9,0.1258471
0.0,40,27022,0.892,0.0044365634501115974,0.3549250760089277,nan,0.708441120336124,-0.35351604432719635,0.0044365634501115974,0.5002754641774627,1.0,0.5,1.0,0.112735
0.0003249999999999642,600,27022,0.0,0.18208501225309942,21.85020147037193,-8.554739837997e-05,2.8913557369295897,18.958845733442338,0.01813150856676797,0.7504131962661941,0.1,0.75,0.1,1.0
5.2499999999994215e-05,300,27022,0.0,0.1005994405345271,11.679595046058598,-4.470591766750546e-05,3.101878722813949,8.57771632324465,0.019429936420832152,0.7260247673875428,0.1935,0.75,0.2,1.0
0.00011499999999998735,200,27022,0.0,0.06361899588761687,7.494317715561268,-8.386404783154866e-07,2.9900180020286147,4.504299713532653,0.018735202628045712,0.7366556210013139,0.2945,0.75,0.3,1.0
0.0001237499999999864,150,27022,0.0,0.04352086125136007,5.134373606129206,1.0809966687221925e-05,2.7297388742793554,2.40463473184985,0.017121137634384824,0.737749973579202,0.39325,0.75,0.4,0.9999975
0.00019849999999997815,120,27022,0.0055,0.031468778267747306,3.7441552382965737,-2.4636235297987877e-05,2.4861688929395713,1.2579863453570024,0.015588224004586718,0.7440346840979315,0.49575,0.75,0.5,0.993112
0.0005199999999999872,100,27022,0.0915,0.023165908002581056,2.8216075947143726,0.00013131201319185448,2.2595685549533684,0.5620390397610042,0.01415938097072988,0.761669394210187,0.609,0.75,0.6,0.9029075
0.000400299999999956,86,27022,0.34,0.01823995164296568,2.207070628702133,-0.00021183903869845326,2.0381167728416294,0.1689538558605035,0.012768995705852264,0.7566791464550169,0.7035,0.75,0.7,0.6592329
0.0003587499999999605,75,27022,0.6235,0.014350147791605294,1.7284753014988574,0.0003692170726791827,1.8508354754536565,-0.12236017395479903,0.01159590443997685,0.7532272457521924,0.803,0.75,0.8,0.38807375
0.0004957749999999809,67,27022,0.747,0.011682083944250231,1.4209911678526814,0.0004913637519024959,1.699606320681547,-0.2786151528288656,0.01064974000650615,0.7606594631168787,0.90775,0.75,0.9,0.254030975
0.0003249999999999642,60,27022,0.8445,0.00950302405444823,1.1403628865337874,nan,1.5175713324745521,-0.37720844594076475,0.00950302405444823,0.7504131962661941,1.0,0.75,1.0,0.160189
0.505575,800,27022,0.0,0.2197805485990993,35.16488777585587,-8.554739837997e-05,3.4929231698802976,31.671964605975568,0.021901062201367952,1.0005509283549254,0.1,1.0,0.1,1.0
0.3405,400,27022,0.0,0.13080830497355014,20.24912560990556,-4.470591766750546e-05,4.034692377234277,16.214433232671283,0.025275351689783107,0.9680330231833905,0.1935,1.0,0.2,1.0
0.41761859999999995,267,27022,0.0,0.08893672440451163,13.986456090026714,-8.386404783154866e-07,4.180151246076156,9.806304843950556,0.026191273676271224,0.9834352540367541,0.2945,1.0,0.3,1.0
0.41880999999999996,200,27022,0.0,0.06361923637151337,10.007305881239056,1.0809966687221925e-05,3.990932283918129,6.016373597320927,0.02502482365038511,0.9836666314389361,0.39325,1.0,0.4,1.0
0.46214999999999995,160,27022,0.0,0.04741343423914511,7.521667207697981,-2.4636235297987877e-05,3.7478085205708136,3.7738586871271678,0.02349278720240718,0.9920462454639086,0.49575,1.0,0.5,1.0
0.56733735,133,27022,0.0,0.036001669732142215,5.832054486588645,0.00013131201319185448,3.509242260333497,2.3228122262551483,0.021976359864032617,1.0130202942995488,0.609,1.0,0.6,0.9999797500000001
0.51778365,114,27022,0.002,0.028816564823134303,4.622119364501097,-0.00021183903869845326,3.227877823413344,1.3942415410877533,0.020209643078100897,1.0030397987892083,0.7035,1.0,0.7,0.997351
0.52398,100,27022,0.088,0.023309053121226244,3.7434339312689335,0.0003692170726791827,2.999997064782961,0.7434368664859727,0.018789905419662467,1.0043029943362565,0.803,1.0,0.8,0.9189274999999999
0.5543738625,89,27022,0.285,0.01889272516810198,3.052677086299334,0.0004913637519024959,2.743857273569161,0.3088198127301731,0.017195199577457576,1.010428242050779,0.90775,1.0,0.9,0.7110738
0.505575,80,27022,0.49,0.015766076898317608,2.5225723037308168,nan,2.5181812090389686,0.004391094691848174,0.015766076898317608,1.0005509283549254,1.0,1.0,1.0,0.5116120000000001
0.999275,1000,27022,0.0,0.24893893354325441,49.78778670865091,-8.554739837997e-05,3.9589174447475437,45.82886926390337,0.02481690069578347,1.250688660443657,0.1,1.25,0.1,1.0
0.996,500,27022,0.0,0.15900412537738057,30.767298260523145,-4.470591766750546e-05,4.906460019616253,25.860838240906894,0.0307312429379243,1.210041278979238,0.1935,1.25,0.2,1.0
0.998021925,333,27022,0.0,0.11145570873812942,21.860588344770488,-8.386404783154866e-07,5.239682796306489,16.620905548464,0.03282311456252166,1.2265316089671876,0.2945,1.25,0.3,1.0
0.998278125,250,27022,0.0,0.08220939290257115,16.16442187946805,1.0809966687221925e-05,5.158316713901069,11.006105165566982,0.03233540270622358,1.22958328929867,0.39325,1.25,0.4,1.0
0.9989925000000001,200,27022,0.0,0.06364166432063471,12.620142034781862,-2.4636235297987877e-05,5.032246563905591,7.587895470876271,0.03153793226530565,1.2400578068298858,0.49575,1.25,0.5,1.0
0.99960075,167,27022,0.0,0.0498838426328661,10.146672894580762,0.00013131201319185448,4.860155359818049,5.286517534762713,0.030430603160573468,1.2719878883310123,0.609,1.25,0.6,1.0
0.999440075,143,27022,0.0,0.0403451957568634,8.117493731476673,-0.00021183903869845326,4.52134523769289,3.596148493783782,0.028320034939979307,1.2581990458496208,0.7035,1.25,0.7,1.0
0.9993875,125,27022,0.0,0.03319425958365389,6.663747611418521,0.0003692170726791827,4.26581443472379,2.397933176694731,0.026727726208991876,1.2553787429203207,0.803,1.25,0.8,0.9996031249999999
0.9994640374999999,111,27022,0.0015,0.027263746483283835,5.494203823184602,0.0004913637519024959,3.9582615817055355,1.5359422414790664,0.024793994176313908,1.2601970209846796,0.90775,1.25,0.9,0.9974846
0.999275,100,27022,0.0545,0.022872736310195704,4.574547262039143,nan,3.6519604611131005,0.9225868009260427,0.022872736310195704,1.250688660443657,1.0,1.25,1.0,0.94093
1.0,1200,27022,0.0,0.2725442883976909,65.41062921544578,-8.554739837997e-05,4.3352989098950045,61.07533030555078,0.027177436181227123,1.5008263925323881,0.1,1.5,0.1,1.0
1.0,600,27022,0.0,0.17985281737060144,41.76182419345365,-4.470591766750546e-05,5.550916639191035,36.21090755426261,0.034765464838612536,1.4520495347750857,0.1935,1.5,0.2,1.0
1.0,400,27022,0.0,0.1310671990834043,30.879432104050046,-8.386404783154866e-07,6.162535671858207,24.716896432191838,0.03859869846920512,1.4733112420026278,0.2945,1.5,0.3,1.0
1.0,300,27022,0.0,0.1002169375290039,23.646186409968482,1.0809966687221925e-05,6.287652985968474,17.358533424000008,0.039416869630568264,1.475499947158404,0.39325,1.5,0.4,1.0
1.0,240,27022,0.0,0.07865921498209823,18.717746797140094,-2.4636235297987877e-05,6.223075458162789,12.494671338977305,0.03898288300572619,1.488069368195863,0.49575,1.5,0.5,1.0
1.0,200,27022,0.0,0.06327732620082605,15.414356662521222,0.00013131201319185448,6.163418466626929,9.250938195894292,0.03858723465346107,1.523338788420374,0.609,1.5,0.6,1.0
1.0,171,27022,0.0,0.05145334461592281,12.37952035455718,-0.00021183903869845326,5.770506361121572,6.609013993435608,0.0361346176623276,1.5045596981838125,0.7035,1.5,0.7,1.0
1.0,150,27022,0.0,0.04337746897165603,10.449632275271943,0.0003692170726791827,5.573125418994877,4.876506856277066,0.03490484334755759,1.5064544915043847,0.803,1.5,0.8,1.0
1.0,133,27022,0.0,0.035826800586496683,8.65079300981637,0.0004913637519024959,5.199304515806358,3.451488494010012,0.03256710653850537,1.50996579991858,0.90775,1.5,0.9,0.999998
1.0,120,27022,0.0,0.03039123739065119,7.2938969737562855,nan,4.853154527255648,2.4407424465006375,0.03039123739065119,1.5008263925323881,1.0,1.5,1.0,0.999961
1.0,1600,27022,0.0,0.3089787388465263,98.8731964308884,-8.554739837997e-05,4.916627642390306,93.95656878849809,0.030820881226110656,2.001101856709851,0.1,2.0,0.1,1.0
1.0,800,27022,0.0,0.21970120034134763,68.01949162568125,-4.470591766750546e-05,6.78208162463255,61.2374100010487,0.042476126943451924,1.936066046366781,0.1935,2.0,0.2,1.0
1.0,533,27022,0.0,0.1658804673514773,52.07601627892072,-8.386404783154866e-07,7.80122307117421,44.27479320774651,0.04885120597415261,1.9631872299685011,0.2945,2.0,0.3,1.0
1.0,400,27022,0.0,0.13205379702402517,41.5441245437583,1.0809966687221925e-05,8.28815167023729,33.25597287352101,0.05193671462698536,1.9673332628778721,0.39325,2.0,0.4,1.0
1.0,320,27022,0.0,0.10600692238656446,33.633876334809166,-2.4636235297987877e-05,8.390934100922808,25.24294223388636,0.052540508951490324,1.9840924909278173,0.49575,2.0,0.5,1.0
1.0,267,27022,0.0,0.08816635286590353,28.67222695010902,0.00013131201319185448,8.58674206182774,20.08548488828128,0.053744651892493264,2.033657282541199,0.609,2.0,0.6,1.0
1.0,229,27022,0.0,0.07459552313421795,24.034901340414436,-0.00021183903869845326,8.372058573437124,15.662842766977311,0.052415140249948235,2.014878192304638,0.7035,2.0,0.7,1.0
1.0,200,27022,0.0,0.06343836965519152,20.37640433324752,0.0003692170726791827,8.144664722221016,12.231739611026505,0.0510137465964366,2.008605988672513,0.803,2.0,0.8,1.0
1.0,178,27022,0.0,0.05418366557649223,17.509939184033655,0.0004913637519024959,7.862068868029218,9.647870316004436,0.049230550733173825,2.020856484101558,0.90775,2.0,0.9,1.0
1.0,160,27022,0.0,0.04673032830653129,14.953705058090012,nan,7.463234674384591,7.490470383705421,0.04673032830653129,2.001101856709851,1.0,2.0,1.0,1.0
0.0,200,27023,0.0,0.061101873876248616,2.62738057667869,0.00024476949162712853,1.083157825901805,1.544222750776885,0.0067869082129739374,0.26873908247477446,0.1075,0.25,0.1,0.9999600000000001
0.0,100,27023,0.2815,0.02319958142405413,0.9801823151662871,0.00021293465962291937,0.80800032021606,0.172181994950227,0.005068863788609012,0.2640517728967261,0.21125,0.25,0.2,0.7134750000000001
0.0,67,27023,0.6605,0.011194584429142186,0.4597727770892987,0.00021501633348720828,0.5710454349760106,-0.11127265788671187,0.0035802539548054585,0.256683322240034,0.3065,0.25,0.3,0.34603365
0.0,50,27023,0.7925,0.006587394134000638,0.2659660381602758,0.00039804607770011543,0.46283524659110253,-0.19686920843082673,0.002896995355431452,0.2523334989516051,0.40375,0.25,0.4,0.2152075
0.0,40,27023,0.8105,0.0041098104245612084,0.16595414494378163,0.0005151521240317347,0.37140446151147494,-0.2054503165676933,0.002329555901223987,0.2523647476821254,0.50475,0.25,0.5,0.19618700000000003
0.0,33,27023,0.786,0.0028422624922799927,0.11227221070755197,0.0005263229816717335,0.30569375408555804,-0.19342154337800607,0.0019124127787707764,0.24687122085665272,0.5985,0.25,0.6,0.21013665
0.0,29,27023,0.7955,0.0027410126310720134,0.10965558081235144,7.392597663715286e-05,0.3052746504250089,-0.19561906961265746,0.001913548996533598,0.25002421776615325,0.68975,0.25,0.7,0.2048867
0.0,25,27023,0.801,0.0021991376016117785,0.08796550406447116,0.00011538818026478239,0.28425173234953144,-0.19628622828506026,0.0017823877173423798,0.2499898441625809,0.8,0.25,0.8,0.2008625
0.0,22,27023,0.7935,0.0016987238282723995,0.06751238110702998,0.00032461274665040606,0.2497178851176538,-0.18220550401062383,0.0015657785811254718,0.24838365941383633,0.90325,0.25,0.9,0.2183031
0.0,20,27023,0.757,0.0013864500489317777,0.05545800195727111,nan,0.22067085109303233,-0.16521284913576123,0.0013864500489317777,0.2499898441625809,1.0,0.25,1.0,0.24266699999999997
0.0,400,27023,0.0,0.12996624896756015,11.17709741121017,0.00024476949162712853,2.265529433356253,8.911567977853917,0.01418982853528993,0.5374781649495489,0.1075,0.5,0.1,1.0
0.0,200,27023,0.0,0.06283920433813868,5.309912766572718,0.00021293465962291937,2.1447007103727795,3.1652120561999384,0.013442734129209374,0.5281035457934522,0.21125,0.5,0.2,1.0
0.0,133,27023,0.0025,0.03594602554724939,2.9306435168416956,0.00021501633348720828,1.7818839685469756,1.14875954829472,0.011166570657505318,0.5095355501182764,0.3065,0.5,0.3,0.9968700999999999
0.0,100,27023,0.178,0.02253297026414519,1.8195373488297244,0.00039804607770011543,1.4901388185891515,0.32939853024057286,0.009335021717977314,0.5046669979032102,0.40375,0.5,0.4,0.8211125
0.0,80,27023,0.546,0.014770027984575709,1.1928274600343343,0.0005151521240317347,1.2306249997889722,-0.037797539754637954,0.007710300714641306,0.5047294953642508,0.50475,0.5,0.5,0.466744
0.0,67,27023,0.7415,0.011139722353190199,0.8933945930035007,0.0005263229816717335,1.0981914925296874,-0.20479689952618674,0.006878442505525534,0.5012233877998706,0.5985,0.5,0.6,0.26829415
0.0,57,27023,0.8125,0.008791832535868838,0.6913149800441706,7.392597663715286e-05,0.9724566069246906,-0.28114162688052,0.006087102025867207,0.49142691078174955,0.68975,0.5,0.7,0.1791047
0.0,50,27023,0.8755,0.00708853900215063,0.5670831201720504,0.00011538818026478239,0.9096868692475653,-0.34260374907551483,0.005693908837773461,0.4999796883251618,0.8,0.5,0.8,0.13711250000000003
0.0,44,27023,0.901,0.005618463008099509,0.44658915066179766,0.00032461274665040606,0.8146450343829232,-0.3680558837211256,0.005106282995304309,0.49676731882767267,0.90325,0.5,0.9,0.1029678
0.0,40,27023,0.9025,0.004745504899251189,0.37964039194009513,nan,0.7573110858674691,-0.37767069392737396,0.004745504899251189,0.4999796883251618,1.0,0.5,1.0,0.09793099999999999
0.005475000000000008,600,27023,0.0,0.1777510043086249,22.92987955581261,0.00024476949162712853,3.086934717695992,19.84294483811662,0.01932668973445439,0.8062172474243234,0.1075,0.75,0.1,1.0
0.003193750000000009,300,27023,0.0,0.09917750021855538,12.570748152701894,0.00021293465962291937,3.3699852659222946,9.2007628867796,0.021119199133947403,0.7921553186901782,0.21125,0.75,0.2,1.0
0.0008149999999999991,200,27023,0.0,0.06214705821135413,7.619229336712017,0.00021501633348720828,3.0642484083677415,4.554980928344276,0.01919718716905342,0.7662188723583104,0.3065,0.75,0.3,1.0
0.0003999999999999629,150,27023,0.0,0.04215703914296103,5.106271366191156,0.00039804607770011543,2.75586100228191,2.350410363909246,0.017258239527799212,0.7570004968548153,0.40375,0.75,0.4,1.0
0.0004029999999999634,120,27023,0.005,0.02979992541206699,3.6099629644177953,0.0005151521240317347,2.442140971208423,1.167821993209372,0.015296641441167531,0.7570942430463763,0.50475,0.75,0.5,0.993108
0.00027749999999996945,100,27023,0.1655,0.022337470768470036,2.6737952509858633,0.0005263229816717335,2.1699083771169176,0.5038868738689457,0.013580294932070518,0.7480946086565233,0.5985,0.75,0.6,0.8371775
0.00019777499999997823,86,27023,0.355,0.01758905481305968,2.086712695856961,7.392597663715286e-05,1.941129991984465,0.14558270387249594,0.01215498609155959,0.7414511285479028,0.68975,0.75,0.7,0.63658595
0.00029999999999996696,75,27023,0.589,0.014158433849307204,1.6990120619168645,0.00011538818026478239,1.813376684340358,-0.11436462242349354,0.011349824715498719,0.7499695324877427,0.8,0.75,0.8,0.39490875000000003
0.0003820999999999599,67,27023,0.771,0.012041677131223373,1.4574704124161868,0.00032461274665040606,1.7415434347446073,-0.28407302232842047,0.010908051152015938,0.7564411445785015,0.90325,0.75,0.9,0.22254422499999998
0.00029999999999996696,60,27023,0.8595,0.009763338840379245,1.1716006608455096,nan,1.559006462533589,-0.3874058016880795,0.009763338840379245,0.7499695324877427,1.0,0.75,1.0,0.14303900000000003
0.83425,800,27023,0.0,0.2166445908511174,37.26286962639218,0.00024476949162712853,3.754823627259323,33.50804599913286,0.02350775028777233,1.0749563298990978,0.1075,1.0,0.1,1.0
0.7700750000000001,400,27023,0.0,0.13152500554992014,22.227725937936498,0.00021293465962291937,4.460485037980692,17.767240899955805,0.027952609635198206,1.0562070915869044,0.21125,1.0,0.2,1.0
0.6204710250000001,267,27023,0.0,0.08753303781515114,14.326619832243603,0.00021501633348720828,4.306991506689748,10.019628325553855,0.026977989917617202,1.0229021945983443,0.3065,1.0,0.3,1.0
0.5509875,200,27023,0.0,0.06198222973466399,10.010130102148235,0.00039804607770011543,4.033458074628697,5.9766720275195375,0.025262660229199277,1.0093339958064205,0.40375,1.0,0.4,1.0
0.551611,160,27023,0.0,0.045875476334788945,7.4098069375951106,0.0005151521240317347,3.737456741772192,3.6723501958229186,0.023410775769411436,1.0094589907285016,0.50475,1.0,0.5,1.0
0.478377225,133,27023,0.0005,0.03545073928834635,5.643793145444028,0.0005263229816717335,3.4237095633736825,2.2200835820703455,0.021428586141216493,0.9949658295131761,0.5985,1.0,0.6,0.99997465
0.41740292500000004,114,27023,0.005,0.02821778609974355,4.437613695403971,7.392597663715286e-05,3.1132348241936554,1.3243788712103153,0.01948615349654979,0.9828538215634991,0.68975,1.0,0.7,0.9943837499999999
0.504125,100,27023,0.079,0.022688938371452864,3.6302301394324576,0.00011538818026478239,2.903483447440948,0.7267466919915098,0.018174228333215248,0.9999593766503236,0.8,1.0,0.8,0.9225275000000001
0.5284725875,89,27023,0.2525,0.018938171989658262,3.0448508852392706,0.00032461274665040606,2.7366231539440204,0.30822773129525016,0.017137310132897255,1.004824803992338,0.90325,1.0,0.9,0.7533098749999999
0.504125,80,27023,0.4855,0.015881892387857772,2.541102782057243,nan,2.5383853271860315,0.0027174548712114444,0.015881892387857772,0.9999593766503236,1.0,1.0,1.0,0.50804
1.0,1000,27023,0.0,0.24818680550398484,53.36016318335671,0.00024476949162712853,4.296215530797196,49.06394765255951,0.026898538362955582,1.3436954123738722,0.1075,1.25,0.1,1.0
1.0,500,27023,0.0,0.15739629800104937,33.24996795272168,0.00021293465962291937,5.332997797638416,27.916970155083266,0.033417920165499264,1.3202588644836304,0.21125,1.25,0.2,1.0
0.999803225,333,27023,0.0,0.10963015025064399,22.378692940513705,0.00021501633348720828,5.388121519721994,16.99057142079171,0.03375075487909575,1.2757544224765869,0.3065,1.25,0.3,1.0
0.999659375,250,27023,0.0,0.08127333960445231,16.407055432648818,0.00039804607770011543,5.281065725748944,11.125989706899873,0.033051445839126316,1.2616674947580255,0.40375,1.25,0.4,1.0
0.9996625,200,27023,0.0,0.06143163486160168,12.403047078557382,0.0005151521240317347,4.992745877830549,7.410301200726833,0.03126274678582017,1.261823738410627,0.50475,1.25,0.5,1.0
0.999362375,167,27023,0.0,0.04894850429399629,9.784757059865562,0.0005263229816717335,4.715025144590163,5.0697319152753995,0.02950699849709798,1.2493179964563939,0.5985,1.25,0.6,1.0
0.9988622625000001,143,27023,0.0,0.03974295014760386,7.840032161192592,7.392597663715286e-05,4.382766902045949,3.4572652591466424,0.027435635398561437,1.2328780393296521,0.68975,1.25,0.7,1.0
0.9993750000000001,125,27023,0.0005,0.032467934457082966,6.493586891416594,0.00011538818026478239,4.152250891980919,2.3413359994356755,0.025997425201719326,1.2499492208129046,0.8,1.25,0.8,0.9998750000000001
0.9994662624999999,111,27023,0.003,0.0273617171024718,5.4866125559632986,0.00032461274665040606,3.953030866580196,1.5335816893831025,0.02474587725604608,1.2532084634061742,0.90325,1.25,0.9,0.9959670749999999
0.9993750000000001,100,27023,0.0665,0.023284909228734954,4.656981845746992,nan,3.72024096764844,0.9367408780985516,0.023284909228734954,1.2499492208129046,1.0,1.25,1.0,0.9293750000000001
1.0,1200,27023,0.0,0.2700962386532333,69.68482957253416,0.00024476949162712853,4.672770776283514,65.01205879625064,0.02925380242649979,1.6124344948486469,0.1075,1.5,0.1,1.0
1.0,600,27023,0.0,0.18025219430144865,45.69393125541725,0.00021293465962291937,6.105469185305922,39.588462070111326,0.0382462282589586,1.5843106373803564,0.21125,1.5,0.2,1.0
1.0,400,27023,0.0,0.13061092450204323,32.02579868790101,0.00021501633348720828,6.414453705271448,25.61134498262956,0.040181362187149634,1.5324377447166209,0.3065,1.5,0.3,1.0
1.0,300,27023,0.0,0.09953535346085164,24.1124393758913,0.00039804607770011543,6.455438257520205,17.65700111837109,0.040424733933647546,1.5140009937096306,0.40375,1.5,0.4,1.0
1.0,240,27023,0.0,0.07648444677210921,18.53065176394662,0.0005151521240317347,6.209934198450426,12.320717565496192,0.03886065359764885,1.5141884860927526,0.50475,1.5,0.5,1.0
1.0,200,27023,0.0,0.06244921552007055,14.950342195504891,0.0005263229816717335,6.007645325202462,8.942696870302429,0.03758717416590343,1.4961892173130467,0.5985,1.5,0.6,1.0
1.0,171,27023,0.0,0.0511264505920764,12.060448499192567,7.392597663715286e-05,5.639031675608961,6.421416823583606,0.03528740483013638,1.4742807323452485,0.68975,1.5,0.7,1.0
1.0,150,27023,0.0,0.042293083406613564,10.150340017587256,0.00011538818026478239,5.409889912201464,4.740450105385792,0.03385754436134381,1.4999390649754853,0.8,1.5,0.8,1.0
1.0,133,27023,0.0,0.03610753041079157,8.675357740383632,0.00032461274665040606,5.213755989417479,3.4616017509661523,0.03264553312678591,1.5015921228200104,0.90325,1.5,0.9,1.0
1.0,120,27023,0.0,0.030915974354514642,7.419833845083515,nan,4.939460448719022,2.4803733963644925,0.030915974354514642,1.4999390649754853,1.0,1.5,1.0,0.999874
1.0,1600,27023,0.0,0.30581266322760925,105.1995561502976,0.00024476949162712853,5.287241273708691,99.91231487658891,0.033093318068245205,2.1499126597981957,0.1075,2.0,0.1,1.0
1.0,800,27023,0.0,0.21884457269665158,73.9694655714682,0.00021293465962291937,7.405618947454066,66.56384662401413,0.04639886819494522,2.112414183173809,0.21125,2.0,0.2,1.0
1.0,533,27023,0.0,0.16569815444795055,54.13839230462443,0.00021501633348720828,8.132157468610629,46.0062348360138,0.05093559816557022,2.0419732948348974,0.3065,2.0,0.3,1.0
1.0,400,27023,0.0,0.13016065162556856,42.04189047505866,0.00039804607770011543,8.433603257043188,33.60828721801547,0.05278969806765201,2.018667991612841,0.40375,2.0,0.4,1.0
1.0,320,27023,0.0,0.10496182496823545,33.90686793773879,0.0005151521240317347,8.503608393202303,25.403259544536485,0.05323461024214357,2.0189179814570033,0.50475,2.0,0.5,1.0
1.0,267,27023,0.0,0.08691900781928563,27.779227980035866,0.0005263229816717335,8.348067230184666,19.431160749851202,0.05223234485698366,1.997412605112917,0.5985,2.0,0.6,1.0
1.0,229,27023,0.0,0.07374290908586234,23.295790566223886,7.392597663715286e-05,8.13214169556512,15.163648870658767,0.05088710707622523,1.9743291678775547,0.68975,2.0,0.7,1.0
1.0,200,27023,0.0,0.06264237830535606,20.045561057713947,0.00011538818026478239,8.012346066052435,12.033214991661511,0.050136980280337806,1.9999187533006473,0.8,2.0,0.8,1.0
1.0,178,27023,0.0,0.05396739438501529,17.353593436262365,0.00032461274665040606,7.790491239125758,9.563102197136608,0.04877745526150349,2.009649607984676,0.90325,2.0,0.9,1.0
1.0,160,27023,0.0,0.04679603078783603,14.974729852107528,nan,7.476493957078648,7.49823589502888,0.04679603078783603,1.9999187533006473,1.0,2.0,1.0,1.0
0.0,200,27024,0.0,0.06340814964088208,2.5807116903839016,0.0003572251196681258,1.085836002972782,1.4948756874111195,0.006772656689701647,0.2543358163882876,0.10175,0.25,0.1,0.99997
0.0,100,27024,0.31,0.023916021290891123,0.9733820665392687,0.00022662329476661906,0.8076739973423992,0.16570806919686953,0.005047415786977955,0.2543358163882876,0.2035,0.25,0.2,0.697075
0.0,67,27024,0.6565,0.012700065902862729,0.5122444581260653,0.00031441162118279537,0.6468613072248609,-0.13461684909879557,0.004042493559968456,0.25204866875197035,0.301,0.25,0.3,0.324699575
0.0,50,27024,0.768,0.007403035098692717,0.29501094868290484,0.0003585818681923042,0.5062533735553562,-0.21124242487245132,0.003165796480546719,0.2490241347192448,0.3985,0.25,0.4,0.22171625
0.0,40,27024,0.8265,0.004961646481150876,0.19975588733113425,0.000567593035617056,0.4447277983019214,-0.24497191097078713,0.002778900432081951,0.25158623999490076,0.50325,0.25,0.5,0.17571599999999998
0.0,33,27024,0.8115,0.003242528228597988,0.1276550938316742,0.0005506865733069958,0.34516827938897493,-0.21751318555730073,0.0021563701206880727,0.2460183477982923,0.5965,0.25,0.6,0.186457125
0.0,29,27024,0.806,0.002861566513405221,0.11460287729536568,0.00033061911070804927,0.3335451999250652,-0.21894232262969954,0.002078238292270446,0.2502676931335266,0.6905,0.25,0.7,0.18648745
0.0,25,27024,0.786,0.002084783070687897,0.08201015404318515,0.0006109276037262048,0.28396537129182436,-0.2019552172486392,0.0017704833923583162,0.24582150312467482,0.78675,0.25,0.8,0.20298125
0.0,22,27024,0.8005,0.001875826659612125,0.0736843470162239,0.0006975702060048283,0.28158728114675485,-0.20790293413053096,0.0017494586549627424,0.2454684325196149,0.89275,0.25,0.9,0.1923965
0.0,20,27024,0.7665,0.0014629247390661225,0.05851698956264491,nan,0.23562669736965022,-0.1771097078070053,0.0014629247390661225,0.2499614903078994,1.0,0.25,1.0,0.23592199999999997
0.0,400,27024,0.0,0.13102192325119852,10.66518455264756,0.0003572251196681258,2.1889468860094885,8.47623766663807,0.013652358154551344,0.5086716327765752,0.10175,0.5,0.1,1.0
0.0,200,27024,0.0,0.06354932071647336,5.172914706320931,0.00022662329476661906,2.0983763837355696,3.0745383225853615,0.013112792220083939,0.5086716327765752,0.2035,0.5,0.2,1.0
0.0,133,27024,0.004,0.0371514083729453,2.974564662788239,0.00031441162118279537,1.8237095941937251,1.1508550685945138,0.011402347643463312,0.5003354170748069,0.301,0.5,0.3,0.9963203999999999
0.0,100,27024,0.1765,0.02423001165399371,1.9311319288232989,0.0003585818681923042,1.5772507524203307,0.3538811764029681,0.009871346637834164,0.4980482694384896,0.3985,0.5,0.4,0.83116
0.0,80,27024,0.5345,0.016677232468269902,1.3428507583450928,0.000567593035617056,1.3867650458668037,-0.04391428752171089,0.008674769080099601,0.5031724799898015,0.50325,0.5,0.5,0.45623400000000003
0.0,67,27024,0.7385,0.012060849168468281,0.964035734884838,0.0005506865733069958,1.1856952620168058,-0.2216595271319678,0.0074164985613207005,0.4994917970450177,0.5965,0.5,0.6,0.260661225
0.0,57,27024,0.8055,0.00907792388871753,0.7145869347481779,0.00033061911070804927,1.0188245371352354,-0.30423760238705744,0.006370633059923596,0.49190546581417294,0.6905,0.5,0.7,0.1819732
0.0,50,27024,0.893,0.007267458090588025,0.5717672652770129,0.0006109276037262048,0.9345320740221313,-0.3627648087451184,0.005847952964264742,0.49164300624934965,0.78675,0.5,0.8,0.11563375000000001
0.0,44,27024,0.881,0.006047742908311963,0.4751227783628044,0.0006975702060048283,0.8759865563340609,-0.40086377797125644,0.005473936885989522,0.4909368650392298,0.89275,0.5,0.9,0.1050971
0.0,40,27024,0.894,0.0049433628239073536,0.39546902591258837,nan,0.7906519355999261,-0.3951829096873377,0.0049433628239073536,0.4999229806157988,1.0,0.5,1.0,0.102588
0.0005974999999999953,600,27024,0.0,0.18100214363770897,22.100361738164267,0.0003572251196681258,3.0048375835229346,19.095524154641332,0.018737845578878785,0.763007449164863,0.10175,0.75,0.1,1.0
0.0005974999999999953,300,27024,0.0,0.10043356518488102,12.26293830907397,0.00022662329476661906,3.3005808670316,8.96235744204237,0.020618735969404903,0.763007449164863,0.2035,0.75,0.2,1.0
0.0003749999999999587,200,27024,0.0,0.06379049926781097,7.680376111844441,0.00031441162118279537,3.1069709383618225,4.573405173482619,0.019420714002817877,0.7523840858267772,0.301,0.75,0.3,1.0
0.0002799999999999692,150,27024,0.0,0.04422010368399879,5.2865133954220545,0.0003585818681923042,2.8502217681110524,2.436291627311002,0.01783739831179119,0.7470724041577345,0.3985,0.75,0.4,0.99999625
0.00042249999999995346,120,27024,0.0045,0.031335358262726896,3.784684570972155,0.000567593035617056,2.5655718374803866,1.2191127334917682,0.01605147088616008,0.7547587199847022,0.50325,0.75,0.5,0.994116
0.00025499999999997194,100,27024,0.134,0.023518982227642864,2.8058145797577936,0.0005506865733069958,2.2777343587766823,0.5280802209811113,0.014251274931118342,0.7455101448433101,0.5965,0.75,0.6,0.864445
0.0002132999999999765,86,27024,0.3795,0.01813581094466305,2.153917722653852,0.00033061911070804927,2.018630646061444,0.13528707659240835,0.012625104072053979,0.7421731589476996,0.6905,0.75,0.7,0.6188030499999999
0.00017562499999998065,75,27024,0.626,0.014780383102328746,1.7442699608635714,0.0006109276037262048,1.8789127853089922,-0.13464282444542075,0.011758746717251753,0.7374645093740244,0.78675,0.75,0.8,0.366756875
0.0002878499999999683,67,27024,0.753,0.012167234603184885,1.4555480247271029,0.0006975702060048283,1.7492339934007501,-0.29368596867364727,0.010937113096587325,0.7475629535824636,0.89275,0.75,0.9,0.23667317499999999
0.0003249999999999642,60,27024,0.842,0.009720024144180802,1.1664028973016964,nan,1.5537877207020807,-0.38738482340038427,0.009720024144180802,0.7498844709236983,1.0,0.75,1.0,0.146872
0.59569,800,27024,0.0,0.21763235981984963,35.43054817867151,0.0003572251196681258,3.6026661960373945,31.827881982634114,0.02246497007541159,1.0173432655531505,0.10175,1.0,0.1,1.0
0.59569,400,27024,0.0,0.13069143009102327,21.276564818818585,0.00022662329476661906,4.286268151349425,16.99029666746916,0.026776211477804842,1.0173432655531505,0.2035,1.0,0.2,1.0
0.52941905,267,27024,0.0,0.08975340454250885,14.426423725735619,0.00031441162118279537,4.357275771864986,10.069147953870633,0.027235548490501936,1.0044327545787475,0.301,1.0,0.3,1.0
0.48517,200,27024,0.0,0.06390784467183903,10.18691044069114,0.0003585818681923042,4.103835620275617,6.083074820415523,0.025682963095445526,0.9960965388769792,0.3985,1.0,0.4,1.0
0.539658,160,27024,0.0,0.04802226173660717,7.733505030063219,0.000567593035617056,3.9080837468855303,3.8254212831776884,0.02444915505939033,1.006344959979603,0.50325,1.0,0.5,1.0
0.46139215,133,27024,0.0,0.03616731695682433,5.73863201422236,0.0005506865733069958,3.483963940388749,2.2546680738336113,0.021796006597075084,0.9915284926416024,0.5965,1.0,0.6,0.9999637499999999
0.4216946,114,27024,0.0055,0.028876674024556036,4.546170298381955,0.00033061911070804927,3.2031010575076184,1.3430692408743363,0.020041670028720083,0.9838109316283459,0.6905,1.0,0.7,0.9936977499999999
0.419015,100,27024,0.071,0.0236108122504285,3.7151613076049244,0.0006109276037262048,2.990447372349385,0.7247139352555392,0.018706086849519233,0.9832860124986993,0.78675,1.0,0.8,0.922545
0.46917232499999995,89,27024,0.2485,0.01940678648952023,3.0839227376564153,0.0006975702060048283,2.780915763125342,0.3030069745310735,0.017400223043113203,0.9930313861020786,0.89275,1.0,0.9,0.7526377
0.504775,80,27024,0.49,0.016119504554075726,2.5791207286521156,nan,2.57738322609905,0.0017375025530657062,0.016119504554075726,0.9998459612315976,1.0,1.0,1.0,0.495472
0.999625,1000,27024,0.0,0.2494550736314885,50.76410748400792,0.0003572251196681258,4.122310051352932,46.64179743265499,0.02570293120574585,1.271679081941438,0.10175,1.25,0.1,1.0
0.999625,500,27024,0.0,0.157976137246556,32.14814392967414,0.00022662329476661906,5.17670423078022,26.97143969889392,0.03232864938395575,1.271679081941438,0.2035,1.25,0.2,1.0
0.9992699,333,27024,0.0,0.11125223090825895,22.302289721255047,0.00031441162118279537,5.393409626780383,16.908880094474664,0.033706695226592726,1.2527195029015838,0.301,1.25,0.3,1.0
0.99914375,250,27024,0.0,0.08317090528392715,16.571802877822492,0.0003585818681923042,5.330023918569519,11.241778959252972,0.03335929274936265,1.245120673596224,0.3985,1.25,0.4,1.0
0.999395,200,27024,0.0,0.0634695147296825,12.77641331508509,0.000567593035617056,5.151358840983615,7.625054474101475,0.03222298512815549,1.2579311999745038,0.50325,1.25,0.5,1.0
0.999142325,167,27024,0.0,0.05009505169260598,9.980487243769582,0.0005506865733069958,4.813271882787865,5.167215360981717,0.030103900366968837,1.2450019418883278,0.5965,1.25,0.6,1.0
0.99884575,143,27024,0.0,0.04028886445616371,7.956365819396576,0.00033061911070804927,4.461883533825349,3.4944822855712276,0.027921787521745182,1.2340786247618725,0.6905,1.25,0.7,1.0
0.9985609375000001,125,27024,0.0,0.03306677946673822,6.503822186364075,0.0006109276037262048,4.178232859840523,2.325589326523552,0.02614556905695091,1.229107515623374,0.78675,1.25,0.8,0.99999375
0.999003575,111,27024,0.003,0.028199617849350253,5.588896361371653,0.0006975702060048283,4.036641830416156,1.552254530955497,0.02525002323960146,1.2384998186216936,0.89275,1.25,0.9,0.997060725
0.9992,100,27024,0.039,0.023252879600383858,4.650575920076772,nan,3.717320181344619,0.9332557387321532,0.023252879600383858,1.249807451539497,1.0,1.25,1.0,0.9628224999999999
1.0,1200,27024,0.0,0.27183450182735525,66.38198534624016,0.0003572251196681258,4.488146564337656,61.8938387819025,0.027980038024675295,1.526014898329726,0.10175,1.5,0.1,1.0
1.0,600,27024,0.0,0.1809640032869185,44.1914096026655,0.00022662329476661906,5.925547819519913,38.26586178314559,0.03700668012316953,1.526014898329726,0.2035,1.5,0.2,1.0
1.0,400,27024,0.0,0.1324020152320981,31.88240526788923,0.00031441162118279537,6.412271189210225,25.470134078679003,0.0400727803080683,1.5047681716535544,0.301,1.5,0.3,1.0
1.0,300,27024,0.0,0.10002903206695596,23.91694156720917,0.0003585818681923042,6.405623836467747,17.511317730741425,0.04007725627239962,1.494144808315469,0.3985,1.5,0.4,1.0
1.0,240,27024,0.0,0.07859903666136032,18.986383295918213,0.000567593035617056,6.3668750784481,12.619508217470113,0.039836917040272354,1.5095174399694045,0.50325,1.5,0.5,1.0
1.0,200,27024,0.0,0.06328296719246924,15.099315972123156,0.0005506865733069958,6.071085216193262,9.028230755929894,0.03797049196263727,1.4910202896866203,0.5965,1.5,0.6,1.0
1.0,171,27024,0.0,0.05141353756944823,12.141358310562765,0.00033061911070804927,5.689862624678586,6.451495685884179,0.03560337430646814,1.475716397442519,0.6905,1.5,0.7,1.0
1.0,150,27024,0.0,0.04292162600883663,10.130576778735664,0.0006109276037262048,5.41721078509895,4.713365993636714,0.03389886957394683,1.4749290187480488,0.78675,1.5,0.8,1.0
1.0,133,27024,0.0,0.03659864479555962,8.691135077568738,0.0006975702060048283,5.234048833700771,3.457086243867967,0.03274825454582987,1.4839682511413086,0.89275,1.5,0.9,1.0
1.0,120,27024,0.0,0.031084677929661794,7.460322703118829,nan,4.968766825967136,2.4915558771516926,0.031084677929661794,1.4997689418473965,1.0,1.5,1.0,0.999985
1.0,1600,27024,0.0,0.30807816597528226,100.31025084155186,0.0003572251196681258,5.080528423551205,95.22972241800066,0.03166783085172687,2.034686531106301,0.10175,2.0,0.1,1.0
1.0,800,27024,0.0,0.21791909841402535,70.95445844360667,0.00022662329476661906,7.131587677790393,63.822870765816276,0.04452704198153577,2.034686531106301,0.2035,2.0,0.2,1.0
1.0,533,27024,0.0,0.1670759816928699,53.60900194186438,0.00031441162118279537,8.08349974648501,45.52550219537937,0.050509644212760614,2.0051035887283613,0.301,2.0,0.3,1.0
1.0,400,27024,0.0,0.13148541945822365,41.91755172328172,0.0003585818681923042,8.40912457356886,33.50842714971286,0.052612626647819793,1.9921930777539585,0.3985,2.0,0.4,1.0
1.0,320,27024,0.0,0.10721327067732787,34.531250219753765,0.000567593035617056,8.67018120743148,25.861069012322286,0.05423703030880802,2.012689919959206,0.50325,2.0,0.5,1.0
1.0,267,27024,0.0,0.0885893577361355,28.21845670904898,0.0005506865733069958,8.486301100897276,19.732155608151704,0.0530657539219342,1.9905120867316377,0.5965,2.0,0.6,1.0
1.0,229,27024,0.0,0.07409688026042081,23.43306428547782,0.00033061911070804927,8.193826619899566,15.239237665578253,0.051266222434584716,1.976251783709572,0.6905,2.0,0.7,1.0
1.0,200,27024,0.0,0.06333864182367009,19.93267058190898,0.0006109276037262048,7.983862375673416,11.948808206235563,0.049961956766267065,1.9665720249973986,0.78675,2.0,0.8,1.0
1.0,178,27024,0.0,0.05466574328743387,17.37381186586894,0.0006975702060048283,7.81153419149013,9.56227767437881,0.0488776567244506,1.9860627722041573,0.89275,2.0,0.9,1.0
1.0,160,27024,0.0,0.047109702852307866,15.075104912738517,nan,7.530495298822698,7.544609613915819,0.047109702852307866,1.9996919224631953,1.0,2.0,1.0,1.0
0.0,200,27025,0.0005,0.060505955412546504,2.559401913950717,7.944546048265119e-05,1.0353336087314124,1.5240683052193047,0.006469548887913404,0.26436302105060866,0.10575,0.25,0.1,0.99995
0.0,100,27025,0.2855,0.023690423216786417,0.9677537884057251,2.912656549476486e-05,0.7782146884594621,0.18953909994626306,0.004861946406521085,0.2553009316765334,0.20425,0.25,0.2,0.7221
0.0,67,27025,0.621,0.011218003399945692,0.45246694913340957,-0.00010395234233501611,0.528175792965909,-0.07570884383249943,0.0033039563360914774,0.25207607780272456,0.301,0.25,0.3,0.3966954
0.0,50,27025,0.7305,0.006264062708070203,0.2549473522184573,-2.5917314712893776e-05,0.4053377649255525,-0.1503904127070952,0.0025341045545598266,0.2543634741550773,0.407,0.25,0.4,0.27244999999999997
0.0,40,27025,0.75,0.0040252586737662506,0.16463307975703967,1.3828638670093921e-05,0.33000672152227634,-0.16537364176523667,0.002064672244113004,0.25561341751701877,0.51125,0.25,0.5,0.248469
0.0,33,27025,0.765,0.0031294481131757513,0.12542358620391433,-0.0002468215292646688,0.28838692058880855,-0.16296333438489422,0.0018034182111072764,0.2504792751578444,0.60725,0.25,0.6,0.24756802499999997
0.0,29,27025,0.7715,0.002516746725938515,0.10316522341630861,-0.00033545098360783764,0.26920737988995336,-0.16604215647364473,0.0016803397476140467,0.256185266605107,0.70675,0.25,0.7,0.2384234
0.0,25,27025,0.758,0.0018169393520288523,0.07276842104875553,-0.00041990069084972347,0.2196436316310114,-0.14687521058225586,0.0013718081834960159,0.2503011582287678,0.801,0.25,0.8,0.266784375
0.0,22,27025,0.7455,0.0013019851717156322,0.051644543821272273,0.0008058779757433942,0.20028913078806282,-0.14864458696679056,0.0012531186129123668,0.24790126697384027,0.9015,0.25,0.9,0.26176725
0.0,20,27025,0.739,0.0011378388486636551,0.045513553946546194,nan,0.18128847139931473,-0.13577491745276854,0.0011378388486636551,0.24998867238828243,1.0,0.25,1.0,0.280042
0.0,400,27025,0.0,0.12988103435932713,10.987935506799076,7.944546048265119e-05,2.208863752707302,8.779071754091774,0.013805963486535454,0.5287260421012173,0.10575,0.5,0.1,1.0
0.0,200,27025,0.0,0.06234122547377949,5.093278121207784,2.912656549476486e-05,2.0399885161074844,3.0532896051002996,0.012756372767511919,0.5106018633530668,0.20425,0.5,0.2,1.0
0.0,133,27025,0.0005,0.03539288005548192,2.8337663345222155,-0.00010395234233501611,1.6918328452820268,1.1419334892401887,0.01058059420940788,0.5003898260860055,0.301,0.5,0.3,0.9973661250000001
0.0,100,27025,0.159,0.02214334341133323,1.8024681536825247,-2.5917314712893776e-05,1.4393374576769273,0.36313069600559733,0.008996971800787878,0.5087269483101546,0.407,0.5,0.4,0.84182
0.0,80,27025,0.5,0.015314178823371731,1.2526998277518078,1.3828638670093921e-05,1.253480873318417,-0.0007810455666092952,0.007836132670598808,0.5112268350340375,0.51125,0.5,0.5,0.510856
0.0,67,27025,0.692,0.011906725051373083,0.9688680775178048,-0.0002468215292646688,1.140212027513999,-0.1713439499961943,0.007133419631827606,0.5085488313810781,0.60725,0.5,0.6,0.318375425
0.0,57,27025,0.825,0.00867405553756985,0.698864317634234,-0.00033545098360783764,0.9651307472999073,-0.2662664296656734,0.006032017750234493,0.503536558499693,0.70675,0.5,0.7,0.19153967500000002
0.0,50,27025,0.855,0.00693491072949481,0.5554863494325343,-0.00041990069084972347,0.8740771388088661,-0.3185907893763318,0.005471303256846248,0.5006023164575356,0.801,0.5,0.8,0.147095
0.0,44,27025,0.9005,0.00536985779744343,0.42600155878678214,0.0008058779757433942,0.7856804563622937,-0.3596788975755115,0.004920305785005976,0.49580253394768053,0.9015,0.5,0.9,0.1051928
0.0,40,27025,0.905,0.004573219379800725,0.3658575503840581,nan,0.7302422140208319,-0.3643846636367738,0.004573219379800725,0.49997734477656486,1.0,0.5,1.0,0.10268200000000001
0.002634999999999982,600,27025,0.0,0.17961606824017481,22.793279059678184,7.944546048265119e-05,3.0505082278572235,19.742770831820962,0.019065443319435094,0.7930890631518259,0.10575,0.75,0.1,1.0
0.0007762500000000255,300,27025,0.0,0.09991536751103697,12.244628288477578,2.912656549476486e-05,3.2665840710934946,8.978044217384085,0.02043089127862176,0.7659027950296002,0.20425,0.75,0.2,1.0
0.0004899999999999682,200,27025,0.0,0.06198678558759477,7.4632089847464105,-0.00010395234233501611,2.9725055893932377,4.490703395353172,0.018585359774573845,0.75246590388873,0.301,0.75,0.3,1.0
0.0006525000000000391,150,27025,0.0,0.04193826087328976,5.12066165262868,-2.5917314712893776e-05,2.728488334004029,2.392173318624651,0.017053503207804188,0.7630904224652321,0.407,0.75,0.4,0.99999375
0.000817500000000021,120,27025,0.006,0.030099207777969435,3.6931727943568498,1.3828638670093921e-05,2.4620745223901648,1.231098271966685,0.015394978723636883,0.7668402525510563,0.51125,0.75,0.5,0.994104
0.0005837500000000162,100,27025,0.0935,0.02272008166900918,2.7593539187011658,-0.0002468215292646688,2.189100366666803,0.5702535520343628,0.013699830437887127,0.7590281065389224,0.60725,0.75,0.6,0.9085975
0.0005920750000000214,86,27025,0.339,0.01801660553453477,2.1901165853835804,-0.00033545098360783764,2.021066272602387,0.1690503127811933,0.012634864960589449,0.7597218251047999,0.70675,0.75,0.7,0.6579395000000001
0.0004649999999999571,75,27025,0.603,0.013856668609735017,1.6648787334596622,-0.00041990069084972347,1.7609867218718915,-0.09610798841222934,0.011015631318918652,0.7509034746863034,0.801,0.75,0.8,0.406018125
0.000530099999999986,67,27025,0.7725,0.011791428929252463,1.424416406082627,0.0008058779757433942,1.7113119289945993,-0.2868955229119723,0.010709352160331819,0.7549720403294227,0.9015,0.75,0.9,0.226155425
0.00044999999999995044,60,27025,0.8535,0.009698546244522611,1.1638255493427132,nan,1.5486503075660607,-0.3848247582233475,0.009698546244522611,0.7499660171648472,1.0,0.75,1.0,0.152613
0.77083,800,27025,0.0,0.21722510194476546,36.75448724905432,7.944546048265119e-05,3.68762741328109,33.06685983577323,0.023042598633695562,1.0574520842024346,0.10575,1.0,0.1,1.0
0.607805,400,27025,0.0,0.1309375628644569,21.395197772052253,2.912656549476486e-05,4.280651453188694,17.11454631886356,0.02676717467955778,1.0212037267061336,0.20425,1.0,0.2,1.0
0.5240095499999999,267,27025,0.0,0.08710877047823247,14.001341114048216,-0.00010395234233501611,4.181831342587215,9.819509771461,0.026147077226655796,1.0045419816914547,0.301,1.0,0.3,1.0
0.589295,200,27025,0.0,0.06225153579681675,10.134550027721769,-2.5917314712893776e-05,4.04933023894297,6.085219788778799,0.02532100610167967,1.0174538966203093,0.407,1.0,0.4,1.0
0.61392,160,27025,0.0,0.04629197035759421,7.573366350502412,1.3828638670093921e-05,3.78579698889157,3.787569361610842,0.02367352859247005,1.022453670068075,0.51125,1.0,0.5,1.0
0.54922845,133,27025,0.0,0.03583004309083222,5.787573115397494,-0.0002468215292646688,3.463477436383303,2.3240956790141913,0.02166085451128917,1.0095073816967668,0.60725,1.0,0.6,0.99999895
0.5368812999999999,114,27025,0.0055,0.0283821912353228,4.573477913468681,-0.00033545098360783764,3.189205352618973,1.3842725608497077,0.019960742654621392,1.007073116999386,0.70675,1.0,0.7,0.99494115
0.507015,100,27025,0.0625,0.022501193860786875,3.6046912564980578,-0.00041990069084972347,2.8674377449182225,0.7372535115798353,0.017939896045011196,1.0012046329150712,0.801,1.0,0.8,0.9281275
0.515512275,89,27025,0.251,0.018811046106555304,3.0185521355806095,0.0008058779757433942,2.722165870621338,0.29638626495927145,0.01703753704567033,1.0028733073032627,0.9015,1.0,0.9,0.7414396750000001
0.50065,80,27025,0.4955,0.015982188863530544,2.5571502181648875,nan,2.5536662057422252,0.003484012422662275,0.015982188863530544,0.9999546895531297,1.0,1.0,1.0,0.508652
1.0,1000,27025,0.0,0.24679006735137943,52.19609924481676,7.944546048265119e-05,4.189139324986162,48.00695991983059,0.026169093725444986,1.3218151052530434,0.10575,1.25,0.1,1.0
0.9997625,500,27025,0.0,0.15783130029907078,32.2370430860852,2.912656549476486e-05,5.158571861574277,27.078471224510924,0.03226022055057767,1.2765046583826671,0.20425,1.25,0.2,1.0
0.99925655,333,27025,0.0,0.10951704031565605,21.954443003918307,-0.00010395234233501611,5.259171222556143,16.695271781362166,0.0328919664477203,1.2528557299747354,0.301,1.25,0.3,1.0
0.9997125,250,27025,0.0,0.08108252381205573,16.50029359575334,-2.5917314712893776e-05,5.276458637861235,11.223834957892105,0.03298521822388193,1.2718173707753868,0.407,1.25,0.4,1.0
0.999775,200,27025,0.0,0.061840298892021396,12.646341123418374,1.3828638670093921e-05,5.058317782094181,7.588023341324193,0.03162261155569594,1.278067087585094,0.51125,1.25,0.5,1.0
0.9996526874999999,167,27025,0.0,0.049681218051678404,10.07641916706849,-0.0002468215292646688,4.807902830185303,5.268516336883187,0.03007198050626301,1.2675769379200006,0.60725,1.25,0.6,1.0
0.9995663124999999,143,27025,0.0,0.03954807815993499,7.99387281250674,-0.00033545098360783764,4.4516099004719045,3.5422629120348352,0.027852233238591054,1.263258383604493,0.70675,1.25,0.7,1.0
0.9992187499999999,125,27025,0.0,0.0321837401496567,6.444793964968754,-0.00041990069084972347,4.108758367452935,2.336035597515819,0.025695615622395918,1.251505791143839,0.801,1.25,0.8,0.9999437499999999
0.999198275,111,27025,0.005,0.026868098429493285,5.377193142989781,0.0008058779757433942,3.8817734035307616,1.4954197394590194,0.024300969714798924,1.250774574277103,0.9015,1.25,0.9,0.996252725
0.9991749999999999,100,27025,0.056,0.022927053408957333,4.585410681791466,nan,3.6645914755300817,0.9208192062613847,0.022927053408957333,1.2499433619414122,1.0,1.25,1.0,0.9415775
1.0,1200,27025,0.0,0.27193097350547024,69.01608107568836,7.944546048265119e-05,4.613835359753943,64.40224571593441,0.02882774455124009,1.5861781263036518,0.10575,1.5,0.1,1.0
1.0,600,27025,0.0,0.1812452178072189,44.42320288454936,2.912656549476486e-05,5.925150671628101,38.49805221292126,0.03704251320161691,1.5318055900592005,0.20425,1.5,0.2,1.0
1.0,400,27025,0.0,0.1305102005615013,31.42685629520953,-0.00010395234233501611,6.2712909459268475,25.155565349282682,0.03921090768171972,1.50493180777746,0.301,1.5,0.3,1.0
1.0,300,27025,0.0,0.09924350181417291,24.23526314302102,-2.5917314712893776e-05,6.459431538048141,17.77583160497288,0.04037673627074362,1.5261808449304641,0.407,1.5,0.4,1.0
1.0,240,27025,0.0,0.0777776326372132,19.086631049172116,1.3828638670093921e-05,6.3599322052939735,12.726698843878143,0.039770573432925255,1.5336805051021125,0.51125,1.5,0.5,1.0
1.0,200,27025,0.0,0.0628846843082895,15.274689818483516,-0.0002468215292646688,6.088565346473566,9.18612447200995,0.038089785390590096,1.5180562130778448,0.60725,1.5,0.6,1.0
1.0,171,27025,0.0,0.0514477387504181,12.435355761755433,-0.00033545098360783764,5.799635388484859,6.6357203732705745,0.036262318360914994,1.510609675499079,0.70675,1.5,0.7,1.0
1.0,150,27025,0.0,0.042650070066978976,10.24881183709505,-0.00041990069084972347,5.448510308719331,4.800301528375718,0.034079145886171065,1.5018069493726067,0.801,1.5,0.8,1.0
1.0,133,27025,0.0,0.03613257172077689,8.66455456607058,0.0008058779757433942,5.2193304579626085,3.445224108107971,0.0326528923868911,1.4986758412509433,0.9015,1.5,0.9,1.0
0.9999999999999999,120,27025,0.0,0.030781322601865512,7.387517424447724,nan,4.918285671353878,2.4692317530938457,0.030781322601865512,1.4999320343296945,1.0,1.5,1.0,0.999971
1.0,1600,27025,0.0,0.3071442342612335,103.93760887400134,7.944546048265119e-05,5.210481540014469,98.72712733398687,0.03255154687616206,2.1149041684048693,0.10575,2.0,0.1,1.0
1.0,800,27025,0.0,0.21754793678813872,71.09466574236374,2.912656549476486e-05,7.111264448022503,63.98340129434124,0.0444573435534698,2.042407453412267,0.20425,2.0,0.2,1.0
1.0,533,27025,0.0,0.1654123296248372,53.075192557403014,-0.00010395234233501611,7.951130063290038,45.12406249411298,0.04971644852978382,2.0053216338634656,0.301,2.0,0.3,1.0
1.0,400,27025,0.0,0.13060975238902242,42.52653537786568,-2.5917314712893776e-05,8.502025743521136,34.02450963434454,0.05314280025470738,2.0349077932406185,0.407,2.0,0.4,1.0
1.0,320,27025,0.0,0.10586777644513712,34.63993645284885,1.3828638670093921e-05,8.657865100377748,25.982071352471102,0.05413165945472636,2.04490734013615,0.51125,2.0,0.5,1.0
1.0,267,27025,0.0,0.08753208548972598,28.384160659881672,-0.0002468215292646688,8.48285061726542,19.901310042616252,0.05305691975801739,2.026605044458923,0.60725,2.0,0.6,1.0
1.0,229,27025,0.0,0.07371672669993676,23.86147784059258,-0.00033545098360783764,8.314825996294454,15.546651844298127,0.052000925594237316,2.022980208709293,0.70675,2.0,0.7,1.0
1.0,200,27025,0.0,0.062153706930780844,19.914047700622177,-0.00041990069084972347,7.944641530619361,11.969406170002816,0.04970155901407635,2.0024092658301424,0.801,2.0,0.8,1.0
1.0,178,27025,0.0,0.05417555922592212,17.386778924612088,0.0008058779757433942,7.818057604202187,9.5687213204099,0.04891864562277951,2.0057466146065255,0.9015,2.0,0.9,1.0
0.9999999999999999,160,27025,0.0,0.046768281186038256,14.965849979532239,nan,7.474028091041682,7.4918218884905565,0.046768281186038256,1.9999093791062594,1.0,2.0,1.0,1.0
0.0,200,27026,0.0,0.060697975688093785,2.4764774080742264,9.512070442411599e-05,1.0060465749112686,1.4704308331629579,0.006276611912758421,0.2548366656246262,0.102,0.25,0.1,0.999795
0.0,100,27026,0.271,0.022757483125371153,0.9102993250148461,6.649582962780828e-05,0.7375006944007054,0.1727986306141407,0.0046046932887764775,0.24983986825943746,0.2,0.25,0.2,0.718175
0.0,67,27026,0.657,0.011364998368057263,0.4473547482626541,0.00030444029942569003,0.5693765038624607,-0.12202175559980666,0.0035534792320862144,0.24585804535905267,0.29375,0.25,0.3,0.3300648
0.0,50,27026,0.7855,0.006849171121766504,0.26780259086107033,0.00052313064686255,0.48016012888253773,-0.2123575380214674,0.002996612472549996,0.24421847122360013,0.391,0.25,0.4,0.21267
0.0,40,27026,0.818,0.00437693543622337,0.17630295937107732,0.0006131799103209842,0.402157285417385,-0.22585432604630767,0.0025082308176128353,0.2515887473372535,0.5035,0.25,0.5,0.186161
0.0,33,27026,0.804,0.003329810827367964,0.1308715549480431,0.0005936811212592907,0.35528230966969415,-0.22441075472165106,0.0022230463612470056,0.24548640855501677,0.5955,0.25,0.6,0.177441825
0.0,29,27026,0.785,0.0026074893543440933,0.10548598182999026,0.0003545839725823909,0.3085911526301425,-0.20310517080015222,0.0019259854763611784,0.25268179676088853,0.6975,0.25,0.7,0.210362575
0.0,25,27026,0.759,0.0020068337320292883,0.0798468971131153,3.602712141807436e-05,0.25650432160965264,-0.17665742449653735,0.0016042964818119478,0.24851259395930916,0.79575,0.25,0.8,0.23424687500000002
0.0,22,27026,0.7755,0.001684018044515975,0.06629810639454942,0.0006173495779116941,0.2514334977806733,-0.1851353913861239,0.0015717511884058748,0.24589864433764483,0.89475,0.25,0.9,0.21981699999999998
0.0,20,27026,0.7475,0.0013307308285970332,0.05322923314388133,nan,0.21271776942139026,-0.15948853627750892,0.0013307308285970332,0.24983986825943746,1.0,0.25,1.0,0.25117900000000004
0.0,400,27026,0.0,0.12954691522619177,10.571028282457245,9.512070442411599e-05,2.131674136069858,8.439354146387387,0.013299203745644415,0.5096733312492524,0.102,0.5,0.1,1.0
0.0,200,27026,0.0,0.062572186092676,5.005774887414081,6.649582962780828e-05,2.0121678409605224,2.9936070464535582,0.012567633882237448,0.49967973651887493,0.2,0.5,0.2,1.0
0.0,133,27026,0.004,0.03564095015689927,2.784894742884717,0.00030444029942569003,1.709501877491625,1.0753928653930918,0.010684540070058552,0.4880465676530448,0.29375,0.5,0.3,0.994459825
0.0,100,27026,0.1845,0.023147349909649298,1.8101227629345753,0.00052313064686255,1.4985731825697748,0.3115495803648005,0.009369200378612169,0.48843694244720026,0.391,0.5,0.4,0.797945
0.0,80,27026,0.5495,0.016274661329443746,1.3110867166999882,0.0006131799103209842,1.359342835869525,-0.04825611916953676,0.008498735804849295,0.503177494674507,0.5035,0.5,0.5,0.44769000000000003
0.0,67,27026,0.742,0.011880784754392453,0.9480509810462547,0.0005936811212592907,1.1682588567902945,-0.22020787574403977,0.0073151513347900895,0.4984117991874582,0.5955,0.5,0.6,0.260365125
0.0,57,27026,0.8425,0.009230791326156437,0.7339863722993292,0.0003545839725823909,1.0463008891549077,-0.31231451685557854,0.006545738601700289,0.4966504281162292,0.6975,0.5,0.7,0.158417025
0.0,50,27026,0.867,0.0070066116722437765,0.5575511238187985,3.602712141807436e-05,0.8930163967372562,-0.33546527291845774,0.005582869777737627,0.4970251879186183,0.79575,0.5,0.8,0.13399
0.0,44,27026,0.876,0.0055511117384386965,0.43708343606118616,0.0006173495779116941,0.8048009407524515,-0.3677175046912653,0.00503183327104323,0.49179728867528966,0.89475,0.5,0.9,0.11203200000000002
0.0,40,27026,0.9155,0.004769473938818438,0.38155791510547493,nan,0.7637723728155814,-0.3822144577101065,0.004769473938818438,0.49967973651887493,1.0,0.5,1.0,0.08476
0.0011549999999999837,600,27026,0.0,0.177728403286236,21.75395656223528,9.512070442411599e-05,2.917356862503554,18.836599699731728,0.018213715527768928,0.7645099968738786,0.102,0.75,0.1,1.0
0.0005249999999999977,300,27026,0.0,0.09930233961756424,11.916280754107706,6.649582962780828e-05,3.1877995371372525,8.728481216970454,0.01991366458721509,0.7495196047783124,0.2,0.75,0.2,1.0
0.00029999999999996696,200,27026,0.0,0.06231154360697984,7.3216063738201305,0.00030444029942569003,2.9632294617707267,4.358376912049404,0.01851902689601972,0.7339046130120974,0.29375,0.75,0.3,1.0
0.00028999999999996807,150,27026,0.0,0.04321435727088722,5.06904410787507,0.00052313064686255,2.7516274461770514,2.3174166616980183,0.01721540025685619,0.7326554136708004,0.391,0.75,0.4,0.99999625
0.0006930000000000258,120,27026,0.0085,0.031084915093993904,3.756301139958224,0.0006131799103209842,2.551473147200907,1.2048279927573167,0.0159556985753003,0.7547662420117605,0.5035,0.75,0.5,0.9908870000000001
0.00041249999999996015,100,27026,0.09,0.023442768751669743,2.7920337583238655,0.0005936811212592907,2.2711753916159982,0.5208583667078672,0.014200312805168713,0.7438982077424751,0.5955,0.75,0.6,0.8981175
0.0005212499999999964,86,27026,0.3785,0.01840817517998149,2.2084287763423793,0.0003545839725823909,2.0704470986282946,0.13798167771408476,0.012946963839743263,0.7493322248771177,0.6975,0.75,0.7,0.63063515
0.00044531249999997107,75,27026,0.606,0.01455037355506722,1.736768963466711,3.602712141807436e-05,1.851790734636271,-0.11502177116956003,0.011585818295994383,0.7455377818779275,0.79575,0.75,0.8,0.396008125
0.0005120624999999934,67,27026,0.7565,0.012074687511234217,1.4477127711906932,0.0006173495779116941,1.739155916113982,-0.2914431449232888,0.010868802693752023,0.748873144119191,0.89475,0.75,0.9,0.23480475
0.0005249999999999977,60,27026,0.859,0.009816130006667166,1.1779356008000599,nan,1.5697630683065422,-0.39182746750648234,0.009816130006667166,0.7495196047783124,1.0,0.75,1.0,0.140643
0.604975,800,27026,0.0,0.21605681072496286,35.26047151031394,9.512070442411599e-05,3.544370434036227,31.716101076277713,0.022123213086519065,1.0193466624985048,0.102,1.0,0.1,1.0
0.504025,400,27026,0.0,0.13110211337436664,20.97633813989866,6.649582962780828e-05,4.204532666102746,16.771805473795915,0.026273619338575575,0.9993594730377499,0.2,1.0,0.2,1.0
0.402305,267,27026,0.0,0.0877538154789543,13.765282880567469,0.00030444029942569003,4.15856452720593,9.60671835336154,0.025992694258412222,0.9797626583711503,0.29375,1.0,0.3,1.0
0.38769,200,27026,0.0,0.06314127497333943,9.875295405830288,0.00052313064686255,3.9954259207187803,5.879869485111508,0.02500682507851501,0.9768738848944005,0.391,1.0,0.4,1.0
0.540513,160,27026,0.0,0.04712836401304588,7.593322009781953,0.0006131799103209842,3.842717344551701,3.750604665230252,0.02403357510604297,1.006354989349014,0.5035,1.0,0.5,1.0
0.45094340000000005,133,27026,0.0,0.036769831926813636,5.82445168670306,0.0005936811212592907,3.5392841479694432,2.2851675387336163,0.022136578925966897,0.9893846162974919,0.5955,1.0,0.6,0.9999707999999999
0.47153,114,27026,0.0035,0.02869710242018724,4.563700197882377,0.0003545839725823909,3.2202730926778598,1.3434271052045172,0.020123490589786776,0.9933008562324585,0.6975,1.0,0.7,0.9943836500000001
0.47555000000000003,100,27026,0.085,0.02296863098111919,3.6554576206451186,3.602712141807436e-05,2.923319848515721,0.7321377721293976,0.018284646642775237,0.9940503758372367,0.79575,1.0,0.8,0.9174575
0.47941925,89,27026,0.2435,0.019319994401902862,3.077008568416261,0.0006173495779116941,2.774867021919701,0.3021415464965598,0.017351541034177794,0.9947717884568359,0.89475,1.0,0.9,0.740491325
0.504025,80,27026,0.489,0.016364844571512126,2.6183751314419403,nan,2.617740339659908,0.0006347917820321847,0.016364844571512126,0.9993594730377499,1.0,1.0,1.0,0.507142
0.99975,1000,27026,0.0,0.24499542894272147,49.979067504315154,9.512070442411599e-05,4.016780137814003,45.96228736650115,0.025074952144730447,1.274183328123131,0.102,1.25,0.1,1.0
0.9990499999999999,500,27026,0.0,0.1579629750238944,31.59259500477888,6.649582962780828e-05,5.064886862465065,26.527708142313813,0.031645791668481124,1.2491993412971873,0.2,1.25,0.2,1.0
0.9965462500000001,333,27026,0.0,0.1108954646506339,21.695311465588386,0.00030444029942569003,5.246432468370855,16.44887899721753,0.0327905537025931,1.2219511806651424,0.29375,1.25,0.3,1.0
0.9964500000000001,250,27026,0.0,0.08170051701274042,15.97245107599075,0.00052313064686255,5.15712929562175,10.815321780369,0.0322634887159208,1.2210923561180005,0.391,1.25,0.4,1.0
0.99931,200,27026,0.0,0.062876831636084,12.663393891507319,0.0006131799103209842,5.109789490096232,7.553604401411087,0.03196292855424267,1.2579437366862674,0.5035,1.25,0.5,1.0
0.9986882000000001,167,27026,0.0,0.04996011042231571,9.936916082667329,0.0005936811212592907,4.795127634185451,5.141788448481878,0.029991389770038387,1.2423100069299333,0.5955,1.25,0.6,1.0
0.9988954999999998,143,27026,0.0,0.04070553325234041,8.120143300843127,0.0003545839725823909,4.557094110239171,3.563049190603956,0.02849937109521361,1.245982652993347,0.6975,1.25,0.7,1.0
0.9987125000000001,125,27026,0.0,0.032980295419849974,6.561017520086405,3.602712141807436e-05,4.197910531133693,2.363106988952712,0.02625142861989526,1.242562969796546,0.79575,1.25,0.8,0.99995
0.9985307000000001,111,27026,0.0025,0.027395592407868232,5.441709800140702,0.0006173495779116941,3.930744758392553,1.5109650417481486,0.024577182350015304,1.2406704327944806,0.89475,1.25,0.9,0.9954897749999999
0.9990499999999999,100,27026,0.052,0.023242687014668105,4.64853740293362,nan,3.7165843772450446,0.9319530256885753,0.023242687014668105,1.2491993412971873,1.0,1.25,1.0,0.9446275
1.0,1200,27026,0.0,0.268681819060489,65.77330930600773,9.512070442411599e-05,4.40430724337687,61.36900206263086,0.02749096393674274,1.529019993747757,0.102,1.5,0.1,1.0
1.0,600,27026,0.0,0.17997868976058562,43.19488554254057,6.649582962780828e-05,5.770764618252526,37.42412092428804,0.03604893461581938,1.4990392095566247,0.2,1.5,0.2,1.0
1.0,400,27026,0.0,0.13018495481000875,30.593464380352067,0.00030444029942569003,6.153795411626053,24.439668968726014,0.03845684143690947,1.4678092260241948,0.29375,1.5,0.3,1.0
1.0,300,27026,0.0,0.1005263886090526,23.583490767683738,0.00052313064686255,6.334471749486231,17.249019018197508,0.039624404510078856,1.465310827341601,0.391,1.5,0.4,1.0
1.0,240,27026,0.0,0.07840512792723418,18.948951317453954,0.0006131799103209842,6.359003409604107,12.589947907849847,0.03978142573683678,1.509532484023521,0.5035,1.5,0.5,1.0
1.0,200,27026,0.0,0.0634744975068841,15.119625306139792,0.0005936811212592907,6.083151048013865,9.036474258125928,0.03803920727889886,1.4877964154849501,0.5955,1.5,0.6,1.0
1.0,171,27026,0.0,0.051567953855235306,12.301277552397103,0.0003545839725823909,5.770592343995527,6.530685208401576,0.03607590946573279,1.4899512843486877,0.6975,1.5,0.7,1.0
1.0,150,27026,0.0,0.04295612180932574,10.254700178931287,3.602712141807436e-05,5.466754359957685,4.787945818973602,0.034189692469320604,1.491075563755855,0.79575,1.5,0.8,1.0
1.0,133,27026,0.0,0.03605596395154932,8.58144561634257,0.0006173495779116941,5.169004458540774,3.412441157801796,0.03232604978872397,1.4865690771321256,0.89475,1.5,0.9,1.0
1.0,120,27026,0.0,0.03105961649183172,7.454307958039611,nan,4.965746323700634,2.4885616343389776,0.03105961649183172,1.4990392095566247,1.0,1.5,1.0,0.9999650000000001
1.0,1600,27026,0.0,0.30442436743245355,99.3641135299527,9.512070442411599e-05,4.989014491934912,94.3750990380178,0.03113670387068312,2.0386933249970096,0.102,2.0,0.1,1.0
1.0,800,27026,0.0,0.21685914442237547,69.39492621516017,6.649582962780828e-05,6.950887737621758,62.44403847753841,0.04342502554817734,1.9987189460754997,0.2,2.0,0.2,1.0
1.0,533,27026,0.0,0.16501560792790107,51.67257492752311,0.00030444029942569003,7.790997011599691,43.881577915923415,0.04868834579029033,1.95585579367724,0.29375,2.0,0.3,1.0
1.0,400,27026,0.0,0.13098673785297163,40.97265160040953,0.00052313064686255,8.239750547713452,32.73290105269608,0.0515344010644512,1.953747769788801,0.391,2.0,0.4,1.0
1.0,320,27026,0.0,0.10672366251986261,34.390633010400535,0.0006131799103209842,8.640968715965752,25.749664294434783,0.05403980790422518,2.012709978698028,0.5035,2.0,0.5,1.0
1.0,267,27026,0.0,0.08862351880875244,28.18201311062685,0.0005936811212592907,8.48069878032122,19.70131433030563,0.053015449464161465,1.9862082146724085,0.5955,2.0,0.6,1.0
1.0,229,27026,0.0,0.07432726864304648,23.744217604364422,0.0003545839725823909,8.309028722136594,15.435188882227829,0.051950531530231096,1.9953148778704648,0.6975,2.0,0.7,1.0
1.0,200,27026,0.0,0.0629520628382153,20.03764160140393,3.602712141807436e-05,8.012425513396405,12.025216088007525,0.05010146254305947,1.9881007516744733,0.79575,2.0,0.8,1.0
1.0,178,27026,0.0,0.054167898544264084,17.254154891202983,0.0006173495779116941,7.759286289275729,9.494868601927255,0.04853170326555549,1.9895435769136718,0.89475,2.0,0.9,1.0
1.0,160,27026,0.0,0.04701860706404887,15.045954260495638,nan,7.515457130997644,7.530497129497993,0.04701860706404887,1.9987189460754997,1.0,2.0,1.0,1.0
0.0,200,27027,0.0005,0.06213850624828141,2.404760191808491,0.0005324002421264929,1.0370934982095172,1.3676666935989736,0.0064927909982219825,0.2418192304399798,0.09675,0.25,0.1,0.999815
0.0,100,27027,0.3845,0.02223966300911487,0.8873625540636833,0.0006828949151313496,0.7981030801383572,0.08925947392532607,0.004983470149881061,0.249317501151297,0.1995,0.25,0.2,0.62688
0.0,67,27027,0.723,0.010903126864988875,0.42807856697319313,0.0007767538822353583,0.5988806211890658,-0.1708020542158727,0.0037437811661821386,0.24533092055644665,0.293,0.25,0.3,0.26908587500000003
0.0,50,27027,0.81,0.0072883615365354,0.290623416269349,0.0007500140436074796,0.5366827186933082,-0.24605930242395918,0.0033571801064124877,0.24916128717814454,0.39875,0.25,0.4,0.17419875
0.0,40,27027,0.819,0.004795525376810759,0.18875187883127148,0.0005827871004617196,0.42491711688832057,-0.2361652380570491,0.0026554543324254468,0.24594327933120422,0.492,0.25,0.5,0.17973400000000003
0.0,33,27027,0.809,0.0035434696252588565,0.13938592117918236,0.0004041665286004452,0.36422938098714075,-0.2248434598079584,0.0022751911742088585,0.24579331391697787,0.596,0.25,0.6,0.18068155
0.0,29,27027,0.815,0.0028688661109870788,0.11560239437527983,0.00037899500876287836,0.337601316283962,-0.22199892190868217,0.002108832957033142,0.25178880620656857,0.69475,0.25,0.7,0.1850482
0.0,25,27027,0.7895,0.002343351011680259,0.09317749460193628,-0.0002601315518065006,0.28937387181644236,-0.19619637721450608,0.0018102879568063447,0.2484583242989586,0.79525,0.25,0.8,0.203613125
0.0,22,27027,0.7825,0.001857510979014093,0.07357786738972726,0.00016631715745090594,0.26971775102665524,-0.19613988363692797,0.0016888143953131653,0.24751166762165475,0.90025,0.25,0.9,0.2045628
0.0,20,27027,0.806,0.0017586150781869465,0.07034460312747787,nan,0.28013990563479946,-0.2097953025073216,0.0017586150781869465,0.24994235704390674,1.0,0.25,1.0,0.181901
0.0,400,27027,0.0,0.12985016538997368,10.050402801183965,0.0005324002421264929,2.0845996299058607,7.965803171278105,0.013043894020180712,0.4836384608799596,0.09675,0.5,0.1,1.0
0.0,200,27027,0.0,0.06263249674569454,4.998073240306426,0.0006828949151313496,2.087453799939377,2.910619440367049,0.013041840480328708,0.498635002302594,0.1995,0.5,0.2,1.0
0.0,133,27027,0.0105,0.03532133059312116,2.7528738637666774,0.0007767538822353583,1.7440958733365355,1.008777990430142,0.0108983148585249,0.4870001855822001,0.293,0.5,0.3,0.98944985
0.0,100,27027,0.2115,0.02341318109682079,1.8672011924714578,0.0007500140436074796,1.5663373763232675,0.30086381614819024,0.009786951906076286,0.49832257435628907,0.39875,0.5,0.4,0.7907824999999999
0.0,80,27027,0.526,0.016177484233532616,1.2734915588636873,0.0005827871004617196,1.321477569221888,-0.047986010358200826,0.0082553780899326,0.49188655866240844,0.492,0.5,0.5,0.45885600000000004
0.0,67,27027,0.723,0.011510702810788333,0.9192907692807994,0.0004041665286004452,1.1246664338816699,-0.20537566460087042,0.0070236621527844266,0.49903491007386414,0.596,0.5,0.6,0.270599125
0.0,57,27027,0.832,0.008989874583446958,0.7120115518208744,0.00037899500876287836,1.0187861879248952,-0.3067746361040208,0.006361403593274643,0.49489523978532446,0.69475,0.5,0.7,0.165908275
0.0,50,27027,0.8335,0.007148980966816563,0.5685227113860871,-0.0002601315518065006,0.9014020021914781,-0.332879290805391,0.0056319651786284905,0.4969166485979172,0.79525,0.5,0.8,0.16397625
0.0,44,27027,0.8815,0.005689602056252722,0.45074165410045314,0.00016631715745090594,0.8225953874674502,-0.37185373336699706,0.00513865438759724,0.4950233352433095,0.90025,0.5,0.9,0.11185450000000001
0.0,40,27027,0.907,0.004911761442585028,0.3929409154068023,nan,0.7856875909975992,-0.3927466755907969,0.004911761442585028,0.4998847140878135,1.0,0.5,1.0,0.084422
0.00010249999999998871,600,27027,0.0,0.17994503196727996,20.89161821140121,0.0005324002421264929,2.859297734690076,18.03232047671113,0.017890572361535094,0.7254576913199393,0.09675,0.75,0.1,1.0
0.0003274999999999639,300,27027,0.0,0.09790252350416759,11.718932063448861,0.0006828949151313496,3.2117367433080815,8.507195320140779,0.02007821081864408,0.7479525034538909,0.1995,0.75,0.2,1.0
0.00013499999999998512,200,27027,0.0,0.06299609834289621,7.383142725787438,0.0007767538822353583,3.039624877627987,4.3435178481594505,0.01900702180920899,0.7323311061386466,0.293,0.75,0.3,1.0
0.00032187499999996455,150,27027,0.0,0.04309947038577717,5.155774144898594,0.0007500140436074796,2.822469563372597,2.3333045815259967,0.01763685976004764,0.7474838615344336,0.39875,0.75,0.4,0.9999224999999999
0.00018299999999997984,120,27027,0.006,0.031206562910103427,3.6848709484250133,0.0005827871004617196,2.5047639195209115,1.1801070289041018,0.01564968479880544,0.7378298379936127,0.492,0.75,0.5,0.992723
0.00028999999999996807,100,27027,0.129,0.02271915763519825,2.7081235901156315,0.0004041665286004452,2.1934387027558673,0.5146848873597643,0.013703901228132736,0.744828223990842,0.596,0.75,0.6,0.873585
0.0003122749999999656,86,27027,0.3565,0.01743075949769005,2.0829234676954678,0.00037899500876287836,1.9568596110255676,0.12606385666990017,0.012225708387445031,0.7466840459918931,0.69475,0.75,0.7,0.6300263
0.0002965624999999673,75,27027,0.5935,0.014028244603610705,1.6733942281532121,-0.0002601315518065006,1.7772504804042655,-0.10385625225105333,0.011102699585789034,0.7453749728968756,0.79525,0.75,0.8,0.397469375
0.00041334999999998964,67,27027,0.7375,0.011624854509745304,1.40234688650136,0.00016631715745090594,1.6785979188229707,-0.27625103232161075,0.010481865408853937,0.7537855332114031,0.90025,0.75,0.9,0.25747345
0.00034999999999996145,60,27027,0.8425,0.009581353362641331,1.1497624035169598,nan,1.5322853860561099,-0.38252298253915007,0.009581353362641331,0.7498270711317202,1.0,0.75,1.0,0.147039
0.33834000000000003,800,27027,0.0,0.21911294301625367,33.918683578916074,0.0005324002421264929,3.4649036733927816,30.45377990552329,0.0216800677555233,0.9672769217599192,0.09675,1.0,0.1,1.0
0.48849,400,27027,0.0,0.1290042617963146,20.58908018269181,0.0006828949151313496,4.20477272386846,16.38430745882335,0.02628300760792741,0.997270004605188,0.1995,1.0,0.2,1.0
0.3887837,267,27027,0.0,0.08729633390783344,13.658558995887434,0.0007767538822353583,4.179015868843147,9.479543127044288,0.026126990829735592,0.9776620266950933,0.293,1.0,0.3,1.0
0.4852125,200,27027,0.0,0.06346957829266839,10.123397737680607,0.0007500140436074796,4.12010052170483,6.003297215975777,0.025759440287920515,0.9966451487125781,0.39875,1.0,0.4,1.0
0.419477,160,27027,0.0,0.04693682499430317,7.389733727103092,0.0005827871004617196,3.742797832761141,3.646935894341951,0.023388973744231715,0.9837731173248169,0.492,1.0,0.5,1.0
0.45409299999999997,133,27027,0.0,0.035403869242742365,5.612787814267402,0.0004041665286004452,3.402524298344887,2.210263515922515,0.021263989346229025,0.99062153790782,0.596,1.0,0.6,0.9999343749999999
0.44987024999999997,114,27027,0.0065,0.02824844725056923,4.474638789831918,0.00037899500876287836,3.157505581699777,1.317133208132141,0.019741296953757842,0.9897904795706489,0.69475,1.0,0.7,0.99467365
0.47046374999999996,100,27027,0.098,0.022921293190053912,3.6456316818780743,-0.0002601315518065006,2.909008849207306,0.7366228326707684,0.01817489647415799,0.9938332971958344,0.79525,1.0,0.8,0.9087999999999999
0.5096257125,89,27027,0.284,0.019027049381039204,3.048980014539937,0.00016631715745090594,2.7458138790734696,0.3031661354664674,0.017145691341736276,1.0012972008330576,0.90025,1.0,0.9,0.7193466999999999
0.5016,80,27027,0.503,0.01581476136368101,2.5303618181889616,nan,2.5305394205366274,-0.0001776023476658395,0.01581476136368101,0.999769428175627,1.0,1.0,1.0,0.497016
0.9948125,1000,27027,0.0,0.2461655013965782,47.63302452023786,0.0005324002421264929,3.882916565094123,43.75010795514374,0.024297402778819695,1.2090961521998989,0.09675,1.25,0.1,1.0
0.9985999999999999,500,27027,0.0,0.15649356960750685,31.220467136697604,0.0006828949151313496,5.081528004286443,26.13893913241116,0.03176712451626026,1.2465875057564848,0.1995,1.25,0.2,1.0
0.9962742,333,27027,0.0,0.1102903972022796,21.521847529258437,0.0007767538822353583,5.256725445574678,16.26512208368376,0.03286425137500832,1.2193312917208468,0.293,1.25,0.3,1.0
0.9985624999999999,250,27027,0.0,0.08247547880818142,16.44354858738117,0.0007500140436074796,5.333645554108925,11.109903033272245,0.03333804311848134,1.2458064358907226,0.39875,1.25,0.4,1.0
0.99773,200,27027,0.0,0.06310809849767048,12.419673784341551,0.0005827871004617196,5.015002199137419,7.404671585204132,0.031345240307888426,1.2297163966560212,0.492,1.25,0.5,1.0
0.9984692,167,27027,0.0,0.04860899164234753,9.676300312292268,0.0004041665286004452,4.6616265373599814,5.0146737749322865,0.029134242296393706,1.2438631340647062,0.596,1.25,0.6,1.0
0.9983896999999999,143,27027,0.0,0.039421751397390535,7.833042870034403,0.00037899500876287836,4.39945922905369,3.4335836409807126,0.027503950009761944,1.2415792857772177,0.69475,1.25,0.7,1.0
0.9984125,125,27027,0.0,0.03239229944343551,6.4399940330980225,-0.0002601315518065006,4.113651812545845,2.3263422205521778,0.025706714197159704,1.2422916214947928,0.79525,1.25,0.8,0.9997812500000001
0.99870665,111,27027,0.0055,0.027384857945492832,5.473014477125442,0.00016631715745090594,3.948148448430252,1.5248660286951905,0.02466980850188565,1.2488088684547127,0.90025,1.25,0.9,0.9959587249999999
0.9987499999999999,100,27027,0.0645,0.023010716922392163,4.602143384478433,nan,3.6814278287674074,0.9207155557110256,0.023010716922392163,1.2497117852195336,1.0,1.25,1.0,0.9348075
1.0,1200,27027,0.0,0.27198291835908495,63.15443364297955,0.0005324002421264929,4.282544271891977,58.87188937108757,0.026795237869942222,1.4509153826398786,0.09675,1.5,0.1,1.0
1.0,600,27027,0.0,0.18090524162520696,43.30871484507456,0.0006828949151313496,5.8628626404479105,37.445852204626654,0.036637253083791434,1.4959050069077817,0.1995,1.5,0.2,1.0
1.0,400,27027,0.0,0.13056338995025255,30.604058604339205,0.0007767538822353583,6.206607755311863,24.397450849027344,0.038804238250164394,1.4646622122772932,0.293,1.5,0.3,1.0
1.0,300,27027,0.0,0.10005830198479258,23.93894874986162,0.0007500140436074796,6.455751750277376,17.483196999584244,0.040349193860155036,1.4949677230688672,0.39875,1.5,0.4,1.0
1.0,240,27027,0.0,0.07792779451624313,18.403427952955976,0.0005827871004617196,6.1816749169917475,12.221753035964229,0.03863653074902616,1.4756596759872254,0.492,1.5,0.5,1.0
1.0,200,27027,0.0,0.062020571847793284,14.785704328513921,0.0004041665286004452,5.938671667897588,8.847032660616332,0.03712754409883938,1.489656447981684,0.596,1.5,0.6,1.0
1.0,171,27027,0.0,0.05067212527669404,12.039924990306249,0.00037899500876287836,5.647628123229974,6.392296867076275,0.03532014726240806,1.4846857193559735,0.69475,1.5,0.7,1.0
1.0,150,27027,0.0,0.0425735050561361,10.15697396876767,-0.0002601315518065006,5.409780197268382,4.747193771499288,0.03380331796065986,1.4907499457937512,0.79525,1.5,0.8,1.0
1.0,133,27027,0.0,0.03590131702533985,8.597162733448545,0.00016631715745090594,5.172861203776009,3.4243015296725368,0.03233675078851792,1.4963205360763674,0.90025,1.5,0.9,1.0
1.0,120,27027,0.0,0.030469370249797924,7.312648859951501,nan,4.873058218038337,2.4395906419131643,0.030469370249797924,1.4996541422634404,1.0,1.5,1.0,0.9999380000000001
1.0,1600,27027,0.0,0.3067570208206296,94.971973646067,0.0005324002421264929,4.820300656349631,90.15167298971737,0.03015963228309667,1.9345538435198384,0.09675,2.0,0.1,1.0
1.0,800,27027,0.0,0.21745313188784574,69.41103969860033,0.0006828949151313496,7.029058187868309,62.381981510732025,0.043928557191187864,1.994540009210376,0.1995,2.0,0.2,1.0
1.0,533,27027,0.0,0.1649714208263224,51.526843638051886,0.0007767538822353583,7.8205460698780165,43.706297568173866,0.04888579129685286,1.9516623978594931,0.293,2.0,0.3,1.0
1.0,400,27027,0.0,0.13091483958271477,41.76183382688601,0.0007500140436074796,8.423840032185945,33.33799379470007,0.05265323822732651,1.9932902974251563,0.39875,2.0,0.4,1.0
1.0,320,27027,0.0,0.1060210297622163,33.38390185152669,0.0005827871004617196,8.390540331550486,24.9933615199762,0.052458402490044985,1.9675462346496337,0.492,2.0,0.5,1.0
1.0,267,27027,0.0,0.08782095663890697,27.95024894372509,0.0004041665286004452,8.398637979931346,19.551610963793742,0.052504573434343144,1.9886913580555483,0.596,2.0,0.6,1.0
1.0,229,27027,0.0,0.07368436923952248,23.44603471235448,0.00037899500876287836,8.20599076627844,15.240043946076039,0.05130790375558311,1.9882633317691103,0.69475,2.0,0.7,1.0
1.0,200,27027,0.0,0.062346893009946544,19.832546666463994,-0.0002601315518065006,7.925255729718099,11.907290936745895,0.049528104730927607,1.9876665943916687,0.79525,2.0,0.8,1.0
1.0,178,27027,0.0,0.05341925582050365,17.120283878657393,0.00016631715745090594,7.697225332692671,9.423058545964722,0.04810727518886414,2.0025944016661152,0.90025,2.0,0.9,1.0
1.0,160,27027,0.0,0.04646966505702673,14.870292818248556,nan,7.430548371371542,7.439744446877014,0.04646966505702673,1.999538856351254,1.0,2.0,1.0,1.0
0.0,200,27028,0.0,0.06066688260998167,2.372075110050283,-0.0004830554614168546,0.8757688266099711,1.4963062834403118,0.0054943509850623505,0.2445313472301353,0.09775,0.25,0.1,0.99994
0.0,100,27028,0.1975,0.021056236273067696,0.8411966391090543,-0.0006208645983603919,0.5921228133731387,0.24907382573591563,0.0037091363007073688,0.24984724608296432,0.19975,0.25,0.2,0.8033049999999999
0.0,67,27028,0.5125,0.010309086207620746,0.4171881006499963,-0.0006324111598574692,0.42736487692213015,-0.01017677627213387,0.002671921045120951,0.25308681738386485,0.302,0.25,0.3,0.4874618
0.0,50,27028,0.668,0.006190759652501948,0.2497971519784536,-0.0004272840883059794,0.35861064980142965,-0.10881349782297606,0.002243096561110019,0.2523488455431192,0.4035,0.25,0.4,0.34079125
0.0,40,27028,0.6765,0.003832809710420096,0.15561207424305587,-0.0005499019535386608,0.2672600204666308,-0.1116479462235749,0.0016743242159204081,0.25391234520571593,0.5075,0.25,0.5,0.323085
0.0,33,27028,0.6895,0.002596254087983076,0.10456802777465038,-0.0006978289572864846,0.2103040811993572,-0.10573605342470682,0.001312385221089265,0.2518891766423157,0.61025,0.25,0.6,0.32676095000000005
0.0,29,27028,0.6675,0.0018609174113851442,0.0756611801120972,-0.0005990116545685153,0.17988025174886174,-0.10421907163676454,0.0011253986206650002,0.25427507712743835,0.701,0.25,0.7,0.33357225
0.0,25,27028,0.6665,0.001238691511468976,0.04993475155609309,-0.0003789494673309714,0.14750793719589003,-0.09757318563979694,0.0009252735718264861,0.2521143205937297,0.80625,0.25,0.8,0.33972625
0.0,22,27028,0.641,0.0006323784329750516,0.02502131745752387,0.0007652442882887906,0.10313004877340214,-0.07810873131587827,0.0006457646678979109,0.24745196459986607,0.89925,0.25,0.9,0.3661516
0.0,20,27028,0.6345,0.0005803454094713102,0.023213816378852413,nan,0.09263411635793954,-0.06942029997908714,0.0005803454094713102,0.2501599460154837,1.0,0.25,1.0,0.377104
0.0,400,27028,0.0,0.1296554224156615,10.139054032904733,-0.0004830554614168546,1.9529384582744755,8.186115574630257,0.012237980751067553,0.4890626944602706,0.09775,0.5,0.1,1.0
0.0,200,27028,0.0,0.06038976792935725,4.825142457555643,-0.0006208645983603919,1.8497726854082825,2.97536977214736,0.011566009249051207,0.49969449216592865,0.19975,0.5,0.2,1.0
0.0,133,27028,0.0025,0.03431864110573933,2.756885077306251,-0.0006324111598574692,1.586982569272953,1.1699025080332983,0.009922806624352763,0.5023962195828958,0.302,0.5,0.3,0.996611025
0.0,100,27028,0.147,0.022518407207202436,1.8172354616212365,-0.0004272840883059794,1.4136366081047633,0.4035988535164732,0.008831302349431667,0.5046976910862384,0.4035,0.5,0.4,0.8510375
0.0,80,27028,0.452,0.015032188332957563,1.220613692636154,-0.0005499019535386608,1.176370050134637,0.04424364250151691,0.007358008866858172,0.5078246904114319,0.5075,0.5,0.5,0.56056
0.0,67,27028,0.6585,0.010932466895091768,0.8939860816457869,-0.0006978289572864846,1.0230418883513004,-0.12905580670551353,0.006399559086627345,0.5114113586374289,0.61025,0.5,0.6,0.344766025
0.0,57,27028,0.7735,0.008023585684207244,0.6411968263677378,-0.0005990116545685153,0.8712470787433096,-0.23005025237557186,0.005445429079913293,0.4997820481470341,0.701,0.5,0.7,0.2335848
0.0,50,27028,0.8325,0.006136460936713561,0.4947521630225309,-0.0003789494673309714,0.7790487391879802,-0.28429657616544934,0.0048741001709299335,0.5042286411874594,0.80625,0.5,0.8,0.17704124999999998
0.0,44,27028,0.8565,0.00458584396959359,0.3628961766898192,0.0007652442882887906,0.6707380842886062,-0.30784190759878693,0.004200918551702132,0.49490392919973214,0.89925,0.5,0.9,0.1403952
0.0,40,27028,0.8815,0.003944742381526718,0.3155793905221374,nan,0.6302320489248888,-0.3146526584027514,0.003944742381526718,0.5003198920309674,1.0,0.5,1.0,0.12161400000000001
0.00024749999999997273,600,27028,0.0,0.17839758023354255,20.926036161394535,-0.0004830554614168546,2.714189003790784,18.21184715760375,0.017002526677765424,0.733594041690406,0.09775,0.75,0.1,1.0
0.0005312499999999887,300,27028,0.0,0.09748253615883597,11.68328195863649,-0.0006208645983603919,3.03332238394769,8.6499595746888,0.018975289702889583,0.749541738248893,0.19975,0.75,0.2,1.0
0.0006300000000000305,200,27028,0.0,0.061645093185810754,7.44672725684594,-0.0006324111598574692,2.9086085730136184,4.538118683832321,0.018175395152534336,0.7554830369667607,0.302,0.75,0.3,1.0
0.0006575000000000387,150,27028,0.0,0.04196292275417443,5.079611799392816,-0.0004272840883059794,2.6669235621734915,2.4126882372193243,0.01667716437263487,0.7570465366293575,0.4035,0.75,0.4,0.99999375
0.0007700000000000262,120,27028,0.0035,0.0295852601901898,3.603484691165118,-0.0005499019535386608,2.357012373119666,1.246472318045452,0.014743692834403533,0.7617370356171477,0.5075,0.75,0.5,0.99741
0.0008137500000000214,100,27028,0.087,0.022210245744171974,2.7107604930761893,-0.0006978289572864846,2.1228277909073863,0.587932702168803,0.01328182362927854,0.7633005352797445,0.61025,0.75,0.6,0.91631
0.0006072000000000204,86,27028,0.329,0.017073186994456275,2.0585483022955824,-0.0005990116545685153,1.8841259204782106,0.1744223818173718,0.011789199598397864,0.7540571252744723,0.701,0.75,0.7,0.6783139
0.0006437500000000367,75,27028,0.5915,0.013261089643124556,1.603763028715376,-0.0003789494673309714,1.697056260262138,-0.09329323154676206,0.010618332065473796,0.756342961781189,0.80625,0.75,0.8,0.40858
0.0005999500000000172,67,27028,0.755,0.010728410155887151,1.2927680595793236,0.0007652442882887906,1.5531986342378692,-0.2604305746585456,0.009724621194726616,0.7536037103723194,0.89925,0.75,0.9,0.24071112499999997
0.0005499999999999949,60,27028,0.8255,0.00878822714473004,1.054587257367605,nan,1.4039469124182422,-0.34935965505063726,0.00878822714473004,0.750479838046451,1.0,0.75,1.0,0.17262
0.39147499999999996,800,27028,0.0,0.21444920901076814,33.53985628928412,-0.0004830554614168546,3.27769017902491,30.26216611025921,0.02052657339073922,0.9781253889205412,0.09775,1.0,0.1,1.0
0.5004749999999999,400,27028,0.0,0.12834946188112983,20.51024400860454,-0.0006208645983603919,4.019339158154228,16.490904850450313,0.025140958115917777,0.9993889843318573,0.19975,1.0,0.2,1.0
0.5464106,267,27028,0.0,0.08581154754769095,13.83865664992102,-0.0006324111598574692,4.076443401409966,9.762213248511054,0.025473664369822152,1.0085698543506256,0.302,1.0,0.3,1.0
0.5504300000000001,200,27028,0.0,0.061763242319812776,9.968587310417783,-0.0004272840883059794,3.946808998955309,6.021778311462475,0.024666593317369936,1.0093953821724768,0.4035,1.0,0.4,1.0
0.5807,160,27028,0.0,0.04585035938392527,7.446098363949464,-0.0005499019535386608,3.675778283825153,3.7703200801243106,0.022998230675224284,1.0156493808228637,0.5075,1.0,0.5,1.0
0.5784950000000001,133,27028,0.0,0.035043760050860476,5.688530915896004,-0.0006978289572864846,3.376155933560079,2.3123749823359248,0.021113475734935196,1.0151897119220603,0.61025,1.0,0.6,0.999987975
0.501371,114,27028,0.006,0.027508439126989907,4.396618808788544,-0.0005990116545685153,3.052304628043592,1.3443141807449517,0.01910431134330394,0.9995640962940682,0.701,1.0,0.7,0.99554815
0.5458625,100,27028,0.0865,0.022106985088833686,3.564751345574431,-0.0003789494673309714,2.8354703746851677,0.7292809708892634,0.01775033526857678,1.0084572823749187,0.80625,1.0,0.8,0.9176675
0.5089614375,89,27028,0.277,0.017832149664107108,2.8543297842097997,0.0007652442882887906,2.573398703536784,0.28093108067301564,0.01611265894749341,1.0010556749721855,0.89925,1.0,0.9,0.7194460749999999
0.506875,80,27028,0.5025,0.015050251577599724,2.4080402524159563,nan,2.4044900004954752,0.0035502519204810845,0.015050251577599724,1.0006397840619348,1.0,1.0,1.0,0.500324
0.9973500000000001,1000,27028,0.0,0.24543976351649657,47.9834737674751,-0.0004830554614168546,3.762401088311328,44.22107267916377,0.023555900093674184,1.2226567361506766,0.09775,1.25,0.1,1.0
0.9989687500000001,500,27028,0.0,0.15543916339943117,31.048972889036378,-0.0006208645983603919,4.884507828072727,26.16446506096365,0.030552125994198473,1.2492362304148217,0.19975,1.25,0.2,1.0
0.9992480999999999,333,27028,0.0,0.10924633808752239,21.97293447221956,-0.0006324111598574692,5.208031549956063,16.764902922263495,0.032550971112851254,1.2578792565496566,0.302,1.25,0.3,1.0
0.9993562499999998,250,27028,0.0,0.08135777538675887,16.4139311842786,-0.0004272840883059794,5.210871345777326,11.203059838501273,0.03257298740988269,1.261744227715596,0.4035,1.25,0.4,1.0
0.9994749999999999,200,27028,0.0,0.06168338873768132,12.521727913749311,-0.0005499019535386608,4.961730269106606,7.5599976446427055,0.03103349307225548,1.2695617260285794,0.5075,1.25,0.5,1.0
0.9995573499999999,167,27028,0.0,0.04869063554368085,9.924295753737436,-0.0006978289572864846,4.705309353382228,5.218986400355208,0.029441481504428834,1.2747118939171733,0.61025,1.25,0.6,1.0
0.9991222,143,27028,0.0,0.039066156783310206,7.83221750885873,-0.0005990116545685153,4.348760111946913,3.4834573969118177,0.027206271420384467,1.2538391734215066,0.701,1.25,0.7,1.0
0.9993234374999999,125,27028,0.0,0.03189012471165683,6.42785326219333,-0.0003789494673309714,4.094979949943272,2.332873312250058,0.02563799158947794,1.2605716029686482,0.80625,1.25,0.8,0.9999750000000001
0.9989425375000002,111,27028,0.003,0.02617347636702631,5.225102694316747,0.0007652442882887906,3.7723728197457445,1.4527298745710024,0.0236135969850935,1.2485076395720516,0.89925,1.25,0.9,0.9967644250000001
0.9990250000000002,100,27028,0.0565,0.022067411366575862,4.4134822733151715,nan,3.525233231275351,0.8882490420398206,0.022067411366575862,1.2507997300774185,1.0,1.25,1.0,0.9435925000000001
1.0,1200,27028,0.0,0.27108277600303776,63.59601925031265,-0.0004830554614168546,4.161575471849531,59.43444377846312,0.026062504564233584,1.467188083380812,0.09775,1.5,0.1,1.0
1.0,600,27028,0.0,0.1788549476744026,42.87153095755429,-0.0006208645983603919,5.633058384311416,37.23847257324287,0.03522942890312401,1.499083476497786,0.19975,1.5,0.2,1.0
1.0,400,27028,0.0,0.1290869225950386,31.187400498961328,-0.0006324111598574692,6.1666913031813655,25.02070919577996,0.03854282763412114,1.5109660739335213,0.302,1.5,0.3,1.0
1.0,300,27028,0.0,0.0982177048485771,23.778506343840526,-0.0004272840883059794,6.299121114668701,17.479385229171825,0.039375968947726346,1.514093073258715,0.4035,1.5,0.4,1.0
1.0,240,27028,0.0,0.07723251515870522,18.81384069266059,-0.0005499019535386608,6.223000623613216,12.590840069047374,0.038924674730925105,1.5234740712342953,0.5075,1.5,0.5,1.0
1.0,200,27028,0.0,0.06154502555897488,15.023140738945767,-0.0006978289572864846,5.960365761259365,9.062774977686402,0.03728587301126201,1.526601070559489,0.61025,1.5,0.6,1.0
1.0,171,27028,0.0,0.050199607583832434,12.034954321363157,-0.0005990116545685153,5.595739005084698,6.439215316278459,0.03501082043155055,1.4993461444411023,0.701,1.5,0.7,1.0
1.0,150,27028,0.0,0.041992200012632035,10.156863378055373,-0.0003789494673309714,5.398110492912759,4.758752885142615,0.0337827898008892,1.512685923562378,0.80625,1.5,0.8,1.0
1.0,133,27028,0.0,0.03493212449159287,8.35578164445126,0.0007652442882887906,5.0283750879269355,3.327406556524325,0.031489811311109984,1.4959596041719176,0.89925,1.5,0.9,0.999999575
1.0,120,27028,0.0,0.029869115049279592,7.1685876118271015,nan,4.773357705640772,2.395229906186329,0.029869115049279592,1.500959676092902,1.0,1.5,1.0,0.99987
1.0,1600,27028,0.0,0.3072499426659495,96.107782065909,-0.0004830554614168546,4.727950043680381,91.37983202222863,0.029597845105533212,1.9562507778410825,0.09775,2.0,0.1,1.0
1.0,800,27028,0.0,0.21685588938928016,69.30714224881397,-0.0006208645983603919,6.848618333673512,62.45852391514046,0.042820117010670816,1.9987779686637146,0.19975,2.0,0.2,1.0
1.0,533,27028,0.0,0.1656012257049821,53.31233379365628,-0.0006324111598574692,7.931373172200602,45.38096062145568,0.04957014717332407,2.0133622935164173,0.302,2.0,0.3,1.0
1.0,400,27028,0.0,0.12982942577411918,41.90893863988567,-0.0004272840883059794,8.338223648567324,33.57071499131835,0.05213129834118258,2.0187907643449536,0.4035,2.0,0.4,1.0
1.0,320,27028,0.0,0.10480031662975828,34.03914284134549,-0.0005499019535386608,8.462263631308652,25.576879210036836,0.05291533397748454,2.0312987616457274,0.5075,2.0,0.5,1.0
1.0,267,27028,0.0,0.08742469052652185,28.48938988829452,-0.0006978289572864846,8.484506701616828,20.004883186677695,0.05307893855770756,2.038012429196918,0.61025,2.0,0.6,1.0
1.0,229,27028,0.0,0.07270351202240927,23.342044162890662,-0.0005990116545685153,8.11629204524915,15.225752117641512,0.0507860574429929,2.007896298695979,0.701,2.0,0.7,1.0
1.0,200,27028,0.0,0.06157225172022521,19.857051179772625,-0.0003789494673309714,7.919873694632735,11.937177485139891,0.04956920649013619,2.0169145647498374,0.80625,2.0,0.8,1.0
1.0,178,27028,0.0,0.0532776302598949,17.055927607990935,0.0007652442882887906,7.664622559436641,9.391305048554294,0.047987007373255584,2.002111349944371,0.89925,2.0,0.9,1.0
1.0,160,27028,0.0,0.045864759454874754,14.676723025559921,nan,7.326585437391429,7.350137588168492,0.045864759454874754,2.0012795681238695,1.0,2.0,1.0,1.0
0.0,200,27029,0.0,0.06275434748765532,2.4850721605111508,-0.0002975601082174244,0.9523933738126421,1.5326787866985088,0.005944578743773976,0.24766818217495823,0.099,0.25,0.1,0.999965
0.0,100,27029,0.2275,0.02259086462808675,0.9081527580490875,-0.00019641342003989741,0.6991837721761556,0.2089689858729319,0.004383829467633559,0.2514207303897303,0.201,0.25,0.2,0.7674300000000001
0.0,67,27029,0.6195,0.010704919326092303,0.43966174164193705,3.137456124584438e-06,0.5234303133636465,-0.08376857172170948,0.0032832335992696903,0.2568681795481744,0.3065,0.25,0.3,0.38133605000000004
0.0,50,27029,0.712,0.006053250040286249,0.24561062038461454,-8.671317564940516e-05,0.38296555068292787,-0.13735493029831333,0.0024045768992164867,0.25376607302396287,0.40575,0.25,0.4,0.29294875
0.0,40,27029,0.735,0.003585388497955174,0.14549506524702094,3.6289025526428164e-05,0.29315450036630464,-0.1476594351192837,0.001836569732915909,0.25379734425908596,0.50725,0.25,0.5,0.27832200000000007
0.0,33,27029,0.726,0.002206755499170725,0.0875695750958423,0.00022265376736282054,0.22618023073104424,-0.13861065563520192,0.0014155949336123234,0.24818415755448933,0.60125,0.25,0.6,0.278079675
0.0,29,27029,0.7425,0.0020923094883694648,0.08552419649184606,7.1851749562007295e-06,0.23574446479619302,-0.15022026830434695,0.0014766765348341985,0.2556454742548612,0.70475,0.25,0.7,0.25771135
0.0,25,27029,0.7235,0.0013721002665313122,0.055329943247875164,0.0001560879450093223,0.18175795736629713,-0.12642801411842197,0.001136801882316807,0.2522025112678078,0.8065,0.25,0.8,0.295121875
0.0,22,27029,0.7,0.001053171721571069,0.04189095839721084,-0.0002864128259859752,0.14782630475463113,-0.10593534635742029,0.0009245716050055925,0.24876892965129138,0.904,0.25,0.9,0.31882364999999996
0.0,20,27029,0.701,0.000933901992461124,0.037356079698444955,nan,0.14943447517658195,-0.112078395478137,0.000933901992461124,0.25016988098480625,1.0,0.25,1.0,0.305898
0.0,400,27029,0.0,0.13008850059251661,10.303009246927319,-0.0002975601082174244,2.0193173541425544,8.283691892784764,0.012610659901155244,0.49533636434991646,0.099,0.5,0.1,1.0
0.0,200,27029,0.0,0.062470665392264646,5.0226414975380775,-0.00019641342003989741,1.9796921454685463,3.042949352069531,0.012399669421233318,0.5028414607794606,0.201,0.5,0.2,1.0
0.0,133,27029,0.0015,0.03523184862229271,2.872417386326902,3.137456124584438e-06,1.7244557351415002,1.1479616511854018,0.010800737428555113,0.5099025056702566,0.3065,0.5,0.3,0.99595
0.0,100,27029,0.1855,0.02162975305928096,1.75525446076065,-8.671317564940516e-05,1.393760206824316,0.36149425393633394,0.00872474299917359,0.5075321460479257,0.40575,0.5,0.4,0.8235399999999999
0.0,80,27029,0.499,0.014953141236627535,1.2135969427646904,3.6289025526428164e-05,1.214594634104045,-0.0009976913393545672,0.007602862309607463,0.5075946885181719,0.50725,0.5,0.5,0.497238
0.0,67,27029,0.6785,0.011138747091010957,0.8974210062550252,0.00022265376736282054,1.0838308394562153,-0.1864098332011901,0.0067859548782062615,0.5038890471560845,0.60125,0.5,0.6,0.294711975
0.0,57,27029,0.807,0.008070085534472983,0.6483627769678612,7.1851749562007295e-06,0.9086447568196727,-0.26028197985181156,0.005689514203325652,0.5024755873285203,0.70475,0.5,0.7,0.198127925
0.0,50,27029,0.8435,0.006297402664184908,0.5078855248665128,0.0001560879450093223,0.8158900303557037,-0.3080045054891909,0.005109058266024432,0.5044050225356156,0.8065,0.5,0.8,0.15489375
0.0,44,27029,0.8575,0.004761468899857421,0.37878437392145753,-0.0002864128259859752,0.6823423070424383,-0.3035579331209807,0.004276872254176454,0.49753785930258276,0.904,0.5,0.9,0.1461974
0.0,40,27029,0.898,0.004149075995044346,0.33192607960354764,nan,0.6620643677298024,-0.33013828812625473,0.004149075995044346,0.5003397619696125,1.0,0.5,1.0,0.11627
0.00020999999999997686,600,27029,0.0,0.18018541397336746,21.406027180036048,-0.0002975601082174244,2.8131300050232273,18.592897175012823,0.01757025432585948,0.7430045465248747,0.099,0.75,0.1,1.0
0.0003349999999999631,300,27029,0.0,0.09999080256438082,12.058890789264328,-0.00019641342003989741,3.183612011550222,8.875278777714106,0.019941216992828668,0.754262191169191,0.201,0.75,0.2,1.0
0.0007800000000000029,200,27029,0.0,0.06234078098662399,7.642979748960101,3.137456124584438e-06,3.052225259794533,4.590754489165567,0.019109625198222655,0.7667706852184312,0.3065,0.75,0.3,1.0
0.000538124999999981,150,27029,0.0,0.042342190678018206,5.154103160281766,-8.671317564940516e-05,2.7369245975808525,2.4171785627009132,0.017128814562976227,0.7612982190718885,0.40575,0.75,0.4,0.99999875
0.0005414999999999814,120,27029,0.0085,0.02936105888718595,3.5744153089260173,3.6289025526428164e-05,2.3835129899211775,1.1909023190048398,0.014911278537853219,0.7613920327772579,0.50725,0.75,0.5,0.994252
0.00029999999999996696,100,27029,0.1235,0.022040772688888793,2.6504029158388778,0.00022265376736282054,2.131377752050792,0.5190251637880858,0.013340797768930312,0.7520732047105737,0.60125,0.75,0.6,0.879895
0.0004238249999999654,86,27029,0.378,0.017120503727723863,2.075296100363503,7.1851749562007295e-06,1.9281567244392173,0.14713937592428583,0.01206779642501921,0.7581210615833816,0.70475,0.75,0.7,0.6303881499999999
0.00037249999999995896,75,27029,0.5995,0.013234322422156402,1.6010221550203705,0.0001560879450093223,1.7093845991559742,-0.1083624441356037,0.01070368405082844,0.7566075338034235,0.8065,0.75,0.8,0.39152187499999996
0.0004055999999999629,67,27029,0.7585,0.011197827219848635,1.356459998103584,-0.0002864128259859752,1.6119012704410096,-0.25544127233742553,0.010095340175448513,0.7576144675743873,0.904,0.75,0.9,0.24352205
0.0002749999999999697,60,27029,0.8445,0.008984743472984598,1.0781692167581516,nan,1.4342582663371548,-0.3560890495790032,0.008984743472984598,0.7505096429544188,1.0,0.75,1.0,0.15930450000000002
0.457445,800,27029,0.0,0.21647933321207763,34.290326380793104,-0.0002975601082174244,3.389028551904514,30.90129782888859,0.021163352330491783,0.9906727286998329,0.099,1.0,0.1,1.0
0.53524,400,27029,0.0,0.13152981090658342,21.149993593778618,-0.00019641342003989741,4.195267233693198,16.95472636008542,0.02628055766961139,1.0056829215589211,0.201,1.0,0.2,1.0
0.6237806499999999,267,27029,0.0,0.08725191673151025,14.280608463363016,3.137456124584438e-06,4.272200933069105,10.008407530293912,0.026744888304030292,1.0236388647666055,0.3065,1.0,0.3,1.0
0.582375,200,27029,0.0,0.06221325452032384,10.097211208648558,-8.671317564940516e-05,4.024766570344053,6.072444638304504,0.025191498716991736,1.0150642920958515,0.40575,1.0,0.4,1.0
0.5829799999999999,160,27029,0.0,0.04535868951123303,7.362622481463345,3.6289025526428164e-05,3.67948903440453,3.6831334470588146,0.0230260766719011,1.0151893770363438,0.50725,1.0,0.5,1.0
0.50690625,133,27029,0.0,0.0348889127087227,5.579871031787792,0.00022265376736282054,3.366601883342724,2.2132691484450677,0.021065741955855442,1.000257362265063,0.60125,1.0,0.6,0.999990075
0.531417025,114,27029,0.007,0.02732812713532518,4.391165452485454,7.1851749562007295e-06,3.0759611768755284,1.315204275609926,0.019261619021526236,1.0049511746570405,0.70475,1.0,0.7,0.99385735
0.5512325,100,27029,0.0915,0.022232220759059302,3.5860572084362663,0.0001560879450093223,2.8688224521471115,0.7172347562891548,0.01796048905954063,1.0088100450712312,0.8065,1.0,0.8,0.9077350000000001
0.5388996,89,27029,0.2585,0.0182020643361471,2.9289305764581033,-0.0002864128259859752,2.6229602756822374,0.30597030077586584,0.016427170528582325,1.0063833972256786,0.904,1.0,0.9,0.7458329749999999
0.5091,80,27029,0.5015,0.015181966648114947,2.429114663698391,nan,2.4247529950599804,0.004361668638410698,0.015181966648114947,1.000679523939225,1.0,1.0,1.0,0.5017199999999999
0.998625,1000,27029,0.0,0.2477903254949046,49.06248444799111,-0.0002975601082174244,3.8851207642381547,45.17736368375296,0.02426314056649165,1.2383409108747911,0.099,1.25,0.1,1.0
0.9991749999999999,500,27029,0.0,0.15745599259193793,31.648654510979526,-0.00019641342003989741,5.029254456264777,26.61940005471475,0.03149172018836764,1.2571036519486516,0.201,1.25,0.2,1.0
0.999653225,333,27029,0.0,0.10995095159310816,22.44417779774958,3.137456124584438e-06,5.384499937807866,17.059677859941715,0.03370214248911006,1.276673190888688,0.3065,1.25,0.3,1.0
0.9995031249999999,250,27029,0.0,0.08094988849227298,16.42270862786988,-8.671317564940516e-05,5.240378213390032,11.18233041447985,0.0327938879511101,1.2688303651198143,0.40575,1.25,0.4,1.0
0.9995074999999999,200,27029,0.0,0.06171026890133795,12.52101356008147,3.6289025526428164e-05,5.007816749279559,7.51319681080191,0.031320415317531825,1.2689867212954296,0.50725,1.25,0.5,1.0
0.9991430624999998,167,27029,0.0,0.04867495634172032,9.774783045153423,0.00022265376736282054,4.6899681436510665,5.084814901502357,0.029354600690195267,1.2559622518666582,0.60125,1.25,0.6,1.0
0.9992727374999999,143,27029,0.0,0.03865635074828418,7.7915160722980366,7.1851749562007295e-06,4.351797118764107,3.439718953533929,0.027245184612759092,1.2605966489119018,0.70475,1.25,0.7,1.0
0.9992843749999999,125,27029,0.0,0.031904787738021974,6.43280282767868,0.0001560879450093223,4.116156274800498,2.316646552878182,0.025761414328074023,1.261012556339039,0.8065,1.25,0.8,0.9999
0.9991203999999999,111,27029,0.0085,0.02626487679620685,5.27104559447716,-0.0002864128259859752,3.7871912096164846,1.4838543848606753,0.023715952992476336,1.25515232687697,0.904,1.25,0.9,0.9921478999999999
0.9989999999999999,100,27029,0.052,0.022279826930101634,4.455965386020327,nan,3.558752407050534,0.8972129789697929,0.022279826930101634,1.2508494049240313,1.0,1.25,1.0,0.948715
1.0,1200,27029,0.0,0.27290112810327144,64.8413080373373,-0.0002975601082174244,4.2838377658862035,60.557470271451095,0.026749110024719976,1.4860090930497494,0.099,1.5,0.1,1.0
1.0,600,27029,0.0,0.18055171193729813,43.549072919276306,-0.00019641342003989741,5.771720571322193,37.777352347954114,0.03613395977678504,1.508524382338382,0.201,1.5,0.2,1.0
1.0,400,27029,0.0,0.13104738051037707,32.13281770114445,3.137456124584438e-06,6.418473079903956,25.714344621240492,0.04016819795225297,1.5335413704368623,0.3065,1.5,0.3,1.0
1.0,300,27029,0.0,0.0988181802361033,24.057285978479346,-8.671317564940516e-05,6.4008880070145535,17.65639797146479,0.04004394732616926,1.522596438143777,0.40575,1.5,0.4,1.0
1.0,240,27029,0.0,0.07681107736679259,18.701961117266663,3.6289025526428164e-05,6.232568275027147,12.469392842239515,0.03898030041163368,1.5227840655545157,0.50725,1.5,0.5,1.0
1.0,200,27029,0.0,0.06169047294224074,14.836558742608899,0.00022265376736282054,5.939749402140387,8.896809340468511,0.03718018004625817,1.5041464094211474,0.60125,1.5,0.6,1.0
1.0,171,27029,0.0,0.05024288631262252,12.109766552056684,7.1851749562007295e-06,5.655435452576847,6.454331099479837,0.035410795551726534,1.507426761985561,0.70475,1.5,0.7,1.0
1.0,150,27029,0.0,0.04176661286455848,10.105431982579926,0.0001560879450093223,5.384882495097398,4.720549487482528,0.03371497629262572,1.513215067606847,0.8065,1.5,0.8,1.0
1.0,133,27029,0.0,0.035482576316648945,8.53228223140667,-0.0002864128259859752,5.1164843300833915,3.4157979013232787,0.03204875335895598,1.5039212565282614,0.904,1.5,0.9,0.999999875
1.0,120,27029,0.0,0.030120293401964815,7.228870416471555,nan,4.809814595791468,2.4190558206800867,0.030120293401964815,1.5010192859088376,1.0,1.5,1.0,0.99997
1.0,1600,27029,0.0,0.3075853320409086,97.4430331905598,-0.0002975601082174244,4.832642641086459,92.61039054947334,0.030182846214546047,1.9813454573996658,0.099,2.0,0.1,1.0
1.0,800,27029,0.0,0.2179320772002435,70.08695602759829,-0.00019641342003989741,6.973151920159313,63.11380410743898,0.043647413194637066,2.0113658431178423,0.201,2.0,0.2,1.0
1.0,533,27029,0.0,0.16498329257126465,53.9048261985167,3.137456124584438e-06,8.082654028648417,45.82217216986828,0.05056955499891501,2.043443876107119,0.3065,2.0,0.3,1.0
1.0,400,27029,0.0,0.13031598879565254,42.30056996306882,-8.671317564940516e-05,8.446009501354284,33.854560461714534,0.052824183149206345,2.030128584191703,0.40575,2.0,0.4,1.0
1.0,320,27029,0.0,0.10552217515098197,34.256718941014775,3.6289025526428164e-05,8.560441325834434,25.696277615180342,0.05354400476266375,2.0303787540726876,0.50725,2.0,0.5,1.0
1.0,267,27029,0.0,0.08733150738639009,28.039308747779796,0.00022265376736282054,8.404628740701984,19.63468000707781,0.052596852005802955,2.008035456577232,0.60125,2.0,0.6,1.0
1.0,229,27029,0.0,0.07294872751380446,23.546061997631984,7.1851749562007295e-06,8.212347888949374,15.33371410868261,0.0514127371382595,2.0187177104952836,0.70475,2.0,0.7,1.0
1.0,200,27029,0.0,0.06217097344508589,20.056356033384713,0.0001560879450093223,8.015115122126474,12.041240911258239,0.05017109310082108,2.0176200901424624,0.8065,2.0,0.8,1.0
1.0,178,27029,0.0,0.053119076790323835,17.094993768969175,-0.0002864128259859752,7.66529415011296,9.429699618856215,0.0479921497871581,2.012766794451357,0.904,2.0,0.9,1.0
1.0,160,27029,0.0,0.046342083644350905,14.829466766192287,nan,7.401038165931392,7.428428600260895,0.046342083644350905,2.00135904787845,1.0,2.0,1.0,1.0
0.0,200,27030,0.0,0.06405225168386171,2.466011689828676,-1.9034123163382234e-05,0.9816510820430765,1.4843606077855993,0.006147827135762784,0.24069811205153566,0.09625,0.25,0.1,0.999985
0.0,100,27030,0.2645,0.023807614052301,0.9439718971737346,5.1789483930647266e-05,0.7614418498262994,0.18253004734743528,0.00476138170461007,0.24788779591801008,0.19825,0.25,0.2,0.73027
0.0,67,27030,0.6685,0.011253062431585779,0.45501195288995516,0.0002857991836887285,0.574975481216076,-0.11996352832612084,0.003595170868741664,0.2527924106947485,0.30175,0.25,0.3,0.32818135
0.0,50,27030,0.7365,0.006501277081299662,0.2603761471060515,0.00022639247958808754,0.4378321089144562,-0.17745596180840467,0.002739483762573573,0.25038855552374034,0.4005,0.25,0.4,0.24888749999999998
0.0,40,27030,0.784,0.004888525373966762,0.19788750713817455,-2.4830071581503692e-05,0.3929656454142426,-0.19507813827606807,0.002461327783865919,0.2530768720999004,0.506,0.25,0.5,0.21489699999999998
0.0,33,27030,0.782,0.0031557741689367713,0.12580178147049542,0.00015681856958504198,0.3141161767373859,-0.18831439526689048,0.0019681877515934864,0.24922570230707577,0.604,0.25,0.6,0.21622195
0.0,29,27030,0.772,0.0024206385665113996,0.09852362061486374,0.0001851538344162901,0.2804719806182975,-0.18194836000343373,0.0017539052451640332,0.2544616677315734,0.70175,0.25,0.7,0.21798069999999997
0.0,25,27030,0.73,0.0017965847646966438,0.07134687246801548,-0.0001060730273316016,0.22453278774955907,-0.15318591528154357,0.0014051129239868324,0.24827853960640545,0.79425,0.25,0.8,0.252499375
0.0,22,27030,0.7365,0.0014847669370444685,0.059009092378958315,-0.00040763597829893464,0.20746010780415544,-0.14845101542519712,0.0013016769549849942,0.2484692225263424,0.90325,0.25,0.9,0.2580296
0.0,20,27030,0.727,0.0012001105832741658,0.04800442333096665,nan,0.19142421646532387,-0.1434197931343572,0.0012001105832741658,0.25007596057302406,1.0,0.25,1.0,0.259836
0.0,400,27030,0.0,0.1316169178347235,10.134502673273714,-1.9034123163382234e-05,2.0205484544023378,8.113954218871376,0.012650926252783233,0.4813962241030713,0.09625,0.5,0.1,1.0
0.0,200,27030,0.0,0.0633010050625675,5.019769701461602,5.1789483930647266e-05,2.0146476558657147,3.005122045595887,0.012590946472395401,0.49577559183602016,0.19825,0.5,0.2,1.0
0.0,133,27030,0.007,0.03600848755996487,2.890239258244361,0.0002857991836887285,1.7690510453265473,1.1211882129178135,0.011065120401230056,0.5018118003343516,0.30175,0.5,0.3,0.9936859499999999
0.0,100,27030,0.166,0.022829567732921018,1.8286483754069736,0.00022639247958808754,1.4815383410604133,0.3471100343465603,0.009278964168547926,0.5007771110474807,0.4005,0.5,0.4,0.8342149999999999
0.0,80,27030,0.5,0.01588336007082589,1.2859168313340639,-2.4830071581503692e-05,1.2813926966903513,0.004524134643712596,0.008024714140476636,0.5061537441998007,0.506,0.5,0.5,0.492572
0.0,67,27030,0.7175,0.011784759770066829,0.9538113167501288,0.00015681856958504198,1.1468470709147636,-0.1930357541646348,0.0071800950546760415,0.5060036986234568,0.604,0.5,0.6,0.2862862
0.0,57,27030,0.836,0.008827893573763023,0.7062270719542548,0.0001851538344162901,0.9987718725492719,-0.2925448005950171,0.0062501964465028585,0.500148795196541,0.70175,0.5,0.7,0.16623935
0.0,50,27030,0.8645,0.006983044611652346,0.5546283182804875,-0.0001060730273316016,0.882339306140027,-0.32771098785953945,0.005524458657431399,0.4965570792128109,0.79425,0.5,0.8,0.13256
0.0,44,27030,0.8745,0.005467510620527494,0.43459054918324835,-0.00040763597829893464,0.7820401567946732,-0.34744960761142485,0.004899090187091037,0.4969384450526848,0.90325,0.5,0.9,0.11309630000000001
0.0,40,27030,0.89,0.00449482125460992,0.3595857003687936,nan,0.7173344926542923,-0.35774879228549866,0.00449482125460992,0.5001519211460481,1.0,0.5,1.0,0.10531599999999999
7.499999999999174e-05,600,27030,0.0,0.18353872904965307,21.198723205234934,-1.9034123163382234e-05,2.8194683222640307,18.379254882970905,0.0176484005822202,0.722094336154607,0.09625,0.75,0.1,1.0
0.00044499999999995097,300,27030,0.0,0.09893472282476909,11.768285280006284,5.1789483930647266e-05,3.1432148523051744,8.62507042770111,0.019655331018751866,0.7436633877540303,0.19825,0.75,0.2,1.0
0.0005600000000000327,200,27030,0.0,0.06323029539523124,7.631896654204409,0.0002857991836887285,3.0825034096968156,4.549393244507593,0.01927930091552168,0.7546042110291001,0.30175,0.75,0.3,1.0
0.0005325000000000052,150,27030,0.0,0.04263608583592439,5.122725713186315,0.00022639247958808754,2.749277648707954,2.373448064478361,0.017211474668800776,0.7511656665712211,0.4005,0.75,0.4,0.99999875
0.000608000000000044,120,27030,0.0065,0.031151877722495332,3.7830840306198326,-2.4830071581503692e-05,2.5165497755586657,1.266534255061167,0.015750584072221373,0.759230616299701,0.506,0.75,0.5,0.993462
0.0005650000000000377,100,27030,0.141,0.02285557344644373,2.760953272330402,0.00015681856958504198,2.2156456353451226,0.5453076369852794,0.013866866515207688,0.7552294009305326,0.604,0.75,0.6,0.864245
0.0005600500000000327,86,27030,0.3615,0.017715042329901568,2.1382233242614492,0.0001851538344162901,1.99557778774354,0.14264553651790912,0.012486753086123084,0.7546104629281144,0.70175,0.75,0.7,0.6354795999999998
0.0004603124999999569,75,27030,0.614,0.014007360785259446,1.6688019455538476,-0.0001060730273316016,1.7736958479236429,-0.10489390236979523,0.01110352177831884,0.7448356188192164,0.79425,0.75,0.8,0.395785625
0.0005776625000000474,67,27030,0.7565,0.011682273837203667,1.4139698550228643,-0.00040763597829893464,1.6781477178589168,-0.2641778628360525,0.010512575062553788,0.7567017231484063,0.90325,0.75,0.9,0.23664192499999998
0.0005249999999999977,60,27030,0.869,0.009312639035058084,1.11751668420697,nan,1.4867836442236144,-0.3692669600166445,0.009312639035058084,0.7502278817190722,1.0,0.75,1.0,0.1332075
0.3196,800,27030,0.0,0.2196729579617329,33.82963552610687,-1.9034123163382234e-05,3.3741970276730213,30.45543849843385,0.021126320115007886,0.9627924482061426,0.09625,1.0,0.1,1.0
0.463505,400,27030,0.0,0.13058640581499148,20.711003962257653,5.1789483930647266e-05,4.146736240301348,16.564267721956305,0.025930277171563456,0.9915511836720403,0.19825,1.0,0.2,1.0
0.543789675,267,27030,0.0,0.08885445143347276,14.31751760450692,0.0002857991836887285,4.318313973392142,9.999203631114778,0.027011390000061062,1.0073966217238488,0.30175,1.0,0.3,1.0
0.5142,200,27030,0.0,0.06281362260849781,10.062742341881352,0.00022639247958808754,4.039999833222208,6.022742508659144,0.02529257814621643,1.0015542220949614,0.4005,1.0,0.4,1.0
0.568258,160,27030,0.0,0.04676258982749284,7.571798544867641,-2.4830071581503692e-05,3.777860232440193,3.793938312427448,0.02364960439735011,1.0123074883996015,0.506,1.0,0.5,1.0
0.528932,133,27030,0.0,0.035696675348576304,5.735170648203664,0.00015681856958504198,3.4565971013602264,2.278573546843438,0.021622892064095768,1.0044551032376083,0.604,1.0,0.6,0.9999741
0.507818375,114,27030,0.0055,0.0281120306773817,4.4978967963503935,0.0001851538344162901,3.1618142755665155,1.336082520783878,0.019782839658967266,1.000297590393082,0.70175,1.0,0.7,0.9932816999999999
0.471455,100,27030,0.061,0.022909845837496886,3.639229011286381,-0.0001060730273316016,2.9032280210610013,0.7360009902253797,0.018174320531058427,0.9931141584256218,0.79425,1.0,0.8,0.940515
0.532567375,89,27030,0.2335,0.018921252120652304,3.0421305340802967,-0.00040763597829893464,2.722768843884858,0.3193616901954388,0.01705118219707877,1.0051709456747489,0.90325,1.0,0.9,0.748622775
0.50785,80,27030,0.489,0.015951691559244363,2.552270649479098,nan,2.5474340953232177,0.004836554155880357,0.015951691559244363,1.0003038422920962,1.0,1.0,1.0,0.5066140000000001
0.9949374999999999,1000,27030,0.0,0.24973211530872882,48.07343219693032,-1.9034123163382234e-05,3.837890242891594,44.23554195403872,0.02401951400965624,1.2034905602576784,0.09625,1.25,0.1,1.0
0.9988125,500,27030,0.0,0.15759498762669052,31.24320629699139,5.1789483930647266e-05,5.003654627334555,26.239551669656834,0.031284728515732795,1.2394389795900507,0.19825,1.25,0.2,1.0
0.9993206875,333,27030,0.0,0.11051185185884281,22.209069564738282,0.0002857991836887285,5.364211096627642,16.84485846811064,0.03354651057841648,1.2564160113634517,0.30175,1.25,0.3,1.0
0.9992312499999999,250,27030,0.0,0.08149693084528808,16.319760401768935,0.00022639247958808754,5.236575246415072,11.083185155353863,0.03277524309505093,1.2519427776187018,0.4005,1.25,0.4,1.0
0.99949,200,27030,0.0,0.06314855149619593,12.781266822830055,-2.4830071581503692e-05,5.104315370663812,7.676951452166243,0.03194090100171387,1.2653843604995016,0.506,1.25,0.5,1.0
0.999417,167,27030,0.0,0.049399077112136085,9.965572220293883,0.00015681856958504198,4.777604603802688,5.1879676164911945,0.02989914272928587,1.2612330995539895,0.604,1.25,0.6,1.0
0.9992875625,143,27030,0.0,0.039796528171343715,7.98718310225277,0.0001851538344162901,4.4713126340673455,3.5158704681854243,0.027982435775355106,1.2547592581246554,0.70175,1.25,0.7,1.0
0.998890625,125,27030,0.0,0.032635091651466684,6.480105386044355,-0.0001060730273316016,4.136639035509003,2.343466350535352,0.02589859701880394,1.2413926980320273,0.79425,1.25,0.8,0.9999406249999999
0.9992651875,111,27030,0.0045,0.027143448080936883,5.4428449243615855,-0.00040763597829893464,3.9075581168219156,1.53528680753967,0.024477880698205817,1.2536401682010911,0.90325,1.25,0.9,0.996498775
0.9992,100,27030,0.042,0.023016085867292146,4.60321717345843,nan,3.6763419498070085,0.9268752236514213,0.023016085867292146,1.2503798028651203,1.0,1.25,1.0,0.9621299999999999
1.0,1200,27030,0.0,0.27350298269742074,63.17918900310418,-1.9034123163382234e-05,4.203985792366361,58.97520321073782,0.026307459995817836,1.444188672309214,0.09625,1.5,0.1,1.0
1.0,600,27030,0.0,0.1819284369355145,43.28077514695888,5.1789483930647266e-05,5.776321208876956,37.50445393808192,0.03610883484120715,1.4873267755080606,0.19825,1.5,0.2,1.0
1.0,400,27030,0.0,0.13100126754019076,31.62370598420204,0.0002857991836887285,6.352646742752931,25.27105924144911,0.03972919176026321,1.5092084220582003,0.30175,1.5,0.3,1.0
1.0,300,27030,0.0,0.0999031052966645,24.00671620278848,0.00022639247958808754,6.4157696754487485,17.59094652733973,0.04014691596282719,1.5023313331424422,0.4005,1.5,0.4,1.0
1.0,240,27030,0.0,0.0779191291720619,18.924998093310393,-2.4830071581503692e-05,6.298265590900602,12.62673250240979,0.03941481330570206,1.518461232599402,0.506,1.5,0.5,1.0
1.0,200,27030,0.0,0.06244975228426729,15.08786015187898,0.00015681856958504198,6.0393156344808,9.04854451739818,0.03778175053325312,1.5104588018610652,0.604,1.5,0.6,1.0
1.0,171,27030,0.0,0.05111762250907352,12.268152725743882,0.0001851538344162901,5.7406200768792335,6.527532648864648,0.035927013726857,1.5004463855896228,0.70175,1.5,0.7,1.0
1.0,150,27030,0.0,0.04259196253190219,10.148599872288996,-0.0001060730273316016,5.402842092007231,4.745757780281765,0.03380684171558984,1.489671237638433,0.79425,1.5,0.8,1.0
1.0,133,27030,0.0,0.036174100155102834,8.691352086715703,-0.00040763597829893464,5.212179197698113,3.4791728890175904,0.03263481718419621,1.5021093907274334,0.90325,1.5,0.9,0.99999965
1.0,120,27030,0.0,0.03081580468703632,7.3957931248887165,nan,4.921304605113328,2.474488519775389,0.03081580468703632,1.5004557634381444,1.0,1.5,1.0,0.999961
1.0,1600,27030,0.0,0.30846551257022864,95.00737787163045,-1.9034123163382234e-05,4.741963419776971,90.26541445185349,0.029672603496075603,1.9255848964122853,0.09625,2.0,0.1,1.0
1.0,800,27030,0.0,0.21893367236725475,69.4457608748932,5.1789483930647266e-05,6.950625880990838,62.495134993902354,0.043445122765549654,1.9831023673440806,0.19825,2.0,0.2,1.0
1.0,533,27030,0.0,0.166330085515318,53.502650122327516,0.0002857991836887285,8.05906849122254,45.443581631104976,0.050389662584257866,2.0110202223925517,0.30175,2.0,0.3,1.0
1.0,400,27030,0.0,0.13099008328378037,41.96922268412324,0.00022639247958808754,8.405536193944833,33.563686490178405,0.05259725064666709,2.0031084441899227,0.4005,2.0,0.4,1.0
1.0,320,27030,0.0,0.1062032254256536,34.39285252184367,-2.4830071581503692e-05,8.586544601894497,25.806307919949177,0.053726566010019454,2.024614976799203,0.506,2.0,0.5,1.0
1.0,267,27030,0.0,0.08799233064761036,28.380694357757662,0.00015681856958504198,8.504639032051118,19.876055325706545,0.05320946786471233,2.016462500484522,0.604,2.0,0.6,1.0
1.0,229,27030,0.0,0.07388197939757377,23.745779001349298,0.0001851538344162901,8.292186020452489,15.45359298089681,0.05190190117336205,2.00936972105277,0.70175,2.0,0.7,1.0
1.0,200,27030,0.0,0.06306846302896549,20.03685070430234,-0.0001060730273316016,7.998740636838478,12.038110067463862,0.05007030223538236,1.9862283168512436,0.79425,2.0,0.8,1.0
1.0,178,27030,0.0,0.0540181100962662,17.36990142822507,-0.00040763597829893464,7.787814483655038,9.582086944570033,0.048752419163552024,2.0103418913494977,0.90325,2.0,0.9,1.0
1.0,160,27030,0.0,0.04693618567268783,15.019579415260104,nan,7.494592913307023,7.524986501953081,0.04693618567268783,2.0006076845841925,1.0,2.0,1.0,1.0
