horizon,empirical_gap_mean,empirical_gap_ci_lower,empirical_gap_ci_upper,predicted_gap_mean,predicted_gap_ci_lower,predicted_gap_ci_upper,pair_error_mean,pair_error_ci_lower,pair_error_ci_upper
1,0.006566199256345526,0.0030684646,0.010314256,0.004180429911454727,0.0041606156,0.0042012064,0.9250833333333333,0.89641625,0.9523675
2,0.013033345576053216,0.007960178,0.018390605,0.008360859822909454,0.008321231,0.008402413,0.8500999999999997,0.8068492,0.89193374
3,0.01701597402140546,0.011711409,0.022373822,0.012541289734364181,0.012481847,0.012603618,0.8011666666666666,0.7572333,0.8450679
4,0.021280124474517537,0.015225587,0.027526716,0.016721719645818908,0.016642462,0.016804826,0.7480333333333332,0.7010996,0.7954
5,0.025293102980878647,0.018381732,0.032416232,0.02090214955727364,0.020803079,0.021006031,0.7027166666666667,0.6503483,0.7564054
6,0.02814807166891936,0.020302946,0.03628717,0.025082579468728362,0.024963694,0.025207236,0.6639833333333333,0.60338295,0.7247342
7,0.03401971879764043,0.02526611,0.042961866,0.029263009380183096,0.02912431,0.029408442,0.6119000000000002,0.5467142,0.6758
8,0.0360202639016478,0.027393242,0.044916235,0.033443439291637816,0.033284925,0.03360965,0.5861,0.52206624,0.6485342
9,0.03852325103740947,0.029660298,0.047404505,0.03762386920309255,0.03744554,0.037810855,0.55955,0.4962325,0.6224667
10,0.0451582981169167,0.035725508,0.054618984,0.04180429911454728,0.041606158,0.042012062,0.5042333333333332,0.43978333,0.56848335
11,0.05019788810467773,0.03976244,0.06101107,0.045984729026001994,0.04576677,0.046213266,0.4674333333333334,0.40309793,0.53258336
12,0.05414505372182446,0.04303145,0.06559831,0.050165158937456725,0.049927387,0.050414473,0.4424666666666667,0.3783979,0.5072333
13,0.06046008026608476,0.04927189,0.07191406,0.05434558884891146,0.054088004,0.05461568,0.3947666666666665,0.33263335,0.45868585
14,0.06483311251077375,0.053554386,0.07636202,0.05852601876036619,0.05824862,0.058816884,0.3610333333333334,0.30008334,0.4221671
15,0.07089057560300782,0.05875051,0.083441615,0.0627064486718209,0.062409237,0.06301809,0.3278,0.26694918,0.39080042
16,0.07795890660815138,0.06617421,0.08997168,0.06688687858327563,0.06656985,0.0672193,0.27876666666666666,0.2231,0.33623502
17,0.08190475002376015,0.069680125,0.094077416,0.07106730849473038,0.07073046,0.071420506,0.25293333333333334,0.1984,0.31128582
18,0.08670764312310221,0.073540844,0.0994499,0.0752477384061851,0.07489108,0.07562171,0.23421666666666663,0.18093291,0.29368374
19,0.09171908340920268,0.07861693,0.10444027,0.07942816831763982,0.079051696,0.07982292,0.20756666666666665,0.15706417,0.26500165
20,0.09593887129924702,0.082418784,0.109007455,0.08360859822909456,0.083212316,0.084024124,0.1969,0.150865,0.24982084
21,0.10089324702025136,0.08717189,0.11361621,0.08778902814054927,0.08737293,0.08822533,0.17813333333333334,0.13609707,0.22825
22,0.10460750066977163,0.090164915,0.118162796,0.09196945805200399,0.09153354,0.09242653,0.16928333333333337,0.12821625,0.21791667
23,0.10890857307980703,0.09356661,0.123072565,0.09614988796345877,0.09569416,0.09662774,0.1655,0.12486625,0.21416792
24,0.11177363832200893,0.0964482,0.12623306,0.10033031787491345,0.099854775,0.100828946,0.16126666666666667,0.12271375,0.20761834
25,0.11609462054026057,0.100308135,0.1309265,0.10451074778636821,0.104015395,0.10503015,0.14736666666666665,0.11079958,0.1913
26,0.12016223825149352,0.104044236,0.13484211,0.10869117769782292,0.10817601,0.10923136,0.1368,0.10278333,0.17926666
27,0.12725135806570229,0.110637315,0.14223169,0.11287160760927763,0.11233663,0.113432564,0.12665,0.09548333,0.16538501
28,0.12764977832162183,0.110838704,0.14288846,0.11705203752073239,0.11649724,0.11763377,0.12591666666666665,0.095032915,0.16416751
29,0.13468524468736423,0.116714865,0.15120268,0.1212324674321871,0.120657854,0.12183498,0.11831666666666667,0.088599585,0.15615125
30,0.13812007205248486,0.119933404,0.15473944,0.1254128973436418,0.124818474,0.12603618,0.11676666666666664,0.08766667,0.15363374
31,0.14138278049661573,0.12231788,0.15854852,0.1295933272550965,0.12897909,0.1302374,0.11374999999999998,0.08439958,0.15050209
32,0.14482253942239456,0.12475653,0.16327995,0.13377375716655127,0.1331397,0.1344386,0.11016666666666668,0.0794325,0.14843374
33,0.1500225816389245,0.12942187,0.16878244,0.13795418707800602,0.13730031,0.13863981,0.10193333333333333,0.07198291,0.1406
34,0.15672246117242333,0.13539049,0.17682157,0.14213461698946075,0.14146093,0.14284101,0.09783333333333334,0.06844958,0.13621709
35,0.16226664403002802,0.14112665,0.18241006,0.14631504690091549,0.14562154,0.14704221,0.08945,0.06631625,0.11893417
36,0.16564848664715798,0.14385808,0.18631174,0.1504954768123702,0.14978217,0.15124342,0.08741666666666666,0.0637,0.11678375
37,0.1723464755560536,0.14910294,0.1948413,0.15467590672382495,0.15394278,0.15544462,0.08393333333333335,0.06325,0.10843417
38,0.17566852170721742,0.15239076,0.19831493,0.15885633663527965,0.15810339,0.15964584,0.07706666666666666,0.060749583,0.09570209
39,0.18192514713620822,0.1575653,0.20570898,0.16303676654673438,0.162264,0.16384704,0.07311666666666666,0.056616668,0.09243333
40,0.18542000950856927,0.16148202,0.20894673,0.1672171964581891,0.16642463,0.16804825,0.06821666666666665,0.052983332,0.085867085
41,0.19205237123661936,0.1680427,0.21537437,0.17139762636964387,0.17058524,0.17224945,0.06278333333333333,0.04919958,0.07881667
42,0.19804456528922504,0.17533582,0.22024025,0.17557805628109854,0.17474586,0.17645065,0.05473333333333334,0.044716667,0.065016665
43,0.203589936927827,0.18094353,0.2255262,0.17975848619255327,0.17890647,0.18065186,0.05221666666666668,0.042482916,0.062483333
44,0.207975804983669,0.18587539,0.22990605,0.18393891610400798,0.18306708,0.18485306,0.04968333333333333,0.04039958,0.059666667
45,0.21275703089774595,0.19067997,0.23492111,0.18811934601546276,0.18722771,0.18905428,0.046900000000000004,0.03706667,0.057433333
46,0.21724616135587235,0.19540599,0.23953074,0.19229977592691755,0.19138832,0.19325548,0.0443,0.0353,0.054067083
47,0.22110778899357683,0.19906951,0.24317728,0.1964802058383722,0.19554894,0.19745669,0.0419,0.033333335,0.05143375
48,0.22572507516301718,0.20356105,0.24785402,0.2006606357498269,0.19970955,0.20165789,0.039416666666666676,0.0313,0.0487
49,0.23160976819926204,0.20845972,0.25458428,0.20484106566128163,0.20387016,0.2058591,0.03826666666666667,0.02991625,0.0479
50,0.23601791921868956,0.21413042,0.25786304,0.20902149557273642,0.20803079,0.2100603,0.03726666666666667,0.029216666,0.046516668
51,0.23875733633572133,0.21721788,0.26037523,0.21320192548419106,0.2121914,0.2142615,0.03665,0.029049583,0.04528375
52,0.24225510999134225,0.22066608,0.26356986,0.21738235539564585,0.21635202,0.21846272,0.03558333333333333,0.028466666,0.04365
53,0.2478428489750239,0.22612706,0.26977482,0.22156278530710055,0.22051263,0.22266392,0.03398333333333334,0.02686625,0.042066667
54,0.25180131910266745,0.22891526,0.27518895,0.22574321521855525,0.22467326,0.22686513,0.033016666666666666,0.025616666,0.04135
55,0.25845684175441214,0.23558235,0.28130028,0.22992364513001,0.22883387,0.23106633,0.029949999999999994,0.023416666,0.037583333
56,0.2622365375372533,0.23889966,0.28557903,0.23410407504146477,0.23299448,0.23526753,0.02948333333333333,0.02305,0.03708333
57,0.2663748259233734,0.24230343,0.29027387,0.23828450495291945,0.2371551,0.23946874,0.028999999999999995,0.022483334,0.036667082
58,0.2703918377312087,0.24645628,0.29399404,0.2424649348643742,0.24131571,0.24366996,0.028900000000000002,0.022283332,0.03663417
59,0.2756970429571754,0.25256988,0.29865038,0.2466453647758289,0.24547634,0.24787116,0.02665,0.021266667,0.032366667
60,0.2817427143848912,0.25812292,0.3048582,0.2508257946872836,0.24963695,0.25207236,0.02615,0.020766249,0.031833332
61,0.2854312241175846,0.26239616,0.307847,0.25500622459873834,0.25379756,0.25627357,0.025216666666666665,0.020083332,0.030650416
62,0.28846359462866095,0.2653686,0.3111112,0.259186654510193,0.25795817,0.2604748,0.02493333333333333,0.01991625,0.030316666
63,0.2960871507983564,0.27142853,0.3198459,0.26336708442164786,0.2621188,0.264676,0.022900000000000007,0.01806625,0.028216667
64,0.30058602707153115,0.27578154,0.3244224,0.26754751433310253,0.2662794,0.2688772,0.02111666666666667,0.01655,0.02615
65,0.3025744006684133,0.27773893,0.32650325,0.2717279442445574,0.27044,0.2730784,0.020950000000000007,0.016399583,0.026
66,0.30632657111901623,0.280804,0.33099648,0.27590837415601205,0.27460063,0.27727962,0.01963333333333334,0.015116666,0.024816666
67,0.3112636826303005,0.28538868,0.33643863,0.2800888040674668,0.27876124,0.28148082,0.019050000000000004,0.014683333,0.024150418
68,0.3163012475689423,0.2899391,0.34209985,0.2842692339789215,0.28292185,0.28568202,0.019216666666666674,0.014816667,0.024333334
69,0.3193659347308523,0.2924699,0.34596938,0.2884496638903762,0.28708246,0.28988323,0.018733333333333334,0.0144,0.02363375
70,0.3223517647150566,0.29538152,0.3489906,0.29263009380183097,0.29124308,0.29408443,0.018683333333333333,0.0143,0.023716666
71,0.3274900547880416,0.30013245,0.35439086,0.29681052371328553,0.29540372,0.29828563,0.018050000000000004,0.013666667,0.023150418
72,0.3304914589476418,0.30386233,0.35653222,0.3009909536247404,0.29956433,0.30248684,0.017150000000000006,0.01295,0.022116667
73,0.33558380036218693,0.3090403,0.36166865,0.3051713835361952,0.30372494,0.30668804,0.01653333333333334,0.01255,0.021366667
74,0.33973260276998934,0.31298545,0.36580747,0.3093518134476499,0.30788556,0.31088924,0.016166666666666673,0.012233334,0.020983333
75,0.3429309353060516,0.3160523,0.3695558,0.31353224335910457,0.31204617,0.31509045,0.01618333333333334,0.012183334,0.021066668
76,0.3450124936073288,0.3183827,0.37143293,0.3177126732705593,0.31620678,0.31929168,0.015966666666666674,0.011966666,0.020850418
77,0.34939113423033874,0.3219376,0.37656048,0.321893103182014,0.3203674,0.32349288,0.015283333333333336,0.011466667,0.020066667
78,0.35573004903147937,0.32739753,0.38407302,0.32607353309346876,0.324528,0.3276941,0.01421666666666667,0.010483333,0.0189
79,0.35963042448362637,0.33114204,0.3881648,0.3302539630049235,0.32868862,0.3318953,0.013933333333333337,0.010383333,0.0185
80,0.36467624993240005,0.33549476,0.3936298,0.3344343929163782,0.33284926,0.3360965,0.013483333333333338,0.009866667,0.018133333
81,0.36885715929414814,0.33863196,0.39832067,0.3386148228278329,0.33700988,0.3402977,0.013416666666666672,0.009783333,0.018050417
82,0.37124418048968616,0.34091917,0.40137622,0.34279525273928774,0.3411705,0.3444989,0.013066666666666673,0.0094,0.0177
83,0.3761073256245295,0.34442946,0.40767214,0.3469756826507424,0.3453311,0.3487001,0.01251666666666667,0.008933334,0.017116666
84,0.38212179608291114,0.35055828,0.41361943,0.3511561125621971,0.34949172,0.3529013,0.011233333333333336,0.008549584,0.014166667
85,0.3867294353930545,0.35576028,0.4175673,0.35533654247365193,0.35365233,0.3571025,0.01061666666666667,0.008066666,0.013466666
86,0.3902373017772847,0.35884506,0.42174166,0.35951697238510655,0.35781294,0.36130372,0.010366666666666668,0.0078,0.0132
87,0.39261806749147726,0.3609851,0.42404342,0.3636974022965613,0.36197355,0.36550492,0.010200000000000002,0.0076829167,0.013016666
88,0.3982353539979155,0.36695433,0.42969355,0.36787783220801595,0.36613417,0.36970612,0.010000000000000002,0.0073833335,0.013083333
89,0.4012497243123444,0.36971694,0.43238577,0.37205826211947074,0.3702948,0.37390736,0.009600000000000003,0.0070833336,0.012566667
90,0.40592021081871704,0.37442437,0.43726107,0.3762386920309255,0.37445542,0.37810856,0.009416666666666669,0.00695,0.01235
91,0.41537007317401964,0.38471782,0.44638315,0.38041912194238015,0.37861603,0.38230976,0.008533333333333335,0.0062666666,0.01125
92,0.4202381668408465,0.38888055,0.451463,0.3845995518538351,0.38277665,0.38651097,0.008500000000000004,0.0062,0.0112
93,0.42321693154717605,0.3924262,0.4538428,0.38877998176528966,0.38693726,0.39071217,0.008233333333333336,0.0059,0.010966667
94,0.4316175069322679,0.40133524,0.46126592,0.3929604116767444,0.39109787,0.39491338,0.008133333333333334,0.00585,0.01085
95,0.43582511982087146,0.40523687,0.46563295,0.3971408415881992,0.3952585,0.39911458,0.0077166666666666685,0.0056,0.010316666
96,0.439431622443427,0.40885687,0.4687694,0.4013212714996538,0.3994191,0.40331578,0.007733333333333336,0.0055166665,0.010433333
97,0.43957686020923237,0.4089931,0.46895525,0.40550170141110853,0.4035797,0.407517,0.007733333333333336,0.0055166665,0.010433333
98,0.44431147594671405,0.41389498,0.47404134,0.40968213132256326,0.40774032,0.4117182,0.007483333333333337,0.0054166666,0.010083334
99,0.448081911579984,0.4177357,0.47786483,0.4138625612340181,0.41190097,0.4159194,0.007483333333333337,0.0054,0.0101
100,0.45463620209525274,0.42445734,0.4845672,0.41804299114547283,0.41606158,0.4201206,0.006950000000000003,0.0050666668,0.009433334
101,0.4580559608493006,0.42739943,0.48819488,0.4222234210569274,0.4202222,0.4243218,0.00666666666666667,0.0048,0.00915
102,0.46312707709370393,0.43218726,0.49380812,0.4264038509683821,0.4243828,0.428523,0.006400000000000003,0.00456625,0.008866667
103,0.46784162547689834,0.43588886,0.49928918,0.430584280879837,0.42854342,0.43272424,0.00636666666666667,0.0045333332,0.008833333
104,0.4704713424186284,0.43808788,0.5020281,0.4347647107912917,0.43270403,0.43692544,0.006183333333333336,0.004333333,0.008683333
105,0.47280239014865383,0.4408545,0.50389355,0.4389451407027462,0.43686464,0.44112664,0.006100000000000003,0.00425,0.00863375
106,0.47778669742033913,0.44521073,0.50972646,0.4431255706142011,0.44102526,0.44532785,0.005983333333333335,0.0041166665,0.0085
107,0.4793457597241663,0.4472796,0.5109087,0.4473060005256558,0.44518587,0.44952905,0.005733333333333335,0.004,0.008166667
108,0.48326550116687567,0.4512634,0.51446724,0.4514864304371105,0.4493465,0.45373026,0.005733333333333335,0.0039833332,0.008166667
109,0.48887007138230615,0.45679957,0.5204618,0.4556668603485653,0.45350713,0.45793146,0.005733333333333335,0.0039833332,0.008167083
110,0.49075708063390283,0.45833123,0.5221047,0.45984729026002,0.45766774,0.46213266,0.005650000000000001,0.003916667,0.008083333
111,0.4926820841811945,0.46000904,0.52450293,0.4640277201714748,0.46182835,0.46633387,0.005666666666666668,0.003916667,0.008066666
112,0.4965128297583395,0.46308395,0.5288167,0.46820815008292954,0.46598896,0.47053507,0.005500000000000001,0.0037166667,0.007916667
113,0.5039438313168443,0.47027147,0.5360903,0.4723885799943843,0.47014958,0.47473627,0.0047166666666666685,0.0034,0.006233333
114,0.5094973886920261,0.47637317,0.5411299,0.4765690099058389,0.4743102,0.47893748,0.004333333333333336,0.0030666667,0.0057833334
115,0.5122038906317631,0.48055646,0.54315376,0.4807494398172936,0.4784708,0.48313868,0.004433333333333334,0.003,0.0061333333
116,0.5157615647241761,0.48449653,0.5461277,0.4849298697287484,0.48263142,0.4873399,0.004133333333333334,0.0028166666,0.0056166667
117,0.5187831554460542,0.48679113,0.5499586,0.4891102996402032,0.48679206,0.49154112,0.004066666666666668,0.00275,0.00555
118,0.521729108397495,0.48952743,0.5535678,0.4932907295516578,0.49095267,0.49574232,0.004083333333333335,0.0027666667,0.0055333334
119,0.5262777249105703,0.49403274,0.5579689,0.49747115946311254,0.49511328,0.49994352,0.0040500000000000015,0.0027666667,0.0055166665
120,0.5320259435818309,0.5009285,0.5629772,0.5016515893745672,0.4992739,0.5041447,0.003916666666666668,0.0027666667,0.005266667
121,0.5374701217805035,0.5073819,0.56706977,0.505832019286022,0.5034345,0.50834596,0.003750000000000001,0.00265,0.0050833332
122,0.5432762071739469,0.51320994,0.57270914,0.5100124491974767,0.5075951,0.51254714,0.0034833333333333344,0.0024666667,0.00475
123,0.5453305654152737,0.51546866,0.5750406,0.5141928791089314,0.5117557,0.51674837,0.003466666666666668,0.00255,0.0045333332
124,0.5519202811763801,0.5225335,0.581215,0.518373309020386,0.51591635,0.5209496,0.0031166666666666678,0.0023166668,0.004033333
125,0.556730674357685,0.5286888,0.5854603,0.522553738931841,0.52007693,0.5251508,0.003033333333333334,0.0023,0.0038004168
126,0.5612275719622979,0.5329084,0.5897536,0.5267341688432957,0.5242376,0.529352,0.0029000000000000007,0.0022,0.0036337501
127,0.5634062517263713,0.5350408,0.5921522,0.5309145987547504,0.52839816,0.5335532,0.0029000000000000007,0.0022,0.00365
128,0.572294933989484,0.54497,0.5998851,0.5350950286662051,0.5325588,0.5377544,0.0027833333333333343,0.0020833334,0.0035833332
129,0.5777712501166125,0.54935706,0.60661113,0.5392754585776599,0.5367194,0.5419556,0.0027666666666666673,0.0020666667,0.0035666667
130,0.5837063458655826,0.5550644,0.6124984,0.5434558884891147,0.54088,0.5461568,0.0027000000000000006,0.00195,0.0035333333
131,0.5856827822831486,0.55664235,0.61468744,0.5476363184005693,0.54504067,0.550358,0.002666666666666667,0.0019,0.0035166666
132,0.5890861336676337,0.559491,0.6181528,0.5518167483120241,0.54920125,0.55455923,0.0026166666666666673,0.0018166667,0.0034833334
133,0.592569553482585,0.56292343,0.62221175,0.5559971782234788,0.5533619,0.5587604,0.002616666666666667,0.0018166667,0.0035
134,0.5974036618717046,0.5674191,0.62794966,0.5601776081349336,0.5575225,0.56296164,0.0024166666666666664,0.0016833333,0.00325
135,0.6026002162374944,0.57228386,0.63317883,0.5643580380463882,0.5616831,0.5671628,0.0023833333333333337,0.0016166667,0.0032333334
136,0.6034497815273989,0.5730159,0.6340262,0.568538467957843,0.5658437,0.57136405,0.0024,0.0016333334,0.00325
137,0.6067120689271538,0.5764809,0.63709116,0.5727188978692975,0.57000434,0.5755653,0.0023833333333333337,0.0016166667,0.0032333334
138,0.6125422739992615,0.5813567,0.64395523,0.5768993277807524,0.5741649,0.57976645,0.0022833333333333334,0.0015666666,0.0030833334
139,0.6149803059818758,0.5838334,0.64647496,0.581079757692207,0.57832557,0.5839677,0.0022,0.0014666667,0.0030166667
140,0.6174177095283067,0.5859993,0.6486237,0.5852601876036619,0.58248615,0.58816886,0.0022,0.0014833333,0.0030166667
141,0.6194460525841929,0.5882085,0.6506787,0.5894406175151164,0.5866468,0.5923701,0.0021166666666666673,0.0014166667,0.0029166667
142,0.6253730299315549,0.5940596,0.6564887,0.5936210474265711,0.59080744,0.59657127,0.0020833333333333337,0.0013833334,0.0029
143,0.6311529510995002,0.5998523,0.6629634,0.5978014773380259,0.594968,0.6007725,0.0019333333333333336,0.00125,0.0027333333
144,0.6401431270263387,0.60921836,0.6721534,0.6019819072494808,0.59912866,0.6049737,0.001766666666666667,0.0011333333,0.0025
145,0.6441270072486802,0.6130291,0.67646617,0.6061623371609353,0.60328925,0.6091749,0.0017000000000000003,0.0011,0.0024166666
146,0.6459842707936887,0.61491334,0.6781834,0.6103427670723904,0.6074499,0.6133761,0.0016833333333333338,0.0010833333,0.0024
147,0.6494227182892692,0.61770487,0.68212,0.6145231969838449,0.6116105,0.6175773,0.0016833333333333338,0.0010666667,0.0024166666
148,0.6538558757932129,0.62241834,0.686251,0.6187036268952998,0.6157711,0.6217785,0.0016500000000000002,0.0010329167,0.0023833334
149,0.6598153537890494,0.6288023,0.69264996,0.6228840568067543,0.6199317,0.6259797,0.0015833333333333335,0.0009833333,0.0022833333
150,0.6643691128312164,0.6319827,0.6986178,0.6270644867182091,0.62409234,0.6301809,0.0016166666666666669,0.0010166666,0.0023166668
151,0.6665339877138882,0.63450086,0.700234,0.6312449166296639,0.628253,0.6343821,0.001416666666666667,0.00093333336,0.00195
152,0.6697015044028719,0.63709253,0.70385545,0.6354253465411186,0.63241357,0.63858336,0.0014000000000000004,0.00091666664,0.0019333333
153,0.6749704162755563,0.64112145,0.7104642,0.6396057764525732,0.6365742,0.64278454,0.0013500000000000003,0.00085,0.0019
154,0.6817514847515878,0.64793986,0.7169668,0.643786206364028,0.6407348,0.64698577,0.0012333333333333335,0.0007833333,0.0017166666
155,0.6864541052667439,0.653245,0.72135746,0.6479666362754828,0.64489543,0.65118694,0.0010833333333333333,0.0006833333,0.0015166666
156,0.6904639549573031,0.656906,0.72498107,0.6521470661869375,0.649056,0.6553882,0.0010666666666666667,0.00066666666,0.0015
157,0.6954333739913107,0.6619665,0.729856,0.6563274960983921,0.65321666,0.65958935,0.00105,0.00063333334,0.0015166666
158,0.6986579985035597,0.6657386,0.73247737,0.660507926009847,0.65737724,0.6637906,0.0010333333333333334,0.00063333334,0.0014833333
159,0.7041044540463657,0.67131114,0.73853,0.6646883559213015,0.6615379,0.66799176,0.0010333333333333334,0.00063333334,0.0014833333
160,0.7060997442147313,0.6730852,0.74034,0.6688687858327564,0.6656985,0.672193,0.00105,0.00065,0.0015
161,0.7122580389656143,0.67823106,0.7483429,0.6730492157442108,0.6698591,0.67639416,0.0010166666666666666,0.00063333334,0.0014666667
162,0.7150940240955361,0.6816081,0.75060827,0.6772296456556658,0.67401975,0.6805954,0.0009833333333333335,0.0005833333,0.0014333334
163,0.7174483444433768,0.68320936,0.75375193,0.6814100755671206,0.67818034,0.6847966,0.0009833333333333332,0.0006,0.0014333334
164,0.721173443571889,0.68777883,0.7567917,0.6855905054785755,0.682341,0.6889978,0.001,0.0006,0.0014666667
165,0.7228025280321961,0.69008887,0.7577501,0.68977093539003,0.68650156,0.69319904,0.0009499999999999999,0.0005833333,0.0013833334
166,0.7256423615008954,0.693133,0.7606534,0.6939513653014848,0.6906622,0.6974002,0.0009666666666666666,0.0006,0.0014
167,0.7300169730363689,0.69769776,0.7645138,0.6981317952129393,0.6948228,0.70160145,0.000966666666666667,0.0005833333,0.0014
168,0.7344723319929509,0.70130354,0.770243,0.7023122251243942,0.69898343,0.7058026,0.0009333333333333335,0.00055,0.0013666666
169,0.7350483551107541,0.70192534,0.7706695,0.7064926550358491,0.7031441,0.71000385,0.0009166666666666669,0.00053333334,0.0013666666
170,0.7375291752001495,0.7033609,0.7742808,0.7106730849473039,0.70730466,0.714205,0.0009500000000000002,0.00055,0.0014166667
171,0.7425773494862589,0.70827734,0.7793638,0.7148535148587583,0.7114653,0.71840626,0.0008833333333333334,0.00053333334,0.0013166667
172,0.7495874885005381,0.71515805,0.78607285,0.7190339447702131,0.7156259,0.72260743,0.0008166666666666667,0.00045,0.00125
173,0.7528209936393371,0.71939987,0.78857136,0.7232143746816678,0.7197865,0.72680867,0.0008500000000000001,0.00048333334,0.0013
174,0.7553819727399713,0.7212975,0.79148394,0.7273948045931226,0.7239471,0.73100984,0.0008333333333333334,0.00046666668,0.0012833333
175,0.7587166241291581,0.72399855,0.7951502,0.7315752345045773,0.72810775,0.7352111,0.0008,0.00043333333,0.00125
176,0.7619735871418029,0.7276032,0.7979079,0.7357556644160319,0.73226833,0.73941225,0.0007500000000000002,0.00041666668,0.0011833333
177,0.7677590923986578,0.732316,0.80453414,0.7399360943274866,0.736429,0.7436135,0.0007333333333333333,0.0004,0.0011666666
178,0.7695549117679189,0.7346303,0.8058621,0.7441165242389415,0.7405896,0.7478147,0.0006166666666666667,0.00031666667,0.0009833333
179,0.7727840253877443,0.73789227,0.80902696,0.7482969541503962,0.7447502,0.7520159,0.0005166666666666667,0.00023333334,0.0008833333
180,0.7777477380832508,0.7425539,0.8138471,0.752477384061851,0.74891084,0.7562171,0.0004333333333333334,0.00016666666,0.0007833333
181,0.7825489699488485,0.7466436,0.81997496,0.7566578139733057,0.7530714,0.7604183,0.0003833333333333334,0.00013333333,0.00073333335
182,0.7888958650925688,0.75396824,0.82551295,0.7608382438847603,0.75723207,0.7646195,0.0003333333333333334,0.00011666667,0.0006166667
183,0.7919996800429966,0.756815,0.8288052,0.7650186737962151,0.76139265,0.7688207,0.00030000000000000003,1e-04,0.0005833333
184,0.7963139801945422,0.76044464,0.83385193,0.7691991037076702,0.7655533,0.77302194,0.00030000000000000003,1e-04,0.0005833333
185,0.801572642697817,0.76628417,0.8384587,0.7733795336191246,0.7697139,0.7772231,0.0002666666666666667,0.00011666667,0.00045
186,0.8063561865292778,0.77138424,0.8426582,0.7775599635305793,0.7738745,0.78142434,0.00025,1e-04,0.00043333333
187,0.807773534658784,0.77285033,0.8439146,0.7817403934420339,0.77803516,0.7856255,0.0002666666666666667,0.00011666667,0.00045
188,0.8109688325013541,0.7758074,0.8474138,0.7859208233534888,0.78219575,0.78982675,0.00028333333333333335,0.00011666667,0.0005
189,0.8169530418522007,0.78132963,0.85378844,0.7901012532649434,0.7863564,0.7940279,0.0003166666666666667,0.00015,0.00053333334
190,0.8193589383011665,0.7840169,0.8560123,0.7942816831763984,0.790517,0.79822916,0.0003166666666666667,0.00015,0.00053333334
191,0.8223221990779916,0.7873117,0.8589672,0.798462113087853,0.7946776,0.8024304,0.00030000000000000003,0.00011666667,0.0005166667
192,0.8254510215006073,0.7895763,0.8624302,0.8026425429993076,0.7988382,0.80663157,0.00028333333333333335,0.00011666667,0.0005
193,0.8269031397992106,0.79128927,0.8634976,0.8068229729107622,0.80299884,0.8108328,0.0003166666666666667,0.00011666667,0.0006
194,0.8300507511844716,0.7940119,0.86705613,0.8110034028222171,0.8071594,0.815034,0.0003166666666666667,0.00011666667,0.0006
195,0.8333135121627989,0.79718393,0.87065345,0.8151838327336718,0.81132007,0.8192352,0.0003333333333333333,0.00013333333,0.0006166667
196,0.8357797017427493,0.79978067,0.87306225,0.8193642626451265,0.81548065,0.8234364,0.0003500000000000001,0.00011666667,0.0007
197,0.8403116400838594,0.8033452,0.87884074,0.8235446925565814,0.8196413,0.8276376,0.0003500000000000001,0.00011666667,0.0007
198,0.8458002339175562,0.8104418,0.8827999,0.8277251224680362,0.82380193,0.8318388,0.0003666666666666668,0.00013333333,0.0007004166
199,0.8519248424266462,0.8160656,0.88965946,0.8319055523794908,0.8279625,0.83604,0.00038333333333333345,0.00015,0.0007166667
200,0.8582020963651458,0.8224244,0.8957683,0.8360859822909457,0.83212316,0.8402412,0.0003666666666666668,0.00015,0.0007
201,0.8605713617075492,0.82458067,0.8984637,0.8402664122024,0.83628374,0.8444424,0.0003166666666666667,1e-04,0.00065041665
202,0.8648570428580236,0.82943356,0.9018297,0.8444468421138548,0.8404444,0.8486436,0.00025000000000000006,0.00011666667,0.00041666668
203,0.8672476756989886,0.83067423,0.90537137,0.8486272720253094,0.84460497,0.85284483,0.00025000000000000006,0.00011666667,0.00041666668
204,0.8707244399513819,0.8339588,0.9087743,0.8528077019367643,0.8487656,0.857046,0.00023333333333333339,0.00011666667,0.00036666667
205,0.8764326226723934,0.8391299,0.9154882,0.8569881318482192,0.8529262,0.86124724,0.00023333333333333339,0.00011666667,0.00036666667
206,0.8781577545492162,0.8412486,0.9169805,0.861168561759674,0.85708684,0.8654485,0.0002166666666666667,1e-04,0.00035
207,0.8814809963068374,0.8450922,0.9195469,0.8653489916711284,0.8612475,0.86964965,0.0002,1e-04,0.00031666667
208,0.8851285819784612,0.8489937,0.9226761,0.8695294215825834,0.86540806,0.8738509,0.0001666666666666667,8.333333e-05,0.00026666667
209,0.8901180799763708,0.8541351,0.9276781,0.8737098514940379,0.8695687,0.87805206,0.00018333333333333336,8.333333e-05,0.0003
210,0.8922485384215734,0.8561221,0.929518,0.8778902814054924,0.8737293,0.8822533,0.00018333333333333336,8.333333e-05,0.0003
211,0.8961292744640283,0.85954165,0.93451035,0.8820707113169476,0.87788993,0.88645446,0.00018333333333333336,8.333333e-05,0.0003
212,0.8991072327080821,0.8628915,0.9372545,0.8862511412284022,0.8820505,0.8906557,0.0001666666666666667,8.333333e-05,0.00026666667
213,0.904871718237773,0.8676613,0.9442676,0.8904315711398569,0.88621116,0.89485687,0.00015000000000000001,6.666667e-05,0.00025
214,0.9094084723789316,0.8718574,0.9483909,0.8946120010513116,0.89037174,0.8990581,0.00015000000000000001,6.666667e-05,0.00023333334
215,0.914926922151933,0.8768009,0.9546382,0.8987924309627665,0.8945324,0.9032593,0.00013333333333333334,6.666667e-05,0.00021666667
216,0.9188567408509346,0.8807752,0.9588161,0.902972860874221,0.898693,0.9074605,0.00013333333333333334,5e-05,0.00023333334
217,0.9215541807744047,0.8838523,0.9613955,0.907153290785676,0.9028536,0.9116617,0.00013333333333333334,5e-05,0.00023333334
218,0.9253031002277929,0.88732,0.96487164,0.9113337206971306,0.90701425,0.9158629,0.00013333333333333334,5e-05,0.00023333334
219,0.9314294846981034,0.8925153,0.9720986,0.9155141506085852,0.91117483,0.92006415,0.00013333333333333334,5e-05,0.00023333334
220,0.9359387595199794,0.8970898,0.9767979,0.91969458052004,0.9153355,0.9242653,0.00013333333333333334,5e-05,0.00023333334
221,0.9372411970847627,0.8980037,0.9783301,0.9238750104314944,0.91949606,0.92846656,0.00013333333333333334,5e-05,0.00023333334
222,0.9413843909879291,0.9016121,0.98293954,0.9280554403429496,0.9236567,0.93266773,0.00013333333333333334,5e-05,0.00023333334
223,0.9413469437265752,0.9015144,0.98300457,0.9322358702544044,0.9278173,0.93686897,0.00013333333333333334,5e-05,0.00023333334
224,0.9493895131609811,0.90906143,0.99165833,0.9364163001658591,0.9319779,0.94107014,0.00013333333333333334,5e-05,0.00023333334
225,0.9525274876967956,0.91153663,0.995035,0.9405967300773137,0.9361386,0.9452714,0.00011666666666666667,3.3333334e-05,0.00021666667
226,0.9575565922140947,0.91647327,0.99976546,0.9447771599887685,0.94029915,0.94947255,0.00011666666666666667,3.3333334e-05,0.00021666667
227,0.9610747702236189,0.92029333,1.002636,0.9489575899002229,0.9444598,0.9536738,0.00011666666666666667,3.3333334e-05,0.00021666667
228,0.9637244127269582,0.92277426,1.0053009,0.9531380198116778,0.9486204,0.95787495,0.00013333333333333334,5e-05,0.00023333334
229,0.9659623521223616,0.92506325,1.0075185,0.9573184497231323,0.952781,0.9620762,0.00013333333333333334,5e-05,0.00023333334
230,0.9701234139782777,0.9285719,1.0119963,0.9614988796345872,0.9569416,0.96627736,0.00013333333333333334,5e-05,0.00023333334
231,0.9747200406542952,0.9320958,1.0182825,0.965679309546042,0.96110225,0.9704786,0.00013333333333333334,5e-05,0.00023333334
232,0.9770199617006062,0.93384486,1.0208406,0.9698597394574968,0.96526283,0.9746798,0.00013333333333333334,5e-05,0.00023333334
233,0.9806429961516456,0.9366538,1.0253307,0.9740401693689515,0.9694235,0.978881,0.00013333333333333334,5e-05,0.00023333334
234,0.985072913872761,0.940691,1.030451,0.9782205992804064,0.9735841,0.98308223,0.0001,3.3333334e-05,0.00018333334
235,0.9888381676855507,0.9455897,1.0333257,0.982401029191861,0.9777447,0.9872834,6.666666666666667e-05,1.6666667e-05,0.00013333333
236,0.9957181463743124,0.95160586,1.0410305,0.9865814591033156,0.98190534,0.99148464,6.666666666666667e-05,1.6666667e-05,0.00013333333
237,1.0027633217531673,0.9584811,1.0477383,0.9907618890147701,0.9860659,0.9956858,6.666666666666667e-05,1.6666667e-05,0.00013333333
238,1.0070128849869036,0.9626256,1.051764,0.9949423189262251,0.99022657,0.99988705,8.333333333333333e-05,1.6666667e-05,0.00016666666
239,1.0091072378493868,0.9660481,1.0533828,0.99912274883768,0.99438715,1.0040883,0.0001,3.3333334e-05,0.00018333334
240,1.0136485645636477,0.97097975,1.0574306,1.0033031787491344,0.9985478,1.0082895,0.0001,3.3333334e-05,0.00018333334
241,1.0213795177335472,0.9786946,1.0653037,1.0074836086605896,1.0027083,1.0124907,0.0001,3.3333334e-05,0.00018333334
242,1.0262954841965446,0.98282504,1.0705339,1.011664038572044,1.006869,1.0166919,0.0001,3.3333334e-05,0.00018333334
243,1.0318134127116976,0.98845315,1.076096,1.0158444684834986,1.0110296,1.0208931,0.0001,3.3333334e-05,0.00018333334
244,1.0345962373928181,0.9907694,1.0795943,1.0200248983949534,1.0151902,1.0250943,0.0001,3.3333334e-05,0.00018333334
245,1.0370806935917711,0.993388,1.0817786,1.0242053283064085,1.0193508,1.0292956,0.0001,3.3333334e-05,0.00018333334
246,1.0426867203319774,0.999018,1.086663,1.0283857582178628,1.0235114,1.0334967,8.333333333333333e-05,1.6666667e-05,0.00016666666
247,1.0493212693985632,1.0044502,1.0948012,1.0325661881293178,1.027672,1.0376979,8.333333333333333e-05,1.6666667e-05,0.00016666666
248,1.0521728096343874,1.0065747,1.0977417,1.036746618040772,1.0318327,1.0418992,8.333333333333333e-05,1.6666667e-05,0.00016666666
249,1.0576622094425467,1.0121751,1.103632,1.0409270479522268,1.0359932,1.0461004,0.0001,1.6666667e-05,0.00021666667
250,1.0593680364747942,1.0134529,1.1057879,1.045107477863682,1.0401539,1.0503016,0.0001,1.6666667e-05,0.00021666667
251,1.0652700113052496,1.0200353,1.110509,1.0492879077751367,1.0443145,1.0545027,0.0001,1.6666667e-05,0.00021666667
252,1.066017463009293,1.0206784,1.1110299,1.0534683376865914,1.0484751,1.058704,0.0001,1.6666667e-05,0.00021666667
253,1.071715015266033,1.0256665,1.1172842,1.0576487675980462,1.0526358,1.0629052,8.333333333333333e-05,0.0,0.0002
254,1.0745471643110376,1.0278157,1.1210362,1.0618291975095009,1.0567963,1.0671064,8.333333333333333e-05,0.0,0.0002
255,1.0770563885520883,1.0308192,1.1233343,1.0660096274209556,1.060957,1.0713075,6.666666666666667e-05,0.0,0.00015
256,1.0819276378831335,1.0347438,1.1289662,1.0701900573324101,1.0651176,1.0755088,6.666666666666667e-05,0.0,0.00015
257,1.0869660455357908,1.0393888,1.1350002,1.0743704872438649,1.0692782,1.07971,6.666666666666667e-05,0.0,0.00015
258,1.0900122527041731,1.0423263,1.1384997,1.0785509171553198,1.0734388,1.0839112,5e-05,0.0,0.00013333333
259,1.0946908070384398,1.0476127,1.142561,1.082731347066774,1.0775994,1.0881124,3.3333333333333335e-05,0.0,8.333333e-05
260,1.0975934855855953,1.0510681,1.1450466,1.0869117769782295,1.08176,1.0923136,3.3333333333333335e-05,0.0,8.333333e-05
261,1.100698574170972,1.0541084,1.148274,1.0910922068896838,1.0859207,1.0965148,3.3333333333333335e-05,0.0,8.333333e-05
262,1.1071353923780973,1.0609767,1.1542021,1.0952726368011385,1.0900813,1.100716,3.3333333333333335e-05,0.0,8.333333e-05
263,1.11433976595097,1.0677054,1.1613252,1.0994530667125935,1.0942419,1.1049173,3.3333333333333335e-05,0.0,8.333333e-05
264,1.1176176277243814,1.0713087,1.1643795,1.1036334966240482,1.0984025,1.1091185,5e-05,0.0,0.00011666667
265,1.1220891792027452,1.0762812,1.1680695,1.1078139265355027,1.1025631,1.1133196,5e-05,0.0,0.00011666667
266,1.128816757390547,1.082644,1.1759595,1.1119943564469577,1.1067238,1.1175208,5e-05,0.0,0.00011666667
267,1.1339869122077673,1.0883354,1.1803391,1.1161747863584124,1.1108843,1.1217221,5e-05,0.0,0.00011666667
268,1.1396874039816904,1.0936843,1.186482,1.1203552162698671,1.115045,1.1259233,3.3333333333333335e-05,0.0,8.333333e-05
269,1.1442308913038501,1.0987262,1.1907173,1.1245356461813216,1.1192056,1.1301244,3.3333333333333335e-05,0.0,8.333333e-05
270,1.1539719454890132,1.1083397,1.1999869,1.1287160760927764,1.1233662,1.1343256,3.3333333333333335e-05,0.0,8.333333e-05
271,1.1556873602271986,1.1100813,1.2011867,1.1328965060042309,1.1275269,1.1385269,3.3333333333333335e-05,0.0,8.333333e-05
272,1.1588116675089446,1.113677,1.2038586,1.137076935915686,1.1316874,1.1427281,3.3333333333333335e-05,0.0,8.333333e-05
273,1.1635197933299162,1.1174029,1.209526,1.1412573658271408,1.135848,1.1469293,1.6666666666666667e-05,0.0,5e-05
274,1.1660560575201757,1.1216265,1.2107581,1.145437795738595,1.1400087,1.1511306,1.6666666666666667e-05,0.0,5e-05
275,1.1675980272456221,1.1225271,1.2126676,1.1496182256500502,1.1441693,1.1553317,1.6666666666666667e-05,0.0,5e-05
276,1.169556399479894,1.1248266,1.2142607,1.1537986555615047,1.1483299,1.1595329,0.0,0.0,0.0
277,1.172656884382779,1.1272992,1.2180334,1.1579790854729595,1.1524905,1.1637341,0.0,0.0,0.0
278,1.1742637998920367,1.1288619,1.2197704,1.162159515384414,1.1566511,1.1679354,0.0,0.0,0.0
279,1.1753770335786293,1.1300852,1.2206634,1.1663399452958687,1.1608118,1.1721365,0.0,0.0,0.0
280,1.18069772230482,1.1340406,1.2274563,1.1705203752073239,1.1649723,1.1763377,0.0,0.0,0.0
281,1.1859755809073722,1.1401387,1.2321432,1.1747008051187784,1.169133,1.1805389,0.0,0.0,0.0
282,1.1888760988482334,1.1432914,1.2344732,1.178881235030233,1.1732936,1.1847402,0.0,0.0,0.0
283,1.1945096876702173,1.1487032,1.2405732,1.1830616649416876,1.1774542,1.1889414,0.0,0.0,0.0
284,1.1978304285214252,1.1514843,1.2441376,1.1872420948531421,1.1816149,1.1931425,0.0,0.0,0.0
285,1.2018742610232416,1.1561735,1.2476957,1.191422524764597,1.1857754,1.1973437,1.6666666666666667e-05,0.0,5e-05
286,1.2066597848186424,1.160013,1.2541617,1.1956029546760518,1.189936,1.201545,3.3333333333333335e-05,0.0,8.333333e-05
287,1.2115702014143077,1.1652864,1.2583389,1.1997833845875066,1.1940967,1.2057462,3.3333333333333335e-05,0.0,8.333333e-05
288,1.215293294821199,1.1685928,1.2622042,1.2039638144989615,1.1982573,1.2099473,3.3333333333333335e-05,0.0,8.333333e-05
289,1.219775664359505,1.1723317,1.2673162,1.208144244410416,1.2024179,1.2141486,3.3333333333333335e-05,0.0,8.333333e-05
290,1.2239827445833114,1.1767642,1.2716559,1.2123246743218705,1.2065785,1.2183498,3.3333333333333335e-05,0.0,8.333333e-05
291,1.2279810328266867,1.1809248,1.2750666,1.2165051042333255,1.2107391,1.222551,3.3333333333333335e-05,0.0,8.333333e-05
292,1.2328060215658778,1.1869376,1.2793049,1.2206855341447809,1.2148998,1.2267522,3.3333333333333335e-05,0.0,8.333333e-05
293,1.2366359135389422,1.1904236,1.2837373,1.2248659640562354,1.2190604,1.2309535,3.3333333333333335e-05,0.0,8.333333e-05
294,1.2386737195051616,1.192246,1.2853799,1.2290463939676899,1.223221,1.2351546,3.3333333333333335e-05,0.0,8.333333e-05
295,1.2429370392855943,1.1973224,1.2892095,1.2332268238791444,1.2273816,1.2393558,3.3333333333333335e-05,0.0,8.333333e-05
296,1.247525081641974,1.2017531,1.2941113,1.2374072537905996,1.2315422,1.243557,3.3333333333333335e-05,0.0,8.333333e-05
297,1.2501962561222297,1.2047914,1.2963833,1.2415876837020543,1.2357029,1.2477583,3.3333333333333335e-05,0.0,8.333333e-05
298,1.2556875511158614,1.2105749,1.3014499,1.2457681136135086,1.2398634,1.2519594,3.3333333333333335e-05,0.0,8.333333e-05
299,1.2611598725291535,1.2162341,1.3066565,1.2499485435249638,1.244024,1.2561606,1.6666666666666667e-05,0.0,5e-05
300,1.266376498406596,1.2213421,1.3118804,1.2541289734364183,1.2481847,1.2603618,1.6666666666666667e-05,0.0,5e-05
301,1.2703924698125564,1.2256021,1.3154912,1.2583094033478732,1.2523453,1.2645631,1.6666666666666667e-05,0.0,5e-05
302,1.273410288385537,1.2291242,1.3176211,1.2624898332593277,1.256506,1.2687643,1.6666666666666667e-05,0.0,5e-05
303,1.27831273774088,1.2353406,1.3215822,1.2666702631707822,1.2606665,1.2729654,1.6666666666666667e-05,0.0,5e-05
304,1.2806846747813596,1.2372192,1.3241072,1.2708506930822372,1.2648271,1.2771667,1.6666666666666667e-05,0.0,5e-05
305,1.2865703188345734,1.2437307,1.3292855,1.2750311229936917,1.2689878,1.2813679,1.6666666666666667e-05,0.0,5e-05
306,1.2880461093797992,1.245703,1.3303545,1.2792115529051464,1.2731484,1.2855691,1.6666666666666667e-05,0.0,5e-05
307,1.294277179429383,1.2527136,1.3358015,1.2833919828166016,1.277309,1.2897702,1.6666666666666667e-05,0.0,5e-05
308,1.3005247669610434,1.2574273,1.3433037,1.287572412728056,1.2814696,1.2939715,1.6666666666666667e-05,0.0,5e-05
309,1.3020412346333672,1.2587396,1.3454602,1.2917528426395106,1.2856302,1.2981727,1.6666666666666667e-05,0.0,5e-05
310,1.305909274132642,1.2628452,1.349452,1.2959332725509656,1.2897909,1.3023739,1.6666666666666667e-05,0.0,5e-05
311,1.3133274310781817,1.2688828,1.3580626,1.30011370246242,1.2939515,1.3065751,0.0,0.0,0.0
312,1.3162635536980785,1.2725672,1.3597757,1.304294132373875,1.298112,1.3107764,0.0,0.0,0.0
313,1.320255249955578,1.2768047,1.3641506,1.3084745622853295,1.3022727,1.3149775,0.0,0.0,0.0
314,1.3225141000974505,1.2784679,1.3670517,1.3126549921967843,1.3064333,1.3191787,0.0,0.0,0.0
315,1.3243596629368601,1.2801772,1.3687477,1.3168354221082388,1.310594,1.32338,0.0,0.0,0.0
316,1.329661836877402,1.2860774,1.3738053,1.321015852019694,1.3147545,1.3275812,0.0,0.0,0.0
317,1.333420105320756,1.2892509,1.3777093,1.3251962819311482,1.3189151,1.3317823,0.0,0.0,0.0
318,1.339310020866786,1.2955883,1.3837217,1.329376711842603,1.3230758,1.3359835,0.0,0.0,0.0
319,1.341733292903372,1.2978767,1.3861967,1.3335571417540577,1.3272364,1.3401848,0.0,0.0,0.0
320,1.3433062229191077,1.2996141,1.3873701,1.3377375716655129,1.331397,1.344386,0.0,0.0,0.0
321,1.3475392916292348,1.3035645,1.3916389,1.3419180015769676,1.3355576,1.3485872,0.0,0.0,0.0
322,1.3531800708906048,1.310202,1.3963553,1.3460984314884217,1.3397182,1.3527883,0.0,0.0,0.0
323,1.356991391960668,1.3142235,1.3994833,1.3502788613998769,1.3438789,1.3569896,0.0,0.0,0.0
324,1.362334244677695,1.3182728,1.4061729,1.3544592913113316,1.3480395,1.3611908,0.0,0.0,0.0
325,1.3673754488304317,1.3226675,1.4119531,1.3586397212227863,1.3522,1.365392,0.0,0.0,0.0
326,1.3705566318106317,1.3262777,1.4148777,1.3628201511342413,1.3563607,1.3695931,0.0,0.0,0.0
327,1.3746852807740189,1.3292091,1.4198917,1.3670005810456958,1.3605213,1.3737944,0.0,0.0,0.0
328,1.377809909721278,1.3329008,1.4228123,1.371181010957151,1.364682,1.3779956,0.0,0.0,0.0
329,1.384414861121435,1.3389267,1.4298345,1.3753614408686057,1.3688426,1.3821968,0.0,0.0,0.0
330,1.3880808152833108,1.3424804,1.433131,1.37954187078006,1.3730031,1.3863981,0.0,0.0,0.0
331,1.3908363598423366,1.3455026,1.4358554,1.3837223006915151,1.3771638,1.3905993,0.0,0.0,0.0
332,1.3955307566713278,1.3505982,1.4403852,1.3879027306029696,1.3813244,1.3948004,0.0,0.0,0.0
333,1.3980437368957526,1.3527426,1.4431409,1.392083160514424,1.385485,1.3990016,0.0,0.0,0.0
334,1.403590770595841,1.358333,1.4487296,1.3962635904258787,1.3896456,1.4032029,0.0,0.0,0.0
335,1.4068423489183057,1.3608893,1.451661,1.4004440203373336,1.3938062,1.4074041,0.0,0.0,0.0
336,1.409479443134761,1.3628589,1.4548271,1.4046244502487883,1.3979669,1.4116052,0.0,0.0,0.0
337,1.4142630786205086,1.367078,1.4605705,1.408804880160243,1.4021275,1.4158064,0.0,0.0,0.0
338,1.4172729082977011,1.3694358,1.4641023,1.4129853100716983,1.4062881,1.4200077,0.0,0.0,0.0
339,1.4199904356623894,1.3722292,1.4668645,1.4171657399831525,1.4104487,1.4242089,0.0,0.0,0.0
340,1.427798305053112,1.3796494,1.474732,1.4213461698946077,1.4146093,1.42841,0.0,0.0,0.0
341,1.432007977976368,1.3833851,1.479166,1.425526599806062,1.41877,1.4326112,0.0,0.0,0.0
342,1.4359542055754773,1.3872896,1.4834732,1.4297070297175165,1.4229306,1.4368125,0.0,0.0,0.0
343,1.4422474397510634,1.393044,1.4902122,1.4338874596289715,1.4270911,1.4410137,0.0,0.0,0.0
344,1.447543810192948,1.3993745,1.495172,1.4380678895404262,1.4312518,1.4452149,0.0,0.0,0.0
345,1.4504007768077765,1.4019921,1.4985322,1.4422483194518807,1.4354124,1.4494162,0.0,0.0,0.0
346,1.4541579762791446,1.4058745,1.5019305,1.4464287493633357,1.439573,1.4536173,0.0,0.0,0.0
347,1.4581926693117049,1.410108,1.5058904,1.4506091792747904,1.4437337,1.4578185,0.0,0.0,0.0
348,1.4622973533433543,1.4130197,1.511749,1.4547896091862451,1.4478942,1.4620197,0.0,0.0,0.0
349,1.4664738593179316,1.4170859,1.5156251,1.4589700390976998,1.4520549,1.466221,0.0,0.0,0.0
350,1.4697779827231645,1.4198142,1.5188937,1.4631504690091546,1.4562155,1.4704221,0.0,0.0,0.0
351,1.471839757617743,1.4230442,1.5205753,1.467330898920609,1.4603761,1.4746233,0.0,0.0,0.0
352,1.4759929578679467,1.4263662,1.5253657,1.4715113288320638,1.4645367,1.4788245,0.0,0.0,0.0
353,1.480931618154717,1.4315019,1.5297948,1.4756917587435185,1.4686973,1.4830258,0.0,0.0,0.0
354,1.4835825032691718,1.4343829,1.5321261,1.4798721886549733,1.472858,1.487227,0.0,0.0,0.0
355,1.4882982222479337,1.4391154,1.5368853,1.4840526185664282,1.4770186,1.4914281,0.0,0.0,0.0
356,1.4937262562763078,1.4442986,1.5420988,1.488233048477883,1.4811792,1.4956294,0.0,0.0,0.0
357,1.4969535452320675,1.4470958,1.5454289,1.4924134783893377,1.4853398,1.4998306,0.0,0.0,0.0
358,1.5004612478987482,1.4511119,1.5484799,1.4965939083007924,1.4895004,1.5040318,0.0,0.0,0.0
359,1.5036949431641087,1.454096,1.5512867,1.5007743382122471,1.493661,1.508233,0.0,0.0,0.0
360,1.504371128315311,1.4548254,1.551901,1.504954768123702,1.4978217,1.5124342,0.0,0.0,0.0
361,1.5063075161980777,1.4563957,1.554164,1.5091351980351566,1.5019822,1.5166354,0.0,0.0,0.0
362,1.5068847764054718,1.4566535,1.5553323,1.5133156279466113,1.5061429,1.5208366,0.0,0.0,0.0
363,1.511755918733774,1.4603368,1.5612823,1.5174960578580656,1.5103035,1.5250378,0.0,0.0,0.0
364,1.5128500008956272,1.4616919,1.5618993,1.5216764877695206,1.5144641,1.529239,0.0,0.0,0.0
365,1.518459148738477,1.4666393,1.568412,1.5258569176809755,1.5186248,1.5334402,0.0,0.0,0.0
366,1.5213549531067145,1.4700651,1.5711046,1.5300373475924303,1.5227853,1.5376414,0.0,0.0,0.0
367,1.5252225798341401,1.4739587,1.5744405,1.534217777503885,1.526946,1.5418426,0.0,0.0,0.0
368,1.5264475809622582,1.4748497,1.575902,1.5383982074153404,1.5311066,1.5460439,0.0,0.0,0.0
369,1.5293605952714695,1.4779625,1.578595,1.542578637326795,1.5352672,1.550245,0.0,0.0,0.0
370,1.53506655841327,1.4836072,1.5840945,1.5467590672382492,1.5394278,1.5544462,0.0,0.0,0.0
371,1.5390309792734207,1.4878255,1.5878642,1.5509394971497035,1.5435884,1.5586475,0.0,0.0,0.0
372,1.54304163004219,1.491586,1.5922194,1.5551199270611586,1.547749,1.5628487,0.0,0.0,0.0
373,1.548613349511275,1.4973574,1.5980247,1.5593003569726134,1.5519097,1.5670499,0.0,0.0,0.0
374,1.5507826668179299,1.4993676,1.600203,1.5634807868840679,1.5560703,1.571251,0.0,0.0,0.0
375,1.5557503620784388,1.503702,1.6053616,1.5676612167955226,1.5602309,1.5754523,0.0,0.0,0.0
376,1.5619621812448334,1.50955,1.6118587,1.5718416467069776,1.5643915,1.5796535,0.0,0.0,0.0
377,1.5637663969183744,1.5106325,1.61435,1.5760220766184323,1.5685521,1.5838547,0.0,0.0,0.0
378,1.567269512869288,1.5138255,1.6180793,1.5802025065298868,1.5727128,1.5880558,0.0,0.0,0.0
379,1.5704010385042662,1.5167704,1.6210372,1.5843829364413415,1.5768733,1.5922571,0.0,0.0,0.0
380,1.5722710772333541,1.5183061,1.6235138,1.5885633663527967,1.581034,1.5964583,0.0,0.0,0.0
381,1.5757107635767436,1.521632,1.6271492,1.592743796264251,1.5851946,1.6006595,0.0,0.0,0.0
382,1.5800765184497239,1.5259696,1.6319344,1.596924226175706,1.5893552,1.6048608,0.0,0.0,0.0
383,1.584460183016702,1.5302032,1.6361952,1.6011046560871605,1.5935158,1.609062,0.0,0.0,0.0
384,1.590890801966881,1.5366871,1.6430352,1.6052850859986152,1.5976764,1.6132631,0.0,0.0,0.0
385,1.5986363526549592,1.5437703,1.6514547,1.6094655159100701,1.601837,1.6174643,0.0,0.0,0.0
386,1.6037213520654714,1.5479194,1.6575766,1.6136459458215244,1.6059977,1.6216656,0.0,0.0,0.0
387,1.607969172700732,1.5515035,1.6626098,1.617826375732979,1.6101583,1.6258668,0.0,0.0,0.0
388,1.6116641796414106,1.5558679,1.6651851,1.6220068056444341,1.6143188,1.630068,0.0,0.0,0.0
389,1.6182170875302837,1.562076,1.6713452,1.626187235555889,1.6184795,1.6342691,0.0,0.0,0.0
390,1.6226290749676755,1.5679172,1.6752361,1.6303676654673436,1.6226401,1.6384704,0.0,0.0,0.0
391,1.6254512112067638,1.570039,1.6791159,1.634548095378798,1.6268008,1.6426716,0.0,0.0,0.0
392,1.6311094516243745,1.5741535,1.6863855,1.638728525290253,1.6309613,1.6468728,0.0,0.0,0.0
393,1.6349940246231276,1.5786835,1.6898876,1.6429089552017075,1.635122,1.6510739,0.0,0.0,0.0
394,1.6369042273845678,1.5801845,1.6921014,1.6470893851131627,1.6392826,1.6552752,0.0,0.0,0.0
395,1.6383025884180307,1.5815616,1.6931524,1.651269815024618,1.6434432,1.6594764,0.0,0.0,0.0
396,1.6425117417705102,1.5856208,1.6976163,1.6554502449360724,1.6476039,1.6636776,0.0,0.0,0.0
397,1.6472362303289547,1.5904341,1.7019596,1.659630674847527,1.6517644,1.6678789,0.0,0.0,0.0
398,1.6500020417051076,1.593548,1.7041667,1.6638111047589816,1.655925,1.67208,0.0,0.0,0.0
399,1.6554765953821557,1.600152,1.7086403,1.6679915346704364,1.6600857,1.6762812,0.0,0.0,0.0
400,1.6586180779017465,1.6034455,1.7120695,1.6721719645818913,1.6642463,1.6804824,0.0,0.0,0.0
401,1.6620404301874083,1.606366,1.7161386,1.6763523944933454,1.6684068,1.6846837,0.0,0.0,0.0
402,1.663323629030023,1.6074884,1.7170655,1.6805328244048,1.6725675,1.6888849,0.0,0.0,0.0
403,1.669490481167139,1.6145384,1.722589,1.6847132543162553,1.6767281,1.693086,0.0,0.0,0.0
404,1.6732049665881445,1.617924,1.7262975,1.6888936842277096,1.6808888,1.6972872,0.0,0.0,0.0
405,1.67854201160037,1.6235399,1.7312053,1.6930741141391645,1.6850494,1.7014885,0.0,0.0,0.0
406,1.6843889595299684,1.6293465,1.736846,1.6972545440506188,1.6892099,1.7056897,0.0,0.0,0.0
407,1.689372207883614,1.6334536,1.7423067,1.7014349739620742,1.6933706,1.7098908,0.0,0.0,0.0
408,1.6937625531653033,1.6379528,1.746809,1.7056154038735285,1.6975312,1.714092,0.0,0.0,0.0
409,1.6975002101572751,1.6425638,1.7500727,1.7097958337849832,1.7016919,1.7182933,0.0,0.0,0.0
410,1.7010829299257966,1.6455204,1.753805,1.7139762636964384,1.7058524,1.7224945,0.0,0.0,0.0
411,1.7057125368438217,1.6504096,1.7593253,1.7181566936078931,1.710013,1.7266957,0.0,0.0,0.0
412,1.7083208574665636,1.6530827,1.7612922,1.722337123519348,1.7141737,1.730897,0.0,0.0,0.0
413,1.7122419807037994,1.6560746,1.7657888,1.7265175534308022,1.7183343,1.7350981,0.0,0.0,0.0
414,1.7199998373684868,1.6635251,1.7739191,1.7306979833422569,1.722495,1.7392993,0.0,0.0,0.0
415,1.7263748882163505,1.6696333,1.781176,1.7348784132537118,1.7266555,1.7435005,0.0,0.0,0.0
416,1.7296583744301357,1.6731107,1.7848632,1.7390588431651668,1.7308161,1.7477018,0.0,0.0,0.0
417,1.7328403106488564,1.6765217,1.7874709,1.7432392730766209,1.7349768,1.7519029,0.0,0.0,0.0
418,1.7388978822867607,1.6826333,1.7937131,1.7474197029880758,1.7391374,1.7561041,0.0,0.0,0.0
419,1.7441119087137984,1.6882774,1.7987024,1.7516001328995308,1.7432979,1.7603053,0.0,0.0,0.0
420,1.7471948570892077,1.6910665,1.8021221,1.7557805628109848,1.7474586,1.7645066,0.0,0.0,0.0
421,1.750590220256409,1.693466,1.8057357,1.7599609927224398,1.7516192,1.7687078,0.0,0.0,0.0
422,1.7531056120096942,1.6966404,1.807954,1.7641414226338952,1.7557799,1.7729089,0.0,0.0,0.0
423,1.7575206837963568,1.7012522,1.8124286,1.7683218525453495,1.7599405,1.7771102,0.0,0.0,0.0
424,1.7627773840337306,1.7056367,1.8181001,1.7725022824568044,1.764101,1.7813114,0.0,0.0,0.0
425,1.7672425140460453,1.7096449,1.8232454,1.7766827123682591,1.7682617,1.7855126,0.0,0.0,0.0
426,1.7712260200644507,1.7131182,1.8275377,1.7808631422797139,1.7724223,1.7897137,0.0,0.0,0.0
427,1.7729028226861627,1.7139286,1.8304306,1.785043572191168,1.776583,1.793915,0.0,0.0,0.0
428,1.7794866315925084,1.7206317,1.8368415,1.7892240021026231,1.7807435,1.7981162,0.0,0.0,0.0
429,1.7846534166532508,1.7248851,1.8435264,1.7934044320140783,1.7849041,1.8023174,0.0,0.0,0.0
430,1.7891935864838238,1.7293018,1.8482412,1.797584861925533,1.7890648,1.8065186,0.0,0.0,0.0
431,1.7914511500718364,1.7318866,1.8497905,1.8017652918369877,1.7932254,1.8107198,0.0,0.0,0.0
432,1.794646081265804,1.7358141,1.8522761,1.805945721748442,1.797386,1.814921,0.0,0.0,0.0
433,1.7977191926888039,1.7390183,1.8552772,1.8101261516598972,1.8015466,1.8191222,0.0,0.0,0.0
434,1.8035492343167234,1.7457837,1.8606902,1.814306581571352,1.8057072,1.8233234,0.0,0.0,0.0
435,1.808175131423498,1.7501389,1.8646233,1.8184870114828062,1.8098679,1.8275247,0.0,0.0,0.0
436,1.8137044664914488,1.7551631,1.8713602,1.8226674413942612,1.8140285,1.8317258,0.0,0.0,0.0
437,1.8186656439280198,1.7603678,1.8759061,1.8268478713057161,1.818189,1.835927,0.0,0.0,0.0
438,1.8227754318055498,1.7643273,1.880396,1.8310283012171704,1.8223497,1.8401283,0.0,0.0,0.0
439,1.8290497580295753,1.7703636,1.8865435,1.8352087311286256,1.8265103,1.8443295,0.0,0.0,0.0
440,1.8317887446977612,1.7729123,1.8891991,1.83938916104008,1.830671,1.8485307,0.0,0.0,0.0
441,1.8419975998701652,1.7826658,1.8996427,1.843569590951535,1.8348316,1.8527318,0.0,0.0,0.0
442,1.8445575968338905,1.7852159,1.9023076,1.847750020862989,1.8389921,1.8569331,0.0,0.0,0.0
443,1.8470333580690375,1.788299,1.9040539,1.8519304507744436,1.8431528,1.8611343,0.0,0.0,0.0
444,1.8527199420899712,1.7954094,1.9081542,1.8561108806858992,1.8473134,1.8653355,0.0,0.0,0.0
445,1.8567707546632048,1.79907,1.9123867,1.8602913105973535,1.851474,1.8695366,0.0,0.0,0.0
446,1.8605648543029523,1.8031046,1.9161129,1.8644717405088087,1.8556346,1.8737379,0.0,0.0,0.0
447,1.862935867111305,1.8053559,1.9181759,1.8686521704202625,1.8597952,1.8779391,0.0,0.0,0.0
448,1.8644949877515349,1.8065611,1.9197053,1.8728326003317182,1.8639559,1.8821403,0.0,0.0,0.0
449,1.871135243683558,1.813908,1.9264221,1.8770130302431725,1.8681165,1.8863415,0.0,0.0,0.0
450,1.874762742009285,1.8166127,1.9307373,1.8811934601546274,1.8722771,1.8905427,0.0,0.0,0.0
451,1.8791356815563616,1.8207263,1.9359175,1.8853738900660821,1.8764377,1.8947439,0.0,0.0,0.0
452,1.8843059244568532,1.8260393,1.9407208,1.889554319977537,1.8805983,1.8989451,0.0,0.0,0.0
453,1.8857379105586414,1.8267186,1.9429986,1.8937347498889918,1.884759,1.9031464,0.0,0.0,0.0
454,1.891386450290245,1.8315426,1.950135,1.8979151798004459,1.8889196,1.9073476,0.0,0.0,0.0
455,1.8958833706726788,1.8354652,1.9552035,1.9020956097119006,1.8930801,1.9115487,0.0,0.0,0.0
456,1.8995097070828129,1.83957,1.9577698,1.9062760396233556,1.8972408,1.9157499,0.0,0.0,0.0
457,1.9053781940161634,1.8443114,1.9654658,1.91045646953481,1.9014014,1.9199512,0.0,0.0,0.0
458,1.9072953664258279,1.8457724,1.9673951,1.9146368994462646,1.905562,1.9241524,0.0,0.0,0.0
459,1.9137945525675606,1.8508253,1.9759458,1.91881732935772,1.9097227,1.9283535,0.0,0.0,0.0
460,1.9183452759135606,1.8561982,1.9796643,1.9229977592691745,1.9138832,1.9325547,0.0,0.0,0.0
461,1.9200786759425412,1.8571477,1.9818398,1.9271781891806294,1.9180439,1.936756,0.0,0.0,0.0
462,1.9241024116242764,1.8617953,1.9855572,1.931358619092084,1.9222045,1.9409572,0.0,0.0,0.0
463,1.9253346357696166,1.8631672,1.9870765,1.935539049003539,1.9263651,1.9451584,0.0,0.0,0.0
464,1.9300953200588604,1.8676425,1.9923645,1.9397194789149936,1.9305257,1.9493597,0.0,0.0,0.0
465,1.9341989114039098,1.871046,1.9972901,1.9438999088264484,1.9346863,1.9535608,0.0,0.0,0.0
466,1.9381629310714266,1.87441,2.001122,1.948080338737903,1.938847,1.957762,0.0,0.0,0.0
467,1.9410418190399612,1.8768219,2.0046728,1.9522607686493578,1.9430076,1.9619632,0.0,0.0,0.0
468,1.9463185999148649,1.882874,2.008815,1.9564411985608128,1.9471682,1.9661645,0.0,0.0,0.0
469,1.9484256600875949,1.8852932,2.0107193,1.9606216284722675,1.9513288,1.9703656,0.0,0.0,0.0
470,1.9528269688629447,1.8892097,2.0152051,1.964802058383722,1.9554894,1.9745668,0.0,0.0,0.0
471,1.9612637298504376,1.8963269,2.0254104,1.9689824882951765,1.95965,1.978768,0.0,0.0,0.0
472,1.9662611826609322,1.9013741,2.030282,1.9731629182066313,1.9638107,1.9829693,0.0,0.0,0.0
473,1.970140853377596,1.9058563,2.0332677,1.977343348118086,1.9679712,1.9871705,0.0,0.0,0.0
474,1.9742539583728698,1.9098604,2.0376987,1.9815237780295403,1.9721318,1.9913716,0.0,0.0,0.0
475,1.9795977982174795,1.9152753,2.0433507,1.9857042079409952,1.9762925,1.9955728,0.0,0.0,0.0
476,1.9842020925780004,1.9189694,2.0486805,1.9898846378524502,1.9804531,1.9997741,0.0,0.0,0.0
477,1.9906804796977018,1.9255273,2.0559058,1.9940650677639047,1.9846138,2.0039754,0.0,0.0,0.0
478,1.9935715824586202,1.9283459,2.0591474,1.99824549767536,1.9887743,2.0081766,0.0,0.0,0.0
479,1.9966450784230878,1.9318752,2.0617201,2.0024259275868146,1.992935,2.0123777,0.0,0.0,0.0
480,2.002644755354706,1.9377304,2.068464,2.006606357498269,1.9970956,2.016579,0.0,0.0,0.0
481,2.006468813020716,1.941599,2.0719497,2.0107867874097236,2.001256,2.0207803,0.0,0.0,0.0
482,2.010431673972612,1.9462278,2.075179,2.0149672173211792,2.0054166,2.0249815,0.0,0.0,0.0
483,2.0175939639595444,1.9540769,2.082576,2.0191476472326335,2.0095773,2.0291827,0.0,0.0,0.0
484,2.022427124367382,1.9587108,2.0878484,2.023328077144088,2.013738,2.0333838,0.0,0.0,0.0
485,2.0265289738661796,1.9620764,2.0929272,2.0275085070555425,2.0178986,2.037585,0.0,0.0,0.0
486,2.0327364581703575,1.9682294,2.0990586,2.0316889369669973,2.0220592,2.0417862,0.0,0.0,0.0
487,2.0368515153373745,1.9722992,2.103274,2.035869366878452,2.0262198,2.0459874,0.0,0.0,0.0
488,2.0402765428461658,1.9760666,2.1063843,2.0400497967899067,2.0303805,2.0501885,0.0,0.0,0.0
489,2.0474514688386516,1.9822341,2.11434,2.044230226701362,2.034541,2.05439,0.0,0.0,0.0
490,2.050445557834008,1.9847407,2.1177857,2.048410656612817,2.0387015,2.0585911,0.0,0.0,0.0
491,2.0546580728081523,1.988307,2.1227117,2.052591086524271,2.0428622,2.0627923,0.0,0.0,0.0
492,2.0598651341207384,1.9934914,2.1278837,2.0567715164357256,2.0470228,2.0669935,0.0,0.0,0.0
493,2.063004865094706,1.9960437,2.1323104,2.060951946347181,2.0511835,2.0711946,0.0,0.0,0.0
494,2.067821152787565,2.0002568,2.1373825,2.0651323762586355,2.055344,2.0753958,0.0,0.0,0.0
495,2.0713122862856093,2.0036154,2.1404285,2.06931280617009,2.0595047,2.079597,0.0,0.0,0.0
496,2.073812148195523,2.006143,2.142997,2.073493236081544,2.0636654,2.0837984,0.0,0.0,0.0
497,2.078365737159431,2.0122087,2.1459615,2.0776736659929997,2.067826,2.0879996,0.0,0.0,0.0
498,2.0846789046359024,2.0197768,2.1511893,2.0818540959044536,2.0719864,2.0922008,0.0,0.0,0.0
499,2.088630801826289,2.0248554,2.153896,2.086034525815909,2.076147,2.096402,0.0,0.0,0.0
500,2.0935116586568427,2.0301116,2.1588569,2.090214955727364,2.0803077,2.100603,0.0,0.0,0.0
501,2.0950974967223868,2.0313926,2.1601388,2.094395385638818,2.0844684,2.1048043,0.0,0.0,0.0
502,2.101692743502189,2.0378456,2.1667802,2.0985758155502734,2.088629,2.1090055,0.0,0.0,0.0
503,2.105682897451325,2.0416238,2.171181,2.1027562454617272,2.0927896,2.1132066,0.0,0.0,0.0
504,2.107832170677025,2.0437963,2.1732712,2.106936675373183,2.0969503,2.117408,0.0,0.0,0.0
505,2.112099090927954,2.0478032,2.1779807,2.1111171052846376,2.101111,2.1216092,0.0,0.0,0.0
506,2.1151139963099617,2.0504775,2.1808746,2.1152975351960923,2.1052716,2.1258104,0.0,0.0,0.0
507,2.117444827994776,2.0530322,2.183012,2.1194779651075466,2.109432,2.1300116,0.0,0.0,0.0
508,2.121323926046421,2.0569572,2.1870906,2.1236583950190018,2.1135926,2.1342127,0.0,0.0,0.0
509,2.127541150466611,2.0636692,2.1929948,2.1278388249304565,2.1177533,2.138414,0.0,0.0,0.0
510,2.1336203582139692,2.0696356,2.199013,2.1320192548419112,2.121914,2.142615,0.0,0.0,0.0
511,2.1383031211881787,2.072914,2.2053385,2.1361996847533655,2.1260746,2.1468165,0.0,0.0,0.0
512,2.1422333361310772,2.0777729,2.2082481,2.1403801146648203,2.1302352,2.1510177,0.0,0.0,0.0
513,2.1461929114574287,2.082173,2.2123117,2.144560544576275,2.1343958,2.1552188,0.0,0.0,0.0
514,2.148337336468955,2.083685,2.2150972,2.1487409744877297,2.1385565,2.15942,0.0,0.0,0.0
515,2.152506626839482,2.0866053,2.2201083,2.152921404399185,2.1427171,2.1636212,0.0,0.0,0.0
516,2.1547418744734443,2.0893543,2.221985,2.1571018343106396,2.1468775,2.1678224,0.0,0.0,0.0
517,2.1583802821315508,2.0930521,2.2264936,2.1612822642220944,2.1510382,2.1720235,0.0,0.0,0.0
518,2.1601119006005183,2.0952692,2.2273526,2.165462694133548,2.1551988,2.1762247,0.0,0.0,0.0
519,2.165603902570729,2.1012504,2.2327964,2.169643124045004,2.1593595,2.1804261,0.0,0.0,0.0
520,2.171074679496273,2.1058617,2.2392752,2.173823553956459,2.16352,2.1846273,0.0,0.0,0.0
521,2.1764777404593616,2.1114511,2.244569,2.178003983867913,2.1676807,2.1888285,0.0,0.0,0.0
522,2.178568379022091,2.1136863,2.247132,2.1821844137793676,2.1718414,2.1930296,0.0,0.0,0.0
523,2.182758471845355,2.1169071,2.251764,2.1863648436908227,2.176002,2.1972308,0.0,0.0,0.0
524,2.186274502811551,2.121719,2.2547333,2.190545273602277,2.1801627,2.201432,0.0,0.0,0.0
525,2.1908582142996154,2.1262853,2.2586813,2.1947257035137313,2.184323,2.2056332,0.0,0.0,0.0
526,2.1941627725346096,2.1293077,2.2619538,2.198906133425187,2.1884837,2.2098346,0.0,0.0,0.0
527,2.198476692220381,2.1337323,2.2652519,2.2030865633366417,2.1926444,2.2140357,0.0,0.0,0.0
528,2.200412487912106,2.135485,2.2675831,2.2072669932480964,2.196805,2.218237,0.0,0.0,0.0
529,2.206468696005248,2.1421137,2.2725446,2.21144742315955,2.2009656,2.222438,0.0,0.0,0.0
530,2.2106575934330213,2.1464777,2.2767007,2.2156278530710054,2.2051263,2.2266393,0.0,0.0,0.0
531,2.21607888507107,2.1520348,2.2823908,2.2198082829824606,2.209287,2.2308404,0.0,0.0,0.0
532,2.218190346777896,2.1537666,2.284951,2.2239887128939153,2.2134476,2.2350416,0.0,0.0,0.0
533,2.2226966003867306,2.158286,2.288959,2.2281691428053696,2.2176082,2.239243,0.0,0.0,0.0
534,2.22821489741452,2.1640792,2.2947392,2.2323495727168248,2.2217686,2.2434442,0.0,0.0,0.0
535,2.2334770500176693,2.1685457,2.3009312,2.236530002628279,2.2259293,2.2476454,0.0,0.0,0.0
536,2.2378236198611163,2.172364,2.305816,2.2407104325397342,2.23009,2.2518466,0.0,0.0,0.0
537,2.240714768644951,2.1754723,2.3086329,2.2448908624511885,2.2342505,2.2560477,0.0,0.0,0.0
538,2.245283638471788,2.1807663,2.3124585,2.2490712923626432,2.2384112,2.260249,0.0,0.0,0.0
539,2.246979834466718,2.1824706,2.314207,2.2532517222740984,2.2425718,2.26445,0.0,0.0,0.0
540,2.248626496623041,2.183999,2.315397,2.2574321521855527,2.2467325,2.2686512,0.0,0.0,0.0
541,2.251439073639659,2.1869226,2.3181093,2.2616125820970074,2.250893,2.2728527,0.0,0.0,0.0
542,2.25787466107149,2.1937153,2.3239806,2.2657930120084617,2.2550538,2.2770538,0.0,0.0,0.0
543,2.261881908981168,2.1978297,2.327236,2.269973441919917,2.2592142,2.281255,0.0,0.0,0.0
544,2.2669173366618387,2.2029803,2.332434,2.274153871831372,2.2633748,2.2854562,0.0,0.0,0.0
545,2.2719847908533235,2.2075946,2.3370438,2.2783343017428264,2.2675354,2.2896574,0.0,0.0,0.0
546,2.2755722611760887,2.2108128,2.3406572,2.2825147316542815,2.271696,2.2938585,0.0,0.0,0.0
547,2.2789105386284794,2.2139523,2.3446465,2.2866951615657363,2.2758567,2.2980597,0.0,0.0,0.0
548,2.2807975590967566,2.2157774,2.346482,2.29087559147719,2.2800174,2.302261,0.0,0.0,0.0
549,2.2861373238641485,2.2215483,2.3516319,2.2950560213886453,2.284178,2.3064623,0.0,0.0,0.0
550,2.2905196771784997,2.2251358,2.357471,2.2992364513001005,2.2883387,2.3106635,0.0,0.0,0.0
551,2.2943888236291787,2.2292671,2.3609238,2.3034168812115547,2.292499,2.3148646,0.0,0.0,0.0
552,2.301329543090486,2.2371178,2.3671503,2.3075973111230095,2.2966597,2.3190658,0.0,0.0,0.0
553,2.3031933941742464,2.239928,2.368591,2.311777741034464,2.3008204,2.323267,0.0,0.0,0.0
554,2.3068680487000734,2.242669,2.3731437,2.315958170945919,2.304981,2.3274682,0.0,0.0,0.0
555,2.312388124493635,2.2468977,2.3797307,2.3201386008573737,2.3091416,2.3316693,0.0,0.0,0.0
556,2.3146553982077367,2.2500367,2.381452,2.324319030768828,2.3133023,2.3358707,0.0,0.0,0.0
557,2.3173948845141386,2.253986,2.3835473,2.328499460680283,2.317463,2.340072,0.0,0.0,0.0
558,2.323370589294352,2.2593815,2.3900685,2.3326798905917374,2.3216236,2.344273,0.0,0.0,0.0
559,2.330565573675895,2.2663622,2.3972247,2.336860320503192,2.3257842,2.3484743,0.0,0.0,0.0
560,2.3364154834751716,2.2714634,2.4031374,2.3410407504146478,2.3299446,2.3526754,0.0,0.0,0.0
561,2.338872951714966,2.2743933,2.4053054,2.345221180326102,2.3341053,2.3568766,0.0,0.0,0.0
562,2.343145652645607,2.27883,2.4089625,2.349401610237557,2.338266,2.3610778,0.0,0.0,0.0
563,2.3512419363817485,2.2863624,2.4177043,2.3535820401490115,2.3424265,2.3652792,0.0,0.0,0.0
564,2.3577818344674304,2.2932556,2.423547,2.357762470060466,2.3465872,2.3694804,0.0,0.0,0.0
565,2.3588722554888926,2.2946885,2.4241562,2.361942899971921,2.3507478,2.3736815,0.0,0.0,0.0
566,2.3639005314935324,2.300528,2.428658,2.3661233298833753,2.3549085,2.3778827,0.0,0.0,0.0
567,2.365825560507234,2.3023841,2.4305682,2.37030375979483,2.359069,2.382084,0.0,0.0,0.0
568,2.3717990841783037,2.3084223,2.436107,2.3744841897062843,2.3632298,2.386285,0.0,0.0,0.0
569,2.376296801517303,2.3138518,2.439847,2.37866461961774,2.3673902,2.3904862,0.0,0.0,0.0
570,2.383060232130236,2.3204408,2.4477546,2.382845049529194,2.3715508,2.3946874,0.0,0.0,0.0
571,2.3856631817869323,2.322445,2.4510121,2.38702547944065,2.3757114,2.3988888,0.0,0.0,0.0
572,2.3901052313380875,2.3269649,2.4550943,2.3912059093521036,2.379872,2.40309,0.0,0.0,0.0
573,2.393109483251749,2.3305044,2.457879,2.3953863392635593,2.3840327,2.4072912,0.0,0.0,0.0
574,2.397537720736055,2.334605,2.4622254,2.399566769175013,2.3881934,2.4114923,0.0,0.0,0.0
575,2.4041210999135756,2.34133,2.467961,2.4037471990864683,2.392354,2.4156935,0.0,0.0,0.0
576,2.4092083012665118,2.3464358,2.4728003,2.407927628997923,2.3965147,2.4198947,0.0,0.0,0.0
577,2.4118329608444258,2.3497477,2.4746578,2.4121080589093777,2.4006753,2.4240959,0.0,0.0,0.0
578,2.415714594686484,2.3528457,2.4792137,2.416288488820832,2.4048357,2.4282973,0.0,0.0,0.0
579,2.4215157662733438,2.357871,2.485569,2.420468918732287,2.4089963,2.4324985,0.0,0.0,0.0
580,2.426789904219164,2.3626025,2.4912946,2.424649348643741,2.413157,2.4366996,0.0,0.0,0.0
581,2.4322456149257636,2.3678088,2.497155,2.4288297785551967,2.4173176,2.4409008,0.0,0.0,0.0
582,2.4380304057437074,2.3741858,2.502414,2.433010208466651,2.4214783,2.445102,0.0,0.0,0.0
583,2.441598806727487,2.3766406,2.5066073,2.437190638378106,2.425639,2.4493032,0.0,0.0,0.0
584,2.446421763116373,2.3817403,2.511963,2.4413710682895617,2.4297996,2.4535043,0.0,0.0,0.0
585,2.4495277835036204,2.3843284,2.5150135,2.445551498201015,2.4339602,2.4577055,0.0,0.0,0.0
586,2.454468930398374,2.3886995,2.520046,2.4497319281124708,2.4381208,2.461907,0.0,0.0,0.0
587,2.458467085787645,2.3935084,2.5237575,2.453912358023925,2.4422812,2.466108,0.0,0.0,0.0
588,2.45972803853068,2.3948753,2.5245054,2.4580927879353798,2.446442,2.4703093,0.0,0.0,0.0
589,2.463482835601623,2.3976207,2.5284026,2.4622732178468345,2.4506025,2.4745104,0.0,0.0,0.0
590,2.4678263386753057,2.4029477,2.5324976,2.466453647758289,2.4547632,2.4787116,0.0,0.0,0.0
591,2.4738747018280502,2.4090219,2.538827,2.4706340776697435,2.4589238,2.4829128,0.0,0.0,0.0
592,2.478707721116256,2.4132712,2.5438268,2.474814507581199,2.4630845,2.487114,0.0,0.0,0.0
593,2.480081703106734,2.414564,2.5443447,2.4789949374926534,2.467245,2.4913154,0.0,0.0,0.0
594,2.484882376890959,2.4199257,2.548714,2.4831753674041086,2.4714057,2.4955165,0.0,0.0,0.0
595,2.489291561954742,2.4239666,2.553575,2.487355797315563,2.4755664,2.4997177,0.0,0.0,0.0
596,2.496189168321076,2.4309437,2.5599449,2.491536227227017,2.4797268,2.503919,0.0,0.0,0.0
597,2.498570724803296,2.4330487,2.5628116,2.495716657138472,2.4838874,2.50812,0.0,0.0,0.0
598,2.50343828261509,2.4379454,2.5676224,2.4998970870499275,2.488048,2.5123212,0.0,0.0,0.0
599,2.508763795257171,2.4445121,2.57172,2.5040775169613814,2.4922087,2.5165224,0.0,0.0,0.0
600,2.5125261962455343,2.4481094,2.5757859,2.5082579468728365,2.4963694,2.5207236,0.0,0.0,0.0
601,2.517260912967498,2.452416,2.5808809,2.5124383767842913,2.50053,2.524925,0.0,0.0,0.0
602,2.5213546531957296,2.4574397,2.5835998,2.5166188066957464,2.5046906,2.5291262,0.0,0.0,0.0
603,2.5258268514788957,2.4633758,2.5875351,2.5207992366072007,2.5088513,2.5333273,0.0,0.0,0.0
604,2.530049601508142,2.4668322,2.5916638,2.5249796665186555,2.513012,2.5375285,0.0,0.0,0.0
605,2.5324591633745475,2.4694245,2.5944421,2.5291600964301097,2.5171723,2.5417297,0.0,0.0,0.0
606,2.538262471326452,2.4750223,2.59991,2.5333405263415645,2.521333,2.5459309,0.0,0.0,0.0
607,2.541553943881985,2.4787817,2.6027832,2.5375209562530197,2.5254936,2.550132,0.0,0.0,0.0
608,2.543127747201512,2.4810445,2.6041293,2.5417013861644744,2.5296543,2.5543334,0.0,0.0,0.0
609,2.5457313862175015,2.483161,2.6071846,2.545881816075929,2.533815,2.5585346,0.0,0.0,0.0
610,2.551643813765578,2.4896514,2.6124048,2.5500622459873834,2.5379755,2.5627358,0.0,0.0,0.0
611,2.557931545904501,2.4968162,2.617922,2.5542426758988386,2.5421362,2.566937,0.0,0.0,0.0
612,2.5620196328635907,2.5008533,2.621616,2.558423105810293,2.5462968,2.5711381,0.0,0.0,0.0
613,2.5651248583611785,2.503599,2.6250756,2.5626035357217485,2.5504575,2.5753393,0.0,0.0,0.0
614,2.571680992118038,2.5112474,2.6301746,2.566783965633203,2.554618,2.5795405,0.0,0.0,0.0
615,2.5755281517953037,2.515008,2.6345577,2.570964395544657,2.5587785,2.583742,0.0,0.0,0.0
616,2.5827051207042495,2.5215333,2.6417544,2.575144825456112,2.5629392,2.587943,0.0,0.0,0.0
617,2.583958426556094,2.5228126,2.6434934,2.5793252553675665,2.5670998,2.5921443,0.0,0.0,0.0
618,2.5902984377423834,2.5281613,2.65099,2.5835056852790212,2.5712605,2.5963454,0.0,0.0,0.0
619,2.594287880032275,2.5330472,2.6544495,2.587686115190475,2.575421,2.6005466,0.0,0.0,0.0
620,2.5970271901740105,2.53455,2.658873,2.591866545101931,2.5795817,2.6047478,0.0,0.0,0.0
621,2.6007024879981624,2.5376976,2.6629882,2.5960469750133854,2.5837424,2.608949,0.0,0.0,0.0
622,2.6063577987775846,2.5438774,2.6676452,2.60022740492484,2.587903,2.6131501,0.0,0.0,0.0
623,2.61013347793882,2.5474901,2.6711907,2.604407834836295,2.5920634,2.6173515,0.0,0.0,0.0
624,2.6124925515482,2.549816,2.6731708,2.60858826474775,2.596224,2.6215527,0.0,0.0,0.0
625,2.614133174804999,2.5510342,2.6754792,2.6127686946592044,2.6003847,2.6257539,0.0,0.0,0.0
626,2.6197864912351587,2.5570083,2.6806233,2.616949124570659,2.6045454,2.629955,0.0,0.0,0.0
627,2.623086330587363,2.560367,2.684447,2.6211295544821143,2.608706,2.6341562,0.0,0.0,0.0
628,2.6259699789060766,2.5624292,2.6882885,2.6253099843935686,2.6128666,2.6383574,0.0,0.0,0.0
629,2.6295422018947763,2.566177,2.6918151,2.6294904143050237,2.6170273,2.6425586,0.0,0.0,0.0
630,2.6334567477920943,2.5704165,2.6949327,2.6336708442164776,2.621188,2.64676,0.0,0.0,0.0
631,2.6395997952996435,2.576777,2.7007883,2.637851274127933,2.6253486,2.6509612,0.0,0.0,0.0
632,2.643578549468532,2.5801463,2.7049968,2.642031704039388,2.629509,2.6551623,0.0,0.0,0.0
633,2.6438704342210637,2.5801914,2.7054288,2.6462121339508426,2.6336696,2.6593635,0.0,0.0,0.0
634,2.6464190534134633,2.582466,2.7083576,2.6503925638622965,2.6378303,2.6635647,0.0,0.0,0.0
635,2.6552133181333297,2.5898492,2.7187731,2.654572993773752,2.641991,2.6677659,0.0,0.0,0.0
636,2.659725718738062,2.5937095,2.7231548,2.658753423685206,2.6461515,2.671967,0.0,0.0,0.0
637,2.6648813687303288,2.598265,2.7285316,2.662933853596661,2.6503122,2.6761682,0.0,0.0,0.0
638,2.66887210528491,2.6018813,2.732624,2.6671142835081154,2.6544728,2.6803696,0.0,0.0,0.0
639,2.672139494900099,2.6045256,2.7368214,2.671294713419571,2.6586335,2.6845708,0.0,0.0,0.0
640,2.674281162548556,2.6061983,2.7387078,2.6754751433310258,2.662794,2.688772,0.0,0.0,0.0
641,2.6782336235577335,2.6104355,2.7426195,2.6796555732424805,2.6669545,2.6929731,0.0,0.0,0.0
642,2.6816062127900593,2.6143422,2.7454545,2.6838360031539352,2.6711152,2.6971743,0.0,0.0,0.0
643,2.684530338799412,2.6171286,2.7485287,2.68801643306539,2.6752758,2.7013755,0.0,0.0,0.0
644,2.687919732509533,2.6200762,2.752522,2.6921968629768434,2.6794364,2.7055767,0.0,0.0,0.0
645,2.691149254348304,2.6235662,2.7558377,2.696377292888299,2.683597,2.709778,0.0,0.0,0.0
646,2.6939874045629484,2.626705,2.757817,2.7005577227997537,2.6877577,2.7139792,0.0,0.0,0.0
647,2.6989085685297574,2.6318042,2.763043,2.704738152711208,2.6919184,2.7181804,0.0,0.0,0.0
648,2.7058765392438597,2.6389134,2.7703402,2.708918582622663,2.696079,2.7223816,0.0,0.0,0.0
649,2.711493843363232,2.6451926,2.7752686,2.7130990125341174,2.7002397,2.7265828,0.0,0.0,0.0
650,2.712061195489754,2.6454995,2.7760715,2.7172794424455726,2.7044,2.730784,0.0,0.0,0.0
651,2.7170097735811916,2.6505957,2.7809665,2.7214598723570274,2.7085607,2.734985,0.0,0.0,0.0
652,2.7225114635732,2.6555223,2.7872288,2.7256403022684825,2.7127213,2.7391863,0.0,0.0,0.0
653,2.7272652410579195,2.6595273,2.792294,2.7298207321799373,2.716882,2.7433877,0.0,0.0,0.0
654,2.7327896825022573,2.665072,2.7975724,2.7340011620913915,2.7210426,2.7475889,0.0,0.0,0.0
655,2.736449320008171,2.669165,2.8009913,2.7381815920028463,2.7252033,2.75179,0.0,0.0,0.0
656,2.7378380818310926,2.6709187,2.8017635,2.742362021914302,2.729364,2.7559912,0.0,0.0,0.0
657,2.7440726183416007,2.6770444,2.8086538,2.746542451825756,2.7335246,2.7601924,0.0,0.0,0.0
658,2.745360466231207,2.6783602,2.8099716,2.7507228817372114,2.7376852,2.7643936,0.0,0.0,0.0
659,2.7533335506716523,2.68628,2.8184059,2.754903311648665,2.7418456,2.7685947,0.0,0.0,0.0
660,2.756411207148481,2.6887052,2.8221233,2.75908374156012,2.7460063,2.7727962,0.0,0.0,0.0
661,2.759243542424864,2.6909645,2.824899,2.7632641714715747,2.750167,2.7769973,0.0,0.0,0.0
662,2.7632162866778756,2.6955163,2.828787,2.7674446013830303,2.7543275,2.7811985,0.0,0.0,0.0
663,2.7682988364922285,2.7000408,2.834791,2.7716250312944846,2.7584882,2.7853997,0.0,0.0,0.0
664,2.772484381277067,2.70369,2.839333,2.7758054612059393,2.7626488,2.7896008,0.0,0.0,0.0
665,2.7765417420827374,2.706884,2.843803,2.779985891117393,2.7668095,2.793802,0.0,0.0,0.0
666,2.7815384179826994,2.7116206,2.8483818,2.784166321028848,2.77097,2.7980032,0.0,0.0,0.0
667,2.7857108992718382,2.7161133,2.8521776,2.788346750940304,2.7751307,2.8022044,0.0,0.0,0.0
668,2.789181522596365,2.7199676,2.8554873,2.7925271808517573,2.7792912,2.8064058,0.0,0.0,0.0
669,2.7928194496270975,2.7230823,2.8594344,2.796707610763213,2.7834518,2.810607,0.0,0.0,0.0
670,2.798313885550093,2.727714,2.8658922,2.8008880406746672,2.7876124,2.8148081,0.0,0.0,0.0
671,2.801839954468423,2.7324345,2.8687682,2.8050684705861224,2.791773,2.8190093,0.0,0.0,0.0
672,2.8072371507732807,2.7370155,2.874652,2.8092489004975767,2.7959337,2.8232105,0.0,0.0,0.0
673,2.813367347767295,2.7427921,2.8810081,2.813429330409031,2.8000944,2.8274117,0.0,0.0,0.0
674,2.8144987092297007,2.7436306,2.8819735,2.817609760320486,2.804255,2.8316128,0.0,0.0,0.0
675,2.819282644437743,2.7481697,2.8871403,2.821790190231941,2.8084157,2.8358142,0.0,0.0,0.0
676,2.8227026028101645,2.752489,2.8900094,2.8259706201433965,2.8125763,2.8400154,0.0,0.0,0.0
677,2.8282771102728934,2.7564824,2.8970249,2.830151050054851,2.8167367,2.8442166,0.0,0.0,0.0
678,2.8304787981901027,2.7588031,2.8991613,2.834331479966305,2.8208973,2.8484178,0.0,0.0,0.0
679,2.8336956816537424,2.7622275,2.901988,2.8385119098777594,2.825058,2.852619,0.0,0.0,0.0
680,2.8407012791964634,2.770127,2.907951,2.8426923397892154,2.8292186,2.85682,0.0,0.0,0.0
681,2.8445789186165262,2.773468,2.9123607,2.846872769700669,2.8333793,2.8610213,0.0,0.0,0.0
682,2.8477862375868597,2.776902,2.915701,2.851053199612124,2.83754,2.8652225,0.0,0.0,0.0
683,2.851210903181107,2.780018,2.919639,2.855233629523578,2.8417006,2.8694239,0.0,0.0,0.0
684,2.8554045680442717,2.7845085,2.9234588,2.859414059435033,2.8458612,2.873625,0.0,0.0,0.0
685,2.8584805716077333,2.788236,2.926299,2.863594489346488,2.8500218,2.8778262,0.0,0.0,0.0
686,2.8612891559277553,2.7919254,2.9279575,2.867774919257943,2.8541822,2.8820274,0.0,0.0,0.0
687,2.8658146536564355,2.7968245,2.9318295,2.871955349169398,2.858343,2.8862286,0.0,0.0,0.0
688,2.86857443520485,2.7999861,2.9342508,2.8761357790808524,2.8625035,2.8904297,0.0,0.0,0.0
689,2.8708494294038633,2.8014665,2.9378893,2.8803162089923067,2.8666642,2.894631,0.0,0.0,0.0
690,2.8755181831507057,2.8067913,2.941556,2.8844966389037614,2.8708248,2.8988323,0.0,0.0,0.0
691,2.8777508865808756,2.809492,2.9432995,2.888677068815217,2.8749855,2.9030335,0.0,0.0,0.0
692,2.884083537612379,2.8150034,2.9503207,2.8928574987266713,2.879146,2.9072347,0.0,0.0,0.0
693,2.887021865094028,2.8180664,2.9529388,2.897037928638126,2.8833067,2.9114358,0.0,0.0,0.0
694,2.8884835793308086,2.8195965,2.9547143,2.9012183585495808,2.8874674,2.915637,0.0,0.0,0.0
695,2.892557314919012,2.8239086,2.9583938,2.905398788461036,2.8916278,2.9198382,0.0,0.0,0.0
696,2.896012511667146,2.8271928,2.9620612,2.9095792183724902,2.8957884,2.9240394,0.0,0.0,0.0
697,2.8995934332574738,2.830425,2.9655993,2.9137596482839454,2.899949,2.9282408,0.0,0.0,0.0
698,2.9072464539923644,2.8388758,2.9734442,2.9179400781953997,2.9041097,2.932442,0.0,0.0,0.0
699,2.912160294730175,2.8442645,2.978497,2.922120508106855,2.9082704,2.9366431,0.0,0.0,0.0
700,2.91545239048686,2.8474321,2.981857,2.926300938018309,2.912431,2.9408443,0.0,0.0,0.0
701,2.918450769346281,2.8498516,2.9850733,2.930481367929764,2.9165916,2.9450455,0.0,0.0,0.0
702,2.9213852713545316,2.8530824,2.9876828,2.934661797841218,2.9207523,2.9492466,0.0,0.0,0.0
703,2.9247749370842913,2.8560925,2.9911814,2.938842227752673,2.924913,2.9534478,0.0,0.0,0.0
704,2.9319928282453196,2.863312,2.998395,2.9430226576641276,2.9290733,2.957649,0.0,0.0,0.0
705,2.936761716369617,2.8689055,3.0027645,2.947203087575581,2.933234,2.9618504,0.0,0.0,0.0
706,2.9413006679001374,2.875043,3.0059776,2.951383517487037,2.9373946,2.9660516,0.0,0.0,0.0
707,2.944530670588963,2.8789957,3.0088382,2.9555639473984927,2.9415553,2.9702528,0.0,0.0,0.0
708,2.9482337486207144,2.882972,3.0116522,2.9597443773099466,2.945716,2.974454,0.0,0.0,0.0
709,2.950342320612186,2.8855073,3.013947,2.9639248072214017,2.9498765,2.978655,0.0,0.0,0.0
710,2.9557812736937907,2.8900957,3.0203204,2.9681052371328565,2.9540372,2.9828563,0.0,0.0,0.0
711,2.9604665932051386,2.8955226,3.0243595,2.9722856670443116,2.9581978,2.9870574,0.0,0.0,0.0
712,2.9664584033526435,2.9014604,3.0297356,2.976466096955766,2.9623585,2.9912589,0.0,0.0,0.0
713,2.970710889068241,2.906332,3.0337949,2.9806465268672198,2.9665189,2.99546,0.0,0.0,0.0
714,2.976343686673574,2.9118943,3.03901,2.9848269567786754,2.9706795,2.9996612,0.0,0.0,0.0
715,2.9775380342787514,2.9136088,3.0397754,2.9890073866901306,2.9748402,3.0038624,0.0,0.0,0.0
716,2.9807614394072544,2.9160593,3.0434263,2.993187816601585,2.9790008,3.0080636,0.0,0.0,0.0
717,2.983894157908907,2.9194105,3.0461695,2.9973682465130396,2.9831614,3.0122647,0.0,0.0,0.0
718,2.987778280566588,2.924183,3.0490854,3.0015486764244943,2.987322,3.016466,0.0,0.0,0.0
719,2.9932027677831288,2.9287946,3.0557692,3.005729106335949,2.9914827,3.020667,0.0,0.0,0.0
720,3.000288698100052,2.9345596,3.0635662,3.009909536247404,2.9956434,3.0248685,0.0,0.0,0.0
721,3.0052780356763416,2.9395971,3.0689502,3.014089966158858,2.999804,3.0290697,0.0,0.0,0.0
722,3.0082877408658537,2.9415767,3.0720887,3.018270396070313,3.0039644,3.0332708,0.0,0.0,0.0
723,3.0121740309376266,2.9454958,3.07612,3.0224508259817684,3.008125,3.037472,0.0,0.0,0.0
724,3.0148865344150817,2.948962,3.0787098,3.0266312558932227,3.0122857,3.0416732,0.0,0.0,0.0
725,3.01809069848991,2.951321,3.0827239,3.0308116858046774,3.0164464,3.0458744,0.0,0.0,0.0
726,3.021846580480328,2.9552977,3.086167,3.0349921157161313,3.020607,3.0500755,0.0,0.0,0.0
727,3.026826905280635,2.9609456,3.0903575,3.0391725456275873,3.0247676,3.054277,0.0,0.0,0.0
728,3.0355221656419937,2.9693878,3.0993164,3.043352975539041,3.0289283,3.058478,0.0,0.0,0.0
729,3.040168727782192,2.9737694,3.1040034,3.0475334054504963,3.033089,3.0626793,0.0,0.0,0.0
730,3.0463898087849595,2.9798212,3.1110191,3.051713835361951,3.0372496,3.0668805,0.0,0.0,0.0
731,3.050047777755984,2.9819798,3.1155171,3.055894265273407,3.04141,3.0710816,0.0,0.0,0.0
732,3.05362047650498,2.9859912,3.1189156,3.0600746951848605,3.0455706,3.0752828,0.0,0.0,0.0
733,3.0568322700122494,2.9885423,3.1224008,3.064255125096315,3.0497313,3.079484,0.0,0.0,0.0
734,3.0609217982216896,2.992958,3.1259847,3.06843555500777,3.053892,3.0836852,0.0,0.0,0.0
735,3.0656215325206273,2.9969134,3.1320934,3.0726159849192243,3.0580525,3.0878866,0.0,0.0,0.0
736,3.0702388808472407,3.001794,3.1367218,3.076796414830681,3.0622132,3.0920877,0.0,0.0,0.0
737,3.0749190716419266,3.006084,3.1420717,3.080976844742134,3.0663738,3.096289,0.0,0.0,0.0
738,3.0787936375261493,3.009769,3.146426,3.08515727465359,3.0705345,3.10049,0.0,0.0,0.0
739,3.0828755836582493,3.0147657,3.14946,3.0893377045650436,3.074695,3.1046913,0.0,0.0,0.0
740,3.087521984170481,3.0190296,3.1538837,3.0935181344764984,3.0788555,3.1088924,0.0,0.0,0.0
741,3.0901741804759912,3.0221963,3.1565454,3.0976985643879527,3.0830162,3.1130936,0.0,0.0,0.0
742,3.093669150471984,3.02597,3.159823,3.101878994299407,3.0871768,3.117295,0.0,0.0,0.0
743,3.096102639089588,3.0282936,3.1621804,3.1060594242108617,3.0913374,3.1214962,0.0,0.0,0.0
744,3.100136002916789,3.0327635,3.1657805,3.1102398541223173,3.095498,3.1256974,0.0,0.0,0.0
745,3.10448606677142,3.0377564,3.169587,3.1144202840337725,3.0996587,3.1298985,0.0,0.0,0.0
746,3.1066229174860407,3.0392342,3.1726217,3.1186007139452268,3.1038194,3.1340997,0.0,0.0,0.0
747,3.1108965920207594,3.0436108,3.1761816,3.1227811438566815,3.10798,3.138301,0.0,0.0,0.0
748,3.114438431514167,3.0471272,3.1801689,3.1269615737681358,3.1121407,3.142502,0.0,0.0,0.0
749,3.120175486382902,3.0532057,3.1859944,3.131142003679591,3.116301,3.1467032,0.0,0.0,0.0
750,3.1261251529869742,3.0584834,3.192673,3.1353224335910452,3.1204617,3.1509047,0.0,0.0,0.0
751,3.1298283662314117,3.0619946,3.196417,3.1395028635025004,3.1246223,3.1551058,0.0,0.0,0.0
752,3.131854468951915,3.0642185,3.1984031,3.143683293413955,3.128783,3.159307,0.0,0.0,0.0
753,3.1342235081177,3.0669339,3.20014,3.1478637233254103,3.1329436,3.1635082,0.0,0.0,0.0
754,3.1380665119589954,3.0708585,3.2045248,3.1520441532368646,3.1371043,3.1677094,0.0,0.0,0.0
755,3.1405105385612386,3.0722456,3.2076967,3.1562245831483193,3.141265,3.1719105,0.0,0.0,0.0
756,3.145059030185432,3.07693,3.212215,3.1604050130597736,3.1454256,3.1761117,0.0,0.0,0.0
757,3.1493280956223133,3.080346,3.2173557,3.164585442971229,3.1495862,3.180313,0.0,0.0,0.0
758,3.1558089715654445,3.0866265,3.2245095,3.168765872882683,3.1537466,3.1845143,0.0,0.0,0.0
759,3.1586456213632537,3.0894547,3.2271962,3.1729463027941374,3.1579072,3.1887155,0.0,0.0,0.0
760,3.1639299754384704,3.09548,3.2318523,3.1771267327055934,3.162068,3.1929166,0.0,0.0,0.0
761,3.1717228474346792,3.1026642,3.2400603,3.1813071626170464,3.1662285,3.1971178,0.0,0.0,0.0
762,3.176957131874639,3.1067967,3.2458532,3.185487592528502,3.1703892,3.201319,0.0,0.0,0.0
763,3.181689739893896,3.1112914,3.2513645,3.1896680224399563,3.1745498,3.2055202,0.0,0.0,0.0
764,3.185579322875414,3.115669,3.2554245,3.193848452351412,3.1787105,3.2097216,0.0,0.0,0.0
765,3.191259907081235,3.122246,3.2598066,3.198028882262866,3.182871,3.2139227,0.0,0.0,0.0
766,3.1936557732308275,3.1247346,3.262127,3.202209312174321,3.1870315,3.218124,0.0,0.0,0.0
767,3.196555928082969,3.1268907,3.2660348,3.2063897420857757,3.1911922,3.222325,0.0,0.0,0.0
768,3.199778291558216,3.1304886,3.2690525,3.2105701719972304,3.1953528,3.2265263,0.0,0.0,0.0
769,3.2023212430325905,3.1326447,3.2720735,3.2147506019086856,3.1995134,3.2307274,0.0,0.0,0.0
770,3.205653278927581,3.1350584,3.2759647,3.2189310318201403,3.203674,3.2349286,0.0,0.0,0.0
771,3.2109126795711935,3.1407113,3.2814906,3.223111461731594,3.2078347,3.2391298,0.0,0.0,0.0
772,3.2164705100785613,3.1468308,3.2860916,3.227291891643049,3.2119954,3.2433312,0.0,0.0,0.0
773,3.219622979554913,3.1501198,3.2888856,3.231472321554504,3.216156,3.2475324,0.0,0.0,0.0
774,3.223161152980778,3.1533175,3.292515,3.235652751465958,3.2203166,3.2517335,0.0,0.0,0.0
775,3.2273542748070563,3.1573596,3.2970781,3.239833181377414,3.224477,3.2559347,0.0,0.0,0.0
776,3.2296745533389255,3.1600332,3.2993894,3.2440136112888682,3.2286377,3.260136,0.0,0.0,0.0
777,3.2327733359999784,3.1633475,3.302221,3.248194041200323,3.2327983,3.264337,0.0,0.0,0.0
778,3.2363492410564083,3.165589,3.306721,3.252374471111778,3.236959,3.2685382,0.0,0.0,0.0
779,3.241253731310645,3.171119,3.3116426,3.256554901023232,3.2411196,3.2727396,0.0,0.0,0.0
780,3.244159650430421,3.1746182,3.314101,3.260735330934687,3.2452803,3.2769408,0.0,0.0,0.0
781,3.249666354901022,3.1796122,3.3197277,3.264915760846142,3.249441,3.281142,0.0,0.0,0.0
782,3.2542472455615443,3.1836238,3.3250935,3.269096190757596,3.2536016,3.2853432,0.0,0.0,0.0
783,3.257821882599818,3.1868472,3.3286529,3.2732766206690513,3.2577622,3.2895443,0.0,0.0,0.0
784,3.2665089277606256,3.1941743,3.3388493,3.277457050580506,3.2619226,3.2937455,0.0,0.0,0.0
785,3.2704430447569175,3.198875,3.3425,3.2816374804919612,3.2660832,3.2979467,0.0,0.0,0.0
786,3.2756185875116364,3.2027175,3.348699,3.285817910403415,3.270244,3.3021479,0.0,0.0,0.0
787,3.278340518789442,3.2054956,3.3512018,3.2899983403148707,3.2744045,3.3063493,0.0,0.0,0.0
788,3.281903632811482,3.2087605,3.355192,3.2941787702263254,3.2785652,3.3105505,0.0,0.0,0.0
789,3.2890547032798483,3.217268,3.3614016,3.2983592001377793,3.2827258,3.3147516,0.0,0.0,0.0
790,3.29428734484778,3.222057,3.3665147,3.302539630049236,3.2868865,3.3189528,0.0,0.0,0.0
791,3.300561409925735,3.2271543,3.373526,3.3067200599606896,3.291047,3.323154,0.0,0.0,0.0
792,3.30519660846363,3.2327642,3.3768194,3.310900489872145,3.2952077,3.3273551,0.0,0.0,0.0
793,3.3102562340114488,3.2373912,3.3816116,3.315080919783599,3.2993681,3.3315563,0.0,0.0,0.0
794,3.314836316775554,3.2419055,3.3862023,3.319261349695054,3.3035288,3.3357577,0.0,0.0,0.0
795,3.3198632282685026,3.246766,3.3927066,3.3234417796065077,3.3076894,3.339959,0.0,0.0,0.0
796,3.323318707744377,3.2513149,3.395089,3.3276222095179633,3.31185,3.34416,0.0,0.0,0.0
797,3.329534076771478,3.2575793,3.4015334,3.331802639429417,3.3160107,3.3483613,0.0,0.0,0.0
798,3.3339669206972102,3.2633018,3.405074,3.3359830693408727,3.3201714,3.3525624,0.0,0.0,0.0
799,3.339286450378561,3.2690697,3.4103353,3.3401634992523275,3.324332,3.3567636,0.0,0.0,0.0
800,3.3457309387791496,3.2756283,3.4166737,3.3443439291637826,3.3284926,3.3609648,0.0,0.0,0.0
801,3.3499027530327115,3.2802992,3.420426,3.348524359075237,3.3326533,3.365166,0.0,0.0,0.0
802,3.352318892162794,3.2830086,3.4230685,3.3527047889866908,3.3368137,3.3693674,0.0,0.0,0.0
803,3.3549569507139454,3.285853,3.4251988,3.3568852188981455,3.3409743,3.3735685,0.0,0.0,0.0
804,3.3596974731187905,3.2904255,3.4295464,3.3610656488096,3.345135,3.3777697,0.0,0.0,0.0
805,3.3630057976248344,3.293282,3.433726,3.365246078721056,3.3492956,3.381971,0.0,0.0,0.0
806,3.366302760251202,3.2966986,3.4364653,3.3694265086325106,3.3534563,3.386172,0.0,0.0,0.0
807,3.3696124308515483,3.2999923,3.4403465,3.373606938543965,3.357617,3.3903732,0.0,0.0,0.0
808,3.3736442801583317,3.3032486,3.4457352,3.377787368455419,3.3617775,3.3945744,0.0,0.0,0.0
809,3.376509615881145,3.3051438,3.4496212,3.3819677983668748,3.3659382,3.3987758,0.0,0.0,0.0
810,3.38212741306018,3.311446,3.4549172,3.386148228278329,3.3700988,3.402977,0.0,0.0,0.0
811,3.3862878162188577,3.314629,3.458992,3.3903286581897842,3.3742592,3.4071782,0.0,0.0,0.0
812,3.389602494275901,3.3181324,3.4626472,3.3945090881012376,3.3784199,3.4113793,0.0,0.0,0.0
813,3.394284387428305,3.3217103,3.4676254,3.398689518012694,3.3825805,3.4155805,0.0,0.0,0.0
814,3.3976888768032745,3.3249927,3.4713843,3.4028699479241484,3.3867412,3.4197817,0.0,0.0,0.0
815,3.401649397671838,3.3287551,3.4762628,3.4070503778356027,3.3909018,3.4239829,0.0,0.0,0.0
816,3.4036105295483567,3.330559,3.4783866,3.411230807747057,3.3950624,3.428184,0.0,0.0,0.0
817,3.4067160746188865,3.333144,3.481046,3.4154112376585113,3.399223,3.4323854,0.0,0.0,0.0
818,3.410703273973775,3.3380294,3.4847863,3.4195916675699665,3.4033837,3.4365866,0.0,0.0,0.0
819,3.4171045303574754,3.3448908,3.4906917,3.4237720974814208,3.4075444,3.4407878,0.0,0.0,0.0
820,3.422971627210501,3.3499362,3.4970334,3.427952527392877,3.4117048,3.444989,0.0,0.0,0.0
821,3.4264166287037288,3.3530865,3.5003872,3.432132957304331,3.4158654,3.4491901,0.0,0.0,0.0
822,3.4314005390487425,3.358423,3.5049663,3.4363133872157863,3.420026,3.4533913,0.0,0.0,0.0
823,3.43936317207149,3.3654592,3.5130725,3.4404938171272406,3.4241867,3.4575925,0.0,0.0,0.0
824,3.445695466337303,3.3716993,3.5190003,3.444674247038696,3.4283473,3.461794,0.0,0.0,0.0
825,3.4514439979857765,3.376962,3.5251195,3.448854676950149,3.432508,3.465995,0.0,0.0,0.0
826,3.4562579740037034,3.3828804,3.5290048,3.4530351068616043,3.4366686,3.4701962,0.0,0.0,0.0
827,3.4624089063852215,3.3893654,3.5354142,3.45721553677306,3.4408293,3.4743974,0.0,0.0,0.0
828,3.4638109025985115,3.3909354,3.5369558,3.4613959666845138,3.44499,3.4785986,0.0,0.0,0.0
829,3.4671903934296724,3.3952458,3.539724,3.4655763965959703,3.4491503,3.4827998,0.0,0.0,0.0
830,3.472525442114767,3.4007368,3.545101,3.4697568265074237,3.453311,3.487001,0.0,0.0,0.0
831,3.476091999694765,3.4031444,3.549074,3.473937256418879,3.4574716,3.491202,0.0,0.0,0.0
832,3.47864856215226,3.405145,3.5519385,3.4781176863303336,3.4616323,3.4954035,0.0,0.0,0.0
833,3.4815745444692436,3.4071822,3.5557377,3.4822981162417874,3.465793,3.4996047,0.0,0.0,0.0
834,3.48738278857505,3.4125419,3.561651,3.4864785461532417,3.4699535,3.5038059,0.0,0.0,0.0
835,3.489968709254088,3.415322,3.5640478,3.4906589760646978,3.4741142,3.508007,0.0,0.0,0.0
836,3.496403074994243,3.4225829,3.569896,3.4948394059761516,3.4782748,3.5122082,0.0,0.0,0.0
837,3.499873842474453,3.426942,3.5729392,3.499019835887607,3.4824355,3.5164094,0.0,0.0,0.0
838,3.504987859797214,3.4310908,3.5781271,3.5032002657990615,3.4865959,3.5206106,0.0,0.0,0.0
839,3.50888341088208,3.4352536,3.5823894,3.5073806957105162,3.4907565,3.524812,0.0,0.0,0.0
840,3.5141266820875567,3.440089,3.5875463,3.5115611256219696,3.4949172,3.5290132,0.0,0.0,0.0
841,3.5157367501903543,3.4413745,3.5896935,3.515741555533425,3.4990778,3.5332143,0.0,0.0,0.0
842,3.5193114737279445,3.4443288,3.5943484,3.5199219854448796,3.5032384,3.5374155,0.0,0.0,0.0
843,3.5248397791546675,3.4504552,3.5990386,3.5241024153563356,3.507399,3.5416167,0.0,0.0,0.0
844,3.526272199655858,3.4514232,3.600943,3.5282828452677903,3.5115597,3.5458179,0.0,0.0,0.0
845,3.529910270761316,3.4546,3.604528,3.532463275179244,3.5157204,3.550019,0.0,0.0,0.0
846,3.5303400726350964,3.4550886,3.6047916,3.536643705090699,3.519881,3.5542204,0.0,0.0,0.0
847,3.5345249767753932,3.4601226,3.6085663,3.540824135002154,3.5240414,3.5584216,0.0,0.0,0.0
848,3.5389796702566363,3.4650338,3.6125634,3.545004564913609,3.528202,3.5626228,0.0,0.0,0.0
849,3.5440804984669545,3.469989,3.6174943,3.5491849948250622,3.5323627,3.566824,0.0,0.0,0.0
850,3.5468343530218736,3.4724674,3.62056,3.5533654247365183,3.5365233,3.5710251,0.0,0.0,0.0
851,3.5509877880657204,3.4763098,3.6247077,3.557545854647972,3.540684,3.5752263,0.0,0.0,0.0
852,3.5540651971303694,3.4790747,3.628232,3.5617262845594277,3.5448446,3.5794275,0.0,0.0,0.0
853,3.557655008295951,3.4830277,3.631575,3.5659067144708825,3.5490053,3.5836287,0.0,0.0,0.0
854,3.5654462482162272,3.4907653,3.6397376,3.570087144382336,3.553166,3.58783,0.0,0.0,0.0
855,3.570311467727083,3.494387,3.6455073,3.5742675742937915,3.5573266,3.5920312,0.0,0.0,0.0
856,3.5730591174554602,3.4966753,3.6487663,3.5784480042052462,3.561487,3.5962324,0.0,0.0,0.0
857,3.5759416559094914,3.4998662,3.6509254,3.5826284341167014,3.5656476,3.6004336,0.0,0.0,0.0
858,3.5798913882662435,3.5035584,3.6554866,3.5868088640281566,3.5698082,3.6046348,0.0,0.0,0.0
859,3.5843067335443948,3.5095465,3.658422,3.5909892939396117,3.573969,3.608836,0.0,0.0,0.0
860,3.587594505167454,3.5119421,3.6622171,3.595169723851066,3.5781295,3.613037,0.0,0.0,0.0
861,3.591565158065108,3.5157816,3.6666899,3.5993501537625208,3.5822902,3.6172385,0.0,0.0,0.0
862,3.598956030277161,3.5227926,3.6742027,3.6035305836739755,3.5864508,3.6214397,0.0,0.0,0.0
863,3.6033185702575983,3.5265822,3.679145,3.60771101358543,3.5906115,3.6256409,0.0,0.0,0.0
864,3.6085644243301807,3.530961,3.6848493,3.611891443496884,3.594772,3.629842,0.0,0.0,0.0
865,3.6103515057753475,3.532061,3.6876376,3.616071873408339,3.5989325,3.6340432,0.0,0.0,0.0
866,3.6132751072831284,3.5345323,3.6906333,3.6202523033197944,3.6030931,3.6382444,0.0,0.0,0.0
867,3.6168873919384366,3.5372868,3.6942956,3.6244327332312496,3.6072538,3.6424456,0.0,0.0,0.0
868,3.620952871155717,3.5416868,3.6990066,3.628613163142704,3.6114144,3.6466467,0.0,0.0,0.0
869,3.624727122965212,3.545238,3.7032104,3.632793593054158,3.615575,3.6508482,0.0,0.0,0.0
870,3.6337227942140684,3.5528324,3.713475,3.6369740229656125,3.6197357,3.6550493,0.0,0.0,0.0
871,3.6409850743130985,3.5594964,3.720703,3.6411544528770676,3.6238964,3.6592505,0.0,0.0,0.0
872,3.6443800404167264,3.5638514,3.7238295,3.6453348827885224,3.628057,3.6634517,0.0,0.0,0.0
873,3.647794633440959,3.5677161,3.727128,3.649515312699977,3.6322176,3.6676528,0.0,0.0,0.0
874,3.6538627566384627,3.5735056,3.7332945,3.6536957426114323,3.636378,3.671854,0.0,0.0,0.0
875,3.658894183286008,3.5785334,3.7391498,3.657876172522887,3.6405387,3.6760552,0.0,0.0,0.0
876,3.6617190284892525,3.580981,3.7420444,3.662056602434341,3.6446993,3.6802566,0.0,0.0,0.0
877,3.664528374993289,3.5838082,3.7439141,3.666237032345796,3.64886,3.6844578,0.0,0.0,0.0
878,3.6695517541019305,3.5875359,3.7497108,3.670417462257251,3.6530206,3.688659,0.0,0.0,0.0
879,3.6743878679936732,3.5914712,3.7563264,3.6745978921687046,3.6571813,3.6928601,0.0,0.0,0.0
880,3.6777750682524175,3.5946016,3.759023,3.67877832208016,3.661342,3.6970613,0.0,0.0,0.0
881,3.6786158093801276,3.595107,3.760095,3.682958751991615,3.6655025,3.7012625,0.0,0.0,0.0
882,3.6860980940092936,3.6018856,3.7676668,3.68713918190307,3.6696632,3.7054636,0.0,0.0,0.0
883,3.693623021352185,3.6093004,3.775607,3.691319611814524,3.6738236,3.7096648,0.0,0.0,0.0
884,3.701292475679096,3.6170135,3.7829444,3.695500041725978,3.6779842,3.7138662,0.0,0.0,0.0
885,3.7081765673442137,3.624291,3.7889016,3.699680471637433,3.6821449,3.7180674,0.0,0.0,0.0
886,3.7107887551597627,3.6262574,3.7921183,3.7038609015488873,3.6863055,3.7222686,0.0,0.0,0.0
887,3.7160295206272327,3.6318095,3.7975821,3.7080413314603433,3.6904662,3.7264698,0.0,0.0,0.0
888,3.7202432761696618,3.6345692,3.8022933,3.7122217613717985,3.6946268,3.730671,0.0,0.0,0.0
889,3.7259319918886247,3.6381838,3.809729,3.716402191283253,3.6987875,3.734872,0.0,0.0,0.0
890,3.730177825874409,3.6425161,3.8144758,3.720582621194707,3.702948,3.7390733,0.0,0.0,0.0
891,3.7359906843451016,3.6481779,3.821464,3.724763051106163,3.7071087,3.7432747,0.0,0.0,0.0
892,3.7421955209007547,3.6542485,3.8280077,3.7289434810176174,3.7112691,3.7474759,0.0,0.0,0.0
893,3.747039927084731,3.6592638,3.8316839,3.733123910929072,3.7154298,3.751677,0.0,0.0,0.0
894,3.7499815724237338,3.6627896,3.8348947,3.737304340840525,3.7195904,3.7558782,0.0,0.0,0.0
895,3.7542323776135897,3.666457,3.839288,3.7414847707519816,3.723751,3.7600794,0.0,0.0,0.0
896,3.757052481298211,3.6685188,3.8436537,3.7456652006634363,3.7279117,3.7642806,0.0,0.0,0.0
897,3.762005486442597,3.6735365,3.8489237,3.74984563057489,3.7320724,3.7684817,0.0,0.0,0.0
898,3.763871281437881,3.6753228,3.8507652,3.754026060486345,3.736233,3.772683,0.0,0.0,0.0
899,3.7678214940006147,3.6776114,3.856155,3.758206490397799,3.7403936,3.7768843,0.0,0.0,0.0
900,3.7702705489435835,3.6801426,3.8585157,3.762386920309255,3.7445543,3.7810855,0.0,0.0,0.0
901,3.7728491803152684,3.6824098,3.8611007,3.7665673502207095,3.7487147,3.7852867,0.0,0.0,0.0
902,3.77440430054034,3.6839209,3.8632588,3.7707477801321643,3.7528753,3.7894878,0.0,0.0,0.0
903,3.781438582108373,3.690652,3.870153,3.774928210043619,3.757036,3.793689,0.0,0.0,0.0
904,3.786710034958779,3.6973934,3.8741632,3.779108639955074,3.7611966,3.7978902,0.0,0.0,0.0
905,3.7914652634931545,3.7015507,3.8796282,3.783289069866528,3.7653573,3.8020914,0.0,0.0,0.0
906,3.797305184976423,3.7072656,3.8857849,3.7874694997779836,3.769518,3.8062928,0.0,0.0,0.0
907,3.7976697057563693,3.7074547,3.8862517,3.791649929689437,3.7736785,3.810494,0.0,0.0,0.0
908,3.8001576000236783,3.7104602,3.8885133,3.7958303596008918,3.7778392,3.8146951,0.0,0.0,0.0
909,3.8059111780786767,3.717563,3.893622,3.8000107895123474,3.7819998,3.8188963,0.0,0.0,0.0
910,3.809460051901698,3.7211037,3.8967826,3.8041912194238012,3.7861602,3.8230975,0.0,0.0,0.0
911,3.8127759815862015,3.7240508,3.9000924,3.808371649335257,3.7903209,3.8272986,0.0,0.0,0.0
912,3.8172257024063057,3.7285361,3.9039006,3.812552079246711,3.7944815,3.8314998,0.0,0.0,0.0
913,3.821139705905729,3.7323775,3.9090452,3.816732509158166,3.7986422,3.835701,0.0,0.0,0.0
914,3.825624768043584,3.7367187,3.9133658,3.82091293906962,3.8028028,3.8399024,0.0,0.0,0.0
915,3.8303197341265096,3.7407303,3.91907,3.825093368981075,3.8069634,3.8441036,0.0,0.0,0.0
916,3.8347402218817743,3.7453024,3.9235106,3.829273798892529,3.811124,3.8483047,0.0,0.0,0.0
917,3.8390019832552498,3.7490427,3.9292545,3.8334542288039852,3.8152847,3.852506,0.0,0.0,0.0
918,3.84244247292777,3.7521722,3.9320126,3.83763465871544,3.8194454,3.856707,0.0,0.0,0.0
919,3.8446694925604823,3.754247,3.93408,3.841815088626894,3.8236058,3.8609083,0.0,0.0,0.0
920,3.8476111895350202,3.7570143,3.9375553,3.845995518538349,3.8277664,3.8651094,0.0,0.0,0.0
921,3.8514921345521262,3.7603292,3.9425728,3.850175948449804,3.831927,3.8693109,0.0,0.0,0.0
922,3.853233510060629,3.7621005,3.9439476,3.854356378361259,3.8360877,3.873512,0.0,0.0,0.0
923,3.857861147391524,3.7661786,3.948944,3.8585368082727123,3.8402483,3.8777132,0.0,0.0,0.0
924,3.8621366836465114,3.7700899,3.9538357,3.862717238184168,3.844409,3.8819144,0.0,0.0,0.0
925,3.864790480567859,3.772303,3.9569464,3.866897668095623,3.8485696,3.8861156,0.0,0.0,0.0
926,3.866580210678928,3.7735486,3.958585,3.871078098007078,3.8527303,3.8903167,0.0,0.0,0.0
927,3.8713193278693216,3.7783523,3.962536,3.8752585279185325,3.856891,3.894518,0.0,0.0,0.0
928,3.874749330918489,3.7804933,3.967146,3.8794389578299873,3.8610513,3.8987193,0.0,0.0,0.0
929,3.8786050441938458,3.7856538,3.9702363,3.883619387741442,3.865212,3.9029205,0.0,0.0,0.0
930,3.885003945851,3.791682,3.976655,3.8877998176528967,3.8693726,3.9071217,0.0,0.0,0.0
931,3.8895657087786604,3.7971723,3.9806716,3.891980247564352,3.8735332,3.9113228,0.0,0.0,0.0
932,3.8953332141839487,3.8033476,3.9865963,3.896160677475806,3.877694,3.915524,0.0,0.0,0.0
933,3.89825586681834,3.8065345,3.9892225,3.9003411073872605,3.8818545,3.9197252,0.0,0.0,0.0
934,3.9001104636824295,3.8081205,3.9913192,3.9045215372987156,3.8860152,3.9239264,0.0,0.0,0.0
935,3.903969833004461,3.8121853,3.9954019,3.90870196721017,3.8901758,3.9281275,0.0,0.0,0.0
936,3.9053544547202383,3.813527,3.9962893,3.9128823971216256,3.8943365,3.932329,0.0,0.0,0.0
937,3.907306849530301,3.8166597,3.9972749,3.9170628270330794,3.8984969,3.93653,0.0,0.0,0.0
938,3.9121462525021538,3.8222847,4.001596,3.921243256944535,3.9026575,3.9407313,0.0,0.0,0.0
939,3.9178187410931975,3.8281884,4.007085,3.925423686855989,3.9068182,3.9449325,0.0,0.0,0.0
940,3.9223127118490413,3.8323624,4.0112777,3.929604116767444,3.9109788,3.9491336,0.0,0.0,0.0
941,3.9238106781837234,3.833331,4.013554,3.9337845466788988,3.9151394,3.9533348,0.0,0.0,0.0
942,3.92867649583596,3.8372312,4.0194955,3.937964976590353,3.9193,3.957536,0.0,0.0,0.0
943,3.9309793861232323,3.840459,4.0208583,3.9421454065018082,3.9234607,3.9617374,0.0,0.0,0.0
944,3.9341807230244896,3.8435183,4.024442,3.9463258364132625,3.9276214,3.9659386,0.0,0.0,0.0
945,3.9378618256177664,3.8457086,4.02925,3.9505062663247172,3.931782,3.9701397,0.0,0.0,0.0
946,3.9465541189510116,3.853768,4.0390105,3.954686696236172,3.9359424,3.974341,0.0,0.0,0.0
947,3.949634880853538,3.8566387,4.0425854,3.958867126147628,3.940103,3.978542,0.0,0.0,0.0
948,3.9554264903245775,3.862455,4.048104,3.9630475560590805,3.9442637,3.9827433,0.0,0.0,0.0
949,3.959487967973432,3.8666039,4.052581,3.9672279859705366,3.9484243,3.9869444,0.0,0.0,0.0
950,3.966887214217258,3.8739731,4.0598936,3.9714084158819905,3.952585,3.9911456,0.0,0.0,0.0
951,3.9712795528030775,3.8784027,4.0646014,3.975588845793446,3.9567456,3.995347,0.0,0.0,0.0
952,3.9754132271937865,3.8816628,4.069528,3.9797692757049004,3.9609063,3.9995482,0.0,0.0,0.0
953,3.9830294858750523,3.8886032,4.0788097,3.983949705616354,3.965067,4.0037494,0.0,0.0,0.0
954,3.986993933544867,3.8923264,4.082963,3.9881301355278094,3.9692276,4.007951,0.0,0.0,0.0
955,3.993314794561841,3.898119,4.0885253,3.9923105654392637,3.973388,4.012152,0.0,0.0,0.0
956,3.99600855698815,3.9004283,4.0912914,3.99649099535072,3.9775486,4.016353,0.0,0.0,0.0
957,3.998915583044748,3.903665,4.093986,4.0006714252621745,3.9817092,4.0205545,0.0,0.0,0.0
958,4.0012169643328015,3.9066548,4.095414,4.004851855173629,3.98587,4.0247555,0.0,0.0,0.0
959,4.00480917041499,3.9111795,4.098171,4.009032285085083,3.9900305,4.028957,0.0,0.0,0.0
960,4.012063247046241,3.917729,4.10556,4.013212714996538,3.9941912,4.033158,0.0,0.0,0.0
961,4.020309215389991,3.9248133,4.1149354,4.0173931449079925,3.9983518,4.037359,0.0,0.0,0.0
962,4.025114182966438,3.931598,4.1182423,4.021573574819447,4.002512,4.0415606,0.0,0.0,0.0
963,4.029070850726949,3.9362645,4.1210666,4.025754004730903,4.006673,4.0457616,0.0,0.0,0.0
964,4.033391506930308,3.9409647,4.125195,4.0299344346423585,4.0108333,4.049963,0.0,0.0,0.0
965,4.036415691315576,3.94466,4.127626,4.034114864553812,4.014994,4.054164,0.0,0.0,0.0
966,4.042333369159815,3.9508274,4.1333046,4.038295294465267,4.0191545,4.0583653,0.0,0.0,0.0
967,4.045579130370198,3.954403,4.136353,4.042475724376721,4.0233154,4.0625663,0.0,0.0,0.0
968,4.050955379592825,3.9590938,4.142002,4.046656154288176,4.027476,4.0667677,0.0,0.0,0.0
969,4.056834044283263,3.9646945,4.148436,4.050836584199631,4.031636,4.070969,0.0,0.0,0.0
970,4.062767313683363,3.9697123,4.1551805,4.055017014111085,4.035797,4.07517,0.0,0.0,0.0
971,4.0651168123847885,3.9709194,4.158506,4.059197444022541,4.0399575,4.0793715,0.0,0.0,0.0
972,4.066947153783265,3.9723732,4.1604657,4.0633778739339945,4.0441184,4.0835724,0.0,0.0,0.0
973,4.069770786696814,3.975256,4.16337,4.067558303845449,4.048279,4.087774,0.0,0.0,0.0
974,4.073766131239088,3.979143,4.167379,4.071738733756904,4.0524397,4.0919747,0.0,0.0,0.0
975,4.079155348647299,3.985045,4.1717744,4.07591916366836,4.0566,4.096176,0.0,0.0,0.0
976,4.082995011944109,3.9879012,4.176649,4.080099593579813,4.060761,4.100377,0.0,0.0,0.0
977,4.089016317857708,3.9928846,4.1839643,4.084280023491268,4.0649214,4.1045785,0.0,0.0,0.0
978,4.090941414647973,3.9943364,4.186283,4.088460453402724,4.069082,4.10878,0.0,0.0,0.0
979,4.095784944807181,3.9991307,4.1916666,4.092640883314178,4.0732427,4.112981,0.0,0.0,0.0
980,4.101263038935223,4.0039687,4.1983476,4.096821313225634,4.077403,4.1171823,0.0,0.0,0.0
981,4.1038637713783945,4.005983,4.200967,4.101001743137087,4.081564,4.121383,0.0,0.0,0.0
982,4.106652256250866,4.0089746,4.2032976,4.105182173048542,4.0857244,4.1255846,0.0,0.0,0.0
983,4.111806355752068,4.014767,4.2075033,4.109362602959997,4.089885,4.1297855,0.0,0.0,0.0
984,4.1154504641922305,4.018494,4.2106495,4.113543032871451,4.0940456,4.133987,0.0,0.0,0.0
985,4.116257620871462,4.019365,4.2113466,4.117723462782907,4.0982065,4.1381884,0.0,0.0,0.0
986,4.119893400914262,4.022277,4.215817,4.121903892694362,4.102367,4.1423893,0.0,0.0,0.0
987,4.123298033467702,4.024923,4.2204523,4.126084322605816,4.1065273,4.1465907,0.0,0.0,0.0
988,4.131323960091009,4.0345893,4.227927,4.130264752517271,4.110688,4.1507916,0.0,0.0,0.0
989,4.133225495521663,4.0364,4.229863,4.134445182428724,4.1148486,4.154993,0.0,0.0,0.0
990,4.13853403331593,4.0419827,4.235674,4.13862561234018,4.1190095,4.159194,0.0,0.0,0.0
991,4.144065154198555,4.0475235,4.2408433,4.142806042251634,4.12317,4.1633954,0.0,0.0,0.0
992,4.147567823558142,4.05181,4.243353,4.146986472163088,4.127331,4.167597,0.0,0.0,0.0
993,4.150091125953264,4.0552235,4.2454057,4.151166902074544,4.131491,4.1717978,0.0,0.0,0.0
994,4.154709035447488,4.0582566,4.251173,4.1553473319859995,4.135652,4.175999,0.0,0.0,0.0
995,4.159853961893907,4.0631094,4.2567153,4.159527761897454,4.1398125,4.1802,0.0,0.0,0.0
996,4.165060676848469,4.068669,4.261594,4.163708191808907,4.143973,4.1844015,0.0,0.0,0.0
997,4.169841578038314,4.073726,4.266669,4.167888621720364,4.1481338,4.1886024,0.0,0.0,0.0
998,4.17402350972027,4.0772486,4.2706976,4.172069051631818,4.152294,4.192804,0.0,0.0,0.0
999,4.178617421289487,4.0813475,4.2758293,4.176249481543274,4.156455,4.1970053,0.0,0.0,0.0
1000,4.181026460540659,4.0838594,4.2782674,4.180429911454728,4.1606154,4.201206,0.0,0.0,0.0
1001,4.183195918031049,4.0861793,4.280685,4.184610341366183,4.1647763,4.2054076,0.0,0.0,0.0
1002,4.186023654214687,4.088049,4.284125,4.188790771277636,4.1689367,4.2096086,0.0,0.0,0.0
1003,4.190025794976346,4.0930653,4.2871675,4.192971201189092,4.1730976,4.21381,0.0,0.0,0.0
1004,4.192664018888782,4.0959606,4.2895794,4.197151631100547,4.177258,4.218011,0.0,0.0,0.0
1005,4.195486618829146,4.0989914,4.2924304,4.201332061012001,4.1814184,4.2222123,0.0,0.0,0.0
1006,4.1993852955341255,4.103943,4.295447,4.2055124909234545,4.1855793,4.2264132,0.0,0.0,0.0
1007,4.205994502971737,4.110635,4.3014774,4.20969292083491,4.1897397,4.2306147,0.0,0.0,0.0
1008,4.208697826535566,4.1139555,4.3038254,4.213873350746366,4.1939006,4.234816,0.0,0.0,0.0
1009,4.211617530514672,4.1177154,4.3062015,4.21805378065782,4.198061,4.239017,0.0,0.0,0.0
1010,4.216069377263554,4.1217823,4.3102202,4.222234210569275,4.202222,4.2432184,0.0,0.0,0.0
1011,4.218736815449015,4.1251173,4.3132367,4.22641464048073,4.2063823,4.2474194,0.0,0.0,0.0
1012,4.221697423467645,4.127441,4.3166795,4.230595070392185,4.210543,4.251621,0.0,0.0,0.0
1013,4.22568675982954,4.130677,4.3213143,4.2347755003036385,4.2147036,4.2558217,0.0,0.0,0.0
1014,4.229737398152276,4.1341586,4.325813,4.238955930215093,4.218864,4.260023,0.0,0.0,0.0
1015,4.236831827803159,4.1402855,4.333377,4.243136360126548,4.223025,4.2642245,0.0,0.0,0.0
1016,4.2396569815015654,4.1429586,4.3367577,4.2473167900380036,4.2271852,4.2684255,0.0,0.0,0.0
1017,4.243531958831783,4.147037,4.3403335,4.251497219949458,4.231346,4.272627,0.0,0.0,0.0
1018,4.245118504895528,4.1491337,4.341528,4.255677649860913,4.2355065,4.276828,0.0,0.0,0.0
1019,4.247821206002175,4.1519456,4.3442483,4.259858079772366,4.2396674,4.281029,0.0,0.0,0.0
1020,4.250398255645155,4.15383,4.3472624,4.2640385096838225,4.243828,4.28523,0.0,0.0,0.0
1021,4.256405444360362,4.1593847,4.3540716,4.268218939595275,4.2479887,4.2894316,0.0,0.0,0.0
1022,4.259945878135645,4.163472,4.357251,4.272399369506731,4.252149,4.293633,0.0,0.0,0.0
1023,4.265149277642414,4.1698375,4.3612933,4.276579799418186,4.2563095,4.297834,0.0,0.0,0.0
1024,4.269264204071626,4.1741214,4.365026,4.2807602293296405,4.2604704,4.3020353,0.0,0.0,0.0
1025,4.273420772620764,4.1777496,4.3691945,4.284940659241096,4.264631,4.3062363,0.0,0.0,0.0
1026,4.27737860100395,4.182001,4.3737426,4.28912108915255,4.2687917,4.3104377,0.0,0.0,0.0
1027,4.281336034013665,4.185522,4.3774815,4.293301519064005,4.272952,4.3146386,0.0,0.0,0.0
1028,4.28556429606562,4.189846,4.381362,4.297481948975459,4.277113,4.31884,0.0,0.0,0.0
1029,4.2879807645521035,4.192807,4.3833957,4.301662378886915,4.2812734,4.3230414,0.0,0.0,0.0
1030,4.291987146870105,4.196366,4.387102,4.30584280879837,4.2854342,4.3272424,0.0,0.0,0.0
1031,4.294351486760281,4.1981235,4.3901615,4.310023238709825,4.2895947,4.331444,0.0,0.0,0.0
1032,4.297025243630831,4.200991,4.392649,4.314203668621279,4.293755,4.3356447,0.0,0.0,0.0
1033,4.302281978258928,4.206351,4.397748,4.318384098532735,4.297916,4.339846,0.0,0.0,0.0
1034,4.308565355304501,4.2138715,4.4030356,4.322564528444189,4.3020763,4.344047,0.0,0.0,0.0
1035,4.314789821471676,4.2213855,4.408632,4.3267449583556425,4.306237,4.3482485,0.0,0.0,0.0
1036,4.321200436759772,4.228646,4.4149547,4.330925388267096,4.3103976,4.3524494,0.0,0.0,0.0
1037,4.3260990528781855,4.232711,4.4210076,4.335105818178552,4.3145585,4.356651,0.0,0.0,0.0
1038,4.328388901016315,4.234369,4.423144,4.339286248090008,4.318719,4.3608522,0.0,0.0,0.0
1039,4.332855230251905,4.2397175,4.427005,4.343466678001462,4.32288,4.365053,0.0,0.0,0.0
1040,4.3359752104727916,4.243569,4.4296966,4.347647107912918,4.32704,4.3692546,0.0,0.0,0.0
1041,4.339777608938836,4.2466235,4.433305,4.351827537824372,4.3312006,4.3734555,0.0,0.0,0.0
1042,4.343692266522646,4.2507515,4.4375234,4.356007967735826,4.3353615,4.377657,0.0,0.0,0.0
1043,4.348268675105007,4.255493,4.4417644,4.36018839764728,4.339522,4.381858,0.0,0.0,0.0
1044,4.353999196464075,4.261904,4.446357,4.364368827558735,4.343683,4.3860593,0.0,0.0,0.0
1045,4.357020624502832,4.2653265,4.449063,4.36854925747019,4.347843,4.3902607,0.0,0.0,0.0
1046,4.362001128180574,4.2698703,4.4538217,4.3727296873816455,4.352004,4.3944616,0.0,0.0,0.0
1047,4.366492250200088,4.2739167,4.4589806,4.376910117293099,4.3561645,4.398663,0.0,0.0,0.0
1048,4.371093623772054,4.277724,4.4649115,4.381090547204554,4.3603253,4.402864,0.0,0.0,0.0
1049,4.3746512509889675,4.280567,4.4694266,4.38527097711601,4.3644857,4.4070654,0.0,0.0,0.0
1050,4.3806834524624865,4.2851825,4.476557,4.389451407027463,4.368646,4.4112663,0.0,0.0,0.0
1051,4.383075588829467,4.287505,4.4794803,4.393631836938918,4.372807,4.4154677,0.0,0.0,0.0
1052,4.3866129832059295,4.290928,4.483825,4.397812266850374,4.3769674,4.419669,0.0,0.0,0.0
1053,4.395700048312756,4.2986026,4.493505,4.401992696761828,4.3811283,4.42387,0.0,0.0,0.0
1054,4.396999009828677,4.300144,4.4951777,4.406173126673283,4.3852887,4.4280715,0.0,0.0,0.0
1055,4.402673037823886,4.306158,4.5010147,4.410353556584738,4.3894496,4.4322724,0.0,0.0,0.0
1056,4.407586154888591,4.3103848,4.5056763,4.414533986496193,4.39361,4.436474,0.0,0.0,0.0
1057,4.409437577092138,4.311884,4.5081315,4.4187144164076475,4.397771,4.440675,0.0,0.0,0.0
1058,4.411924344449733,4.3139825,4.511222,4.4228948463191,4.4019313,4.444876,0.0,0.0,0.0
1059,4.417224754858269,4.319413,4.5162163,4.427075276230557,4.4060917,4.4490776,0.0,0.0,0.0
1060,4.418787480510198,4.3215356,4.517203,4.431255706142011,4.4102526,4.4532785,0.0,0.0,0.0
1061,4.421983973981776,4.3249407,4.520106,4.4354361360534655,4.414413,4.45748,0.0,0.0,0.0
1062,4.426403209810328,4.3294945,4.525481,4.439616565964921,4.418574,4.461681,0.0,0.0,0.0
1063,4.431805418747158,4.3346205,4.530844,4.443796995876375,4.4227343,4.4658823,0.0,0.0,0.0
1064,4.437074234299199,4.339717,4.5369697,4.447977425787831,4.426895,4.470083,0.0,0.0,0.0
1065,4.440591533322971,4.342875,4.5405354,4.452157855699284,4.4310555,4.4742846,0.0,0.0,0.0
1066,4.444372457826279,4.3468456,4.5437646,4.456338285610739,4.4352164,4.478486,0.0,0.0,0.0
1067,4.449140070487448,4.3516974,4.54902,4.460518715522193,4.439377,4.482687,0.0,0.0,0.0
1068,4.4511109868227585,4.3541446,4.550049,4.4646991454336495,4.443537,4.4868884,0.0,0.0,0.0
1069,4.454841509987987,4.3584,4.5533786,4.468879575345103,4.447698,4.4910893,0.0,0.0,0.0
1070,4.460957736460071,4.3641663,4.5591836,4.473060005256558,4.4518585,4.4952908,0.0,0.0,0.0
1071,4.465635117429902,4.3681564,4.5648694,4.477240435168012,4.4560194,4.4994917,0.0,0.0,0.0
1072,4.469063451434788,4.3709207,4.56897,4.4814208650794685,4.46018,4.503693,0.0,0.0,0.0
1073,4.474423047561273,4.3763485,4.574178,4.485601294990923,4.4643407,4.507894,0.0,0.0,0.0
1074,4.477236371311511,4.378796,4.5773726,4.489781724902377,4.468501,4.5120955,0.0,0.0,0.0
1075,4.480881742059993,4.382808,4.580499,4.493962154813832,4.472662,4.516297,0.0,0.0,0.0
1076,4.484986841799329,4.387565,4.5840406,4.4981425847252865,4.4768224,4.520498,0.0,0.0,0.0
1077,4.488927538827553,4.391525,4.5873733,4.502323014636742,4.480983,4.524699,0.0,0.0,0.0
1078,4.4939850274577475,4.397138,4.592114,4.506503444548197,4.4851437,4.5289,0.0,0.0,0.0
1079,4.49834945619298,4.3999395,4.5975933,4.510683874459651,4.489304,4.5331016,0.0,0.0,0.0
1080,4.504355100858544,4.405822,4.60368,4.514864304371105,4.493465,4.5373025,0.0,0.0,0.0
1081,4.505890389973225,4.4071774,4.605271,4.519044734282559,4.4976254,4.541504,0.0,0.0,0.0
1082,4.509165151177151,4.409643,4.609993,4.523225164194015,4.501786,4.5457053,0.0,0.0,0.0
1083,4.514303611887908,4.4142075,4.615033,4.52740559410547,4.5059466,4.5499063,0.0,0.0,0.0
1084,4.516436495789916,4.4159513,4.6177034,4.5315860240169235,4.5101075,4.5541077,0.0,0.0,0.0
1085,4.521020710284552,4.4220657,4.621309,4.535766453928378,4.514268,4.5583086,0.0,0.0,0.0
1086,4.525824832394554,4.427967,4.624849,4.539946883839834,4.5184283,4.56251,0.0,0.0,0.0
1087,4.530547849456762,4.432879,4.6298394,4.544127313751288,4.522589,4.566711,0.0,0.0,0.0
1088,4.534872245498103,4.4369545,4.63393,4.548307743662744,4.5267496,4.5709124,0.0,0.0,0.0
1089,4.539725444876235,4.4414115,4.640171,4.552488173574199,4.5309105,4.575114,0.0,0.0,0.0
1090,4.544804450130536,4.4471793,4.6445045,4.556668603485653,4.535071,4.5793147,0.0,0.0,0.0
1091,4.5467039670083915,4.449091,4.6463213,4.5608490333971075,4.539232,4.583516,0.0,0.0,0.0
1092,4.551830913262796,4.4553576,4.6503754,4.565029463308563,4.543392,4.587717,0.0,0.0,0.0
1093,4.55509034732434,4.4580913,4.6534395,4.569209893220017,4.5475526,4.5919185,0.0,0.0,0.0
1094,4.5627725623622215,4.464933,4.6622024,4.5733903231314725,4.5517135,4.5961194,0.0,0.0,0.0
1095,4.568399793711355,4.4710193,4.668209,4.577570753042926,4.555874,4.600321,0.0,0.0,0.0
1096,4.573507040333161,4.4766746,4.672718,4.58175118295438,4.5600348,4.604522,0.0,0.0,0.0
1097,4.57706224773373,4.4811907,4.6758184,4.585931612865835,4.564195,4.608723,0.0,0.0,0.0
1098,4.581215401375792,4.4855404,4.6798506,4.590112042777291,4.568356,4.6129246,0.0,0.0,0.0
1099,4.585135175547991,4.4909635,4.683093,4.594292472688745,4.5725164,4.6171255,0.0,0.0,0.0
1100,4.587524416751012,4.49302,4.6856966,4.598472902600201,4.5766773,4.621327,0.0,0.0,0.0
1101,4.593218055500233,4.4970083,4.692379,4.602653332511656,4.5808377,4.625528,0.0,0.0,0.0
1102,4.597250081405809,4.501597,4.6961303,4.6068337624231095,4.584998,4.6297293,0.0,0.0,0.0
1103,4.599199033974584,4.503144,4.697975,4.611014192334565,4.589159,4.63393,0.0,0.0,0.0
1104,4.601355528924941,4.505434,4.7005734,4.615194622246019,4.5933194,4.6381316,0.0,0.0,0.0
1105,4.607035611494587,4.51162,4.7057157,4.619375052157475,4.5974803,4.642333,0.0,0.0,0.0
1106,4.611379578954017,4.515702,4.7107654,4.623555482068928,4.6016407,4.646534,0.0,0.0,0.0
1107,4.616315305280759,4.5196815,4.7169223,4.627735911980384,4.6058016,4.6507354,0.0,0.0,0.0
1108,4.618454202354224,4.5226374,4.7185187,4.631916341891838,4.609962,4.6549363,0.0,0.0,0.0
1109,4.622282071954843,4.5256734,4.722343,4.6360967718032935,4.614123,4.6591377,0.0,0.0,0.0
1110,4.6254806176167795,4.528639,4.7260423,4.640277201714747,4.6182833,4.6633387,0.0,0.0,0.0
1111,4.629710621606654,4.533096,4.7302575,4.644457631626202,4.6224437,4.66754,0.0,0.0,0.0
1112,4.632229383957974,4.5355062,4.732258,4.648638061537656,4.6266046,4.6717415,0.0,0.0,0.0
1113,4.636656479676498,4.540286,4.7364507,4.6528184914491115,4.630765,4.6759424,0.0,0.0,0.0
1114,4.64233909738544,4.5450754,4.7427077,4.656998921360566,4.634926,4.680144,0.0,0.0,0.0
1115,4.645245300148969,4.547482,4.745725,4.661179351272022,4.6390862,4.684345,0.0,0.0,0.0
1116,4.6516947955485595,4.5536413,4.752278,4.665359781183475,4.643247,4.688546,0.0,0.0,0.0
1117,4.657011816544077,4.558927,4.7578764,4.66954021109493,4.6474075,4.692747,0.0,0.0,0.0
1118,4.6588942697186235,4.561478,4.7589893,4.673720641006384,4.6515684,4.6969485,0.0,0.0,0.0
1119,4.664423621439566,4.5681753,4.763213,4.67790107091784,4.655729,4.70115,0.0,0.0,0.0
1120,4.669239374737369,4.572691,4.7683907,4.6820815008292955,4.659889,4.705351,0.0,0.0,0.0
1121,4.670749405021482,4.5745273,4.7698393,4.686261930740749,4.66405,4.7095523,0.0,0.0,0.0
1122,4.676892525176331,4.5803604,4.7771187,4.690442360652204,4.6682105,4.713753,0.0,0.0,0.0
1123,4.680829358045826,4.5848403,4.7803636,4.694622790563659,4.6723714,4.7179546,0.0,0.0,0.0
1124,4.68573343003158,4.590163,4.7846546,4.698803220475114,4.676532,4.7221556,0.0,0.0,0.0
1125,4.690400410530847,4.5948987,4.788603,4.702983650386568,4.6806927,4.726357,0.0,0.0,0.0
1126,4.692563065206717,4.5962014,4.791887,4.707164080298023,4.684853,4.7305584,0.0,0.0,0.0
1127,4.696860974433361,4.600147,4.796146,4.711344510209478,4.689014,4.7347593,0.0,0.0,0.0
1128,4.701931628265485,4.605697,4.800804,4.715524940120932,4.6931744,4.7389607,0.0,0.0,0.0
1129,4.704651932635391,4.608745,4.803287,4.719705370032387,4.697335,4.7431617,0.0,0.0,0.0
1130,4.70660390186183,4.61075,4.805382,4.723885799943842,4.7014956,4.747363,0.0,0.0,0.0
1131,4.710793822913826,4.61428,4.8098283,4.728066229855298,4.705656,4.751564,0.0,0.0,0.0
1132,4.715492574728914,4.6177545,4.815762,4.7322466597667505,4.709817,4.7557654,0.0,0.0,0.0
1133,4.721816901505379,4.6245546,4.82148,4.736427089678206,4.7139773,4.759967,0.0,0.0,0.0
1134,4.726541404479586,4.6286035,4.826331,4.74060751958966,4.718138,4.764168,0.0,0.0,0.0
1135,4.730093330600342,4.6326923,4.829955,4.744787949501116,4.7222986,4.768369,0.0,0.0,0.0
1136,4.732486767698345,4.6359086,4.831885,4.7489683794125686,4.7264595,4.77257,0.0,0.0,0.0
1137,4.737108177271366,4.641565,4.8350224,4.753148809324026,4.73062,4.7767715,0.0,0.0,0.0
1138,4.738308600429153,4.6427097,4.8363523,4.75732923923548,4.7347803,4.7809725,0.0,0.0,0.0
1139,4.742647707560487,4.647286,4.840596,4.7615096691469345,4.738941,4.785174,0.0,0.0,0.0
1140,4.748598898412859,4.652753,4.847697,4.765690099058388,4.7431016,4.789375,0.0,0.0,0.0
1141,4.751322371362795,4.6553245,4.8506265,4.769870528969844,4.7472625,4.7935762,0.0,0.0,0.0
1142,4.754821807211572,4.6589932,4.853711,4.7740509588813,4.751423,4.7977777,0.0,0.0,0.0
1143,4.759334157846159,4.6636806,4.8579445,4.7782313887927526,4.755584,4.8019786,0.0,0.0,0.0
1144,4.76292552354492,4.6668277,4.861801,4.782411818704207,4.759744,4.80618,0.0,0.0,0.0
1145,4.766611782134489,4.6709285,4.865477,4.786592248615664,4.763905,4.810381,0.0,0.0,0.0
1146,4.7703172182484845,4.673698,4.868848,4.7907726785271185,4.7680655,4.8145823,0.0,0.0,0.0
1147,4.775215452846407,4.678879,4.8743124,4.794953108438573,4.772226,4.8187833,0.0,0.0,0.0
1148,4.780187894793573,4.6835885,4.8787975,4.799133538350026,4.7763867,4.8229847,0.0,0.0,0.0
1149,4.784594479323906,4.6883397,4.8828535,4.803313968261482,4.780547,4.827186,0.0,0.0,0.0
1150,4.788728265840019,4.6926622,4.887421,4.807494398172937,4.784708,4.831387,0.0,0.0,0.0
1151,4.79661451490304,4.699955,4.894735,4.81167482808439,4.7888684,4.8355885,0.0,0.0,0.0
1152,4.798710042915086,4.70223,4.8968325,4.815855257995846,4.7930293,4.8397894,0.0,0.0,0.0
1153,4.801268520823753,4.7048473,4.9,4.820035687907301,4.7971897,4.843991,0.0,0.0,0.0
1154,4.803918627478244,4.706991,4.9028044,4.8242161178187555,4.8013506,4.8481917,0.0,0.0,0.0
1155,4.809542550306538,4.712041,4.908271,4.828396547730209,4.805511,4.852393,0.0,0.0,0.0
1156,4.816057611722033,4.718542,4.9148593,4.832576977641664,4.8096714,4.8565946,0.0,0.0,0.0
1157,4.817025278362792,4.719344,4.915681,4.836757407553121,4.8138323,4.8607955,0.0,0.0,0.0
1158,4.822516880693588,4.7244496,4.921664,4.840937837464574,4.8179927,4.864997,0.0,0.0,0.0
1159,4.826393219245104,4.729749,4.925233,4.845118267376028,4.8221536,4.869198,0.0,0.0,0.0
1160,4.829949842337408,4.7329664,4.9291663,4.849298697287482,4.826314,4.8733993,0.0,0.0,0.0
1161,4.8344308776988525,4.7372236,4.9336953,4.853479127198938,4.830475,4.8776,0.0,0.0,0.0
1162,4.838755726104887,4.7406783,4.9386253,4.857659557110393,4.8346353,4.8818016,0.0,0.0,0.0
1163,4.843046335587446,4.744798,4.9432893,4.861839987021848,4.838796,4.886003,0.0,0.0,0.0
1164,4.845839740523843,4.7481813,4.945333,4.866020416933302,4.8429565,4.890204,0.0,0.0,0.0
1165,4.848814828622698,4.7503495,4.948339,4.870200846844757,4.847117,4.8944054,0.0,0.0,0.0
1166,4.853867851847635,4.7556067,4.953639,4.874381276756212,4.851278,4.8986063,0.0,0.0,0.0
1167,4.858586593438362,4.760614,4.9586287,4.878561706667666,4.855438,4.9028077,0.0,0.0,0.0
1168,4.861464225355555,4.762347,4.9622464,4.8827421365791235,4.859599,4.9070086,0.0,0.0,0.0
1169,4.867396159075022,4.7686424,4.967695,4.886922566490576,4.8637595,4.91121,0.0,0.0,0.0
1170,4.873226327651955,4.775168,4.9734592,4.89110299640203,4.8679204,4.915411,0.0,0.0,0.0
1171,4.876353590904287,4.7775702,4.976595,4.895283426313486,4.872081,4.9196124,0.0,0.0,0.0
1172,4.881243475000667,4.7821546,4.982342,4.8994638562249415,4.8762417,4.923814,0.0,0.0,0.0
1173,4.884407100997614,4.785139,4.9855676,4.903644286136396,4.880402,4.9280148,0.0,0.0,0.0
1174,4.8917704358127265,4.7919807,4.9937162,4.90782471604785,4.8845625,4.932216,0.0,0.0,0.0
1175,4.89304857324756,4.7937894,4.9944296,4.912005145959305,4.8887234,4.936417,0.0,0.0,0.0
1176,4.896120399219895,4.7980623,4.997023,4.9161855758707595,4.892884,4.9406185,0.0,0.0,0.0
1177,4.899074318942673,4.8003154,4.9990993,4.920366005782213,4.8970447,4.9448195,0.0,0.0,0.0
1178,4.90041052944906,4.8024464,4.9995885,4.924546435693669,4.901205,4.949021,0.0,0.0,0.0
1179,4.901358788060994,4.80335,5.0009274,4.928726865605124,4.905366,4.9532223,0.0,0.0,0.0
1180,4.904346346727034,4.8062506,5.0042105,4.932907295516578,4.9095263,4.957423,0.0,0.0,0.0
1181,4.9061984423683365,4.808401,5.006139,4.937087725428032,4.913687,4.9616246,0.0,0.0,0.0
1182,4.9084223376665745,4.810135,5.008645,4.941268155339487,4.9178476,4.9658256,0.0,0.0,0.0
1183,4.9122353173740025,4.812641,5.0134597,4.945448585250942,4.922008,4.970027,0.0,0.0,0.0
1184,4.913691014759402,4.814047,5.014444,4.949629015162398,4.926169,4.974228,0.0,0.0,0.0
1185,4.918904493231912,4.819696,5.019796,4.953809445073852,4.9303293,4.9784293,0.0,0.0,0.0
1186,4.924755196889534,4.8255486,5.024853,4.957989874985307,4.93449,4.9826307,0.0,0.0,0.0
1187,4.930587830427675,4.8316,5.0304675,4.962170304896762,4.9386506,4.9868317,0.0,0.0,0.0
1188,4.935849649608742,4.837809,5.035185,4.966350734808217,4.9428115,4.991033,0.0,0.0,0.0
1189,4.939534764356412,4.84155,5.0382166,4.970531164719673,4.946972,4.995234,0.0,0.0,0.0
1190,4.9442472485624664,4.8461776,5.042917,4.974711594631126,4.951133,4.9994354,0.0,0.0,0.0
1191,4.948501788758879,4.8507085,5.046839,4.97889202454258,4.955293,5.0036364,0.0,0.0,0.0
1192,4.954365165218581,4.8560886,5.0531454,4.983072454454034,4.9594536,5.007838,0.0,0.0,0.0
1193,4.958873812814023,4.8607516,5.057533,4.98725288436549,4.9636145,5.012039,0.0,0.0,0.0
1194,4.962658855595362,4.863597,5.0627184,4.991433314276944,4.967775,5.01624,0.0,0.0,0.0
1195,4.968292406987572,4.869018,5.0680304,4.995613744188399,4.9719357,5.0204415,0.0,0.0,0.0
1196,4.970625415244868,4.871496,5.070844,4.999794174099855,4.976096,5.0246425,0.0,0.0,0.0
1197,4.973116947729626,4.8740797,5.0728273,5.003974604011309,4.980257,5.028844,0.0,0.0,0.0
1198,4.9767054413767395,4.87707,5.0764794,5.008155033922763,4.9844174,5.033045,0.0,0.0,0.0
1199,4.980092707874596,4.8802867,5.080072,5.012335463834218,4.9885783,5.037246,0.0,0.0,0.0
1200,4.985376709118623,4.8854694,5.0862093,5.016515893745673,4.9927387,5.041447,0.0,0.0,0.0
1201,4.988993924922874,4.889117,5.089319,5.020696323657126,4.996899,5.0456486,0.0,0.0,0.0
1202,4.9934640193507285,4.893234,5.093902,5.0248767535685825,5.00106,5.04985,0.0,0.0,0.0
1203,4.997318403046432,4.8969216,5.0974307,5.0290571834800355,5.0052204,5.054051,0.0,0.0,0.0
1204,5.004164926149161,4.9028473,5.106292,5.033237613391493,5.0093813,5.0582523,0.0,0.0,0.0
1205,5.009871921339194,4.908898,5.1119876,5.037418043302946,5.0135417,5.0624533,0.0,0.0,0.0
1206,5.015214278020289,4.914508,5.116271,5.0415984732144015,5.0177026,5.0666547,0.0,0.0,0.0
1207,5.0181215341434,4.9179,5.119009,5.045778903125855,5.021863,5.0708556,0.0,0.0,0.0
1208,5.025482333223686,4.9250727,5.125983,5.049959333037311,5.026024,5.075057,0.0,0.0,0.0
1209,5.030210825488366,4.9310956,5.129608,5.054139762948763,5.0301843,5.0792584,0.0,0.0,0.0
1210,5.0370728358218395,4.9370446,5.136945,5.0583201928602195,5.0343447,5.0834594,0.0,0.0,0.0
1211,5.041049002476691,4.9418206,5.140419,5.062500622771676,5.0385056,5.087661,0.0,0.0,0.0
1212,5.044203840309689,4.9443827,5.143255,5.066681052683129,5.042666,5.0918617,0.0,0.0,0.0
1213,5.046848549028328,4.946918,5.146146,5.070861482594584,5.046827,5.096063,0.0,0.0,0.0
1214,5.0497568760498845,4.949863,5.148635,5.075041912506039,5.0509872,5.100264,0.0,0.0,0.0
1215,5.0535872083134565,4.95275,5.153124,5.079222342417494,5.055148,5.1044655,0.0,0.0,0.0
1216,5.059737977975692,4.958769,5.1596355,5.083402772328949,5.0593085,5.108667,0.0,0.0,0.0
1217,5.067603671193312,4.9669995,5.1668644,5.0875832022404035,5.0634694,5.112868,0.0,0.0,0.0
1218,5.073389077590281,4.9741282,5.172831,5.091763632151858,5.06763,5.1170692,0.0,0.0,0.0
1219,5.076038876871638,4.9758854,5.176157,5.095944062063312,5.07179,5.12127,0.0,0.0,0.0
1220,5.08165755710183,4.9813333,5.181322,5.100124491974767,5.075951,5.1254716,0.0,0.0,0.0
1221,5.088063046704741,4.988189,5.188095,5.1043049218862215,5.0801115,5.1296725,0.0,0.0,0.0
1222,5.094028079798222,4.9931602,5.194682,5.108485351797677,5.0842724,5.133874,0.0,0.0,0.0
1223,5.098716779256744,4.99754,5.1988177,5.112665781709131,5.088433,5.1380754,0.0,0.0,0.0
1224,5.102653753760652,5.0017056,5.2028913,5.116846211620586,5.0925937,5.1422763,0.0,0.0,0.0
1225,5.105241347778632,5.004884,5.205106,5.12102664153204,5.096754,5.1464777,0.0,0.0,0.0
1226,5.11059374226588,5.0103307,5.2095704,5.125207071443497,5.100915,5.1506786,0.0,0.0,0.0
1227,5.114450934671478,5.013719,5.2135324,5.129387501354952,5.1050754,5.15488,0.0,0.0,0.0
1228,5.119002882297852,5.0182977,5.218169,5.133567931266406,5.109236,5.159081,0.0,0.0,0.0
1229,5.1249953736855165,5.026141,5.2230268,5.13774836117786,5.1133966,5.1632824,0.0,0.0,0.0
1230,5.127406945577713,5.0285573,5.225679,5.141928791089314,5.117557,5.167484,0.0,0.0,0.0
1231,5.130841321729549,5.031643,5.229156,5.146109221000769,5.121718,5.1716847,0.0,0.0,0.0
1232,5.1328046937469916,5.0333686,5.230739,5.150289650912224,5.1258783,5.175886,0.0,0.0,0.0
1233,5.137001538955501,5.037786,5.235309,5.15447008082368,5.130039,5.180087,0.0,0.0,0.0
1234,5.143872473776556,5.044303,5.242277,5.158650510735133,5.1341996,5.1842885,0.0,0.0,0.0
1235,5.14883800649064,5.049815,5.2468195,5.162830940646588,5.1383605,5.1884894,0.0,0.0,0.0
1236,5.150929306328846,5.0514593,5.249552,5.1670113705580425,5.142521,5.192691,0.0,0.0,0.0
1237,5.15570715079883,5.05576,5.254397,5.171191800469498,5.1466813,5.196892,0.0,0.0,0.0
1238,5.15972075815325,5.060667,5.258066,5.17537223038095,5.150842,5.201093,0.0,0.0,0.0
1239,5.164266025157563,5.0652175,5.2619085,5.179552660292407,5.1550026,5.2052946,0.0,0.0,0.0
1240,5.168446526626779,5.068122,5.2672048,5.183733090203862,5.1591635,5.2094955,0.0,0.0,0.0
1241,5.1728913025396,5.072842,5.271448,5.187913520115318,5.163324,5.213697,0.0,0.0,0.0
1242,5.17739130644416,5.077584,5.275381,5.192093950026771,5.1674848,5.217898,0.0,0.0,0.0
1243,5.182022556158428,5.0829487,5.279413,5.1962743799382265,5.171645,5.2220993,0.0,0.0,0.0
1244,5.188803318173545,5.0897255,5.2867494,5.20045480984968,5.175806,5.2263002,0.0,0.0,0.0
1245,5.191494862875717,5.0926394,5.289175,5.204635239761136,5.1799664,5.2305017,0.0,0.0,0.0
1246,5.1943359487263105,5.0953097,5.2924185,5.20881566967259,5.184127,5.234703,0.0,0.0,0.0
1247,5.2027223595309495,5.103408,5.3011937,5.212996099584046,5.1882877,5.238904,0.0,0.0,0.0
1248,5.208008982380652,5.1092596,5.305806,5.2171765294955,5.192448,5.2431054,0.0,0.0,0.0
1249,5.213079592019217,5.115591,5.3092628,5.221356959406956,5.196609,5.2473063,0.0,0.0,0.0
1250,5.217870577019729,5.12097,5.313567,5.225537389318409,5.2007694,5.2515078,0.0,0.0,0.0
1251,5.223086464649439,5.1256967,5.3196955,5.2297178192298635,5.2049303,5.2557087,0.0,0.0,0.0
1252,5.227348538356723,5.130031,5.3235946,5.233898249141318,5.2090907,5.25991,0.0,0.0,0.0
1253,5.23087018708863,5.133988,5.327291,5.238078679052774,5.2132516,5.2641115,0.0,0.0,0.0
1254,5.2371894483917725,5.140516,5.3317814,5.2422591089642285,5.217412,5.2683125,0.0,0.0,0.0
1255,5.241769144195202,5.1447473,5.3362536,5.246439538875685,5.2215724,5.272514,0.0,0.0,0.0
1256,5.247819531362236,5.1511183,5.3416996,5.250619968787137,5.2257333,5.276715,0.0,0.0,0.0
1257,5.2500747833681345,5.1537075,5.3446474,5.254800398698593,5.2298937,5.280916,0.0,0.0,0.0
1258,5.2528261616521235,5.1555552,5.3483458,5.2589808286100475,5.2340546,5.285117,0.0,0.0,0.0
1259,5.256399835620507,5.158484,5.3530536,5.263161258521502,5.238215,5.2893186,0.0,0.0,0.0
1260,5.261464301505386,5.1632385,5.35805,5.267341688432955,5.242376,5.29352,0.0,0.0,0.0
1261,5.266846248818718,5.1690555,5.362932,5.271522118344411,5.2465363,5.297721,0.0,0.0,0.0
1262,5.269228566315951,5.1700425,5.3658133,5.275702548255866,5.250697,5.3019223,0.0,0.0,0.0
1263,5.274280584009931,5.175064,5.3709517,5.279882978167321,5.2548575,5.3061233,0.0,0.0,0.0
1264,5.2824737532544805,5.184447,5.377843,5.284063408078776,5.259018,5.3103247,0.0,0.0,0.0
1265,5.286857017779919,5.1875744,5.383948,5.2882438379902315,5.263179,5.3145256,0.0,0.0,0.0
1266,5.289905561419715,5.189893,5.387925,5.292424267901685,5.267339,5.318727,0.0,0.0,0.0
1267,5.295546615655127,5.194712,5.3931193,5.29660469781314,5.2715,5.322928,0.0,0.0,0.0
1268,5.3004857131381,5.200702,5.397395,5.300785127724593,5.2756605,5.3271294,0.0,0.0,0.0
1269,5.30294153171269,5.2037773,5.3995094,5.304965557636049,5.2798214,5.331331,0.0,0.0,0.0
1270,5.3085030989465585,5.2099266,5.4047,5.309145987547504,5.283982,5.3355317,0.0,0.0,0.0
1271,5.31204411628993,5.2144465,5.407546,5.313326417458959,5.2881427,5.339733,0.0,0.0,0.0
1272,5.314510786090826,5.216262,5.4096193,5.317506847370412,5.292303,5.343934,0.0,0.0,0.0
1273,5.3175247077979,5.2199173,5.4127884,5.3216872772818675,5.2964635,5.3481355,0.0,0.0,0.0
1274,5.322872539540334,5.2257314,5.4179063,5.325867707193322,5.3006244,5.3523364,0.0,0.0,0.0
1275,5.3272797450477665,5.2295556,5.4227138,5.330048137104777,5.304785,5.356538,0.0,0.0,0.0
1276,5.330011603151342,5.2319255,5.4255404,5.334228567016231,5.3089457,5.360739,0.0,0.0,0.0
1277,5.334937716888945,5.2374086,5.430227,5.338408996927687,5.313106,5.36494,0.0,0.0,0.0
1278,5.338051078622376,5.2401185,5.4340205,5.342589426839142,5.317267,5.3691416,0.0,0.0,0.0
1279,5.342099440036151,5.2444887,5.437473,5.346769856750597,5.3214273,5.3733425,0.0,0.0,0.0
1280,5.343923329953195,5.2467284,5.4389954,5.3509502866620515,5.325588,5.377544,0.0,0.0,0.0
1281,5.3469167289791795,5.2498775,5.4418573,5.355130716573507,5.3297486,5.381745,0.0,0.0,0.0
1282,5.351031782331881,5.2551503,5.444674,5.359311146484961,5.333909,5.3859463,0.0,0.0,0.0
1283,5.355942421009009,5.2590585,5.450045,5.363491576396416,5.33807,5.3901477,0.0,0.0,0.0
1284,5.360123156734374,5.262358,5.454792,5.3676720063078704,5.3422303,5.3943486,0.0,0.0,0.0
1285,5.365887868666655,5.2686644,5.460384,5.371852436219325,5.346391,5.39855,0.0,0.0,0.0
1286,5.368020113560237,5.271227,5.4623733,5.37603286613078,5.3505516,5.402751,0.0,0.0,0.0
1287,5.376670324277993,5.278644,5.4716353,5.380213296042232,5.3547125,5.4069524,0.0,0.0,0.0
1288,5.380250008648193,5.2815247,5.4757442,5.384393725953687,5.358873,5.4111533,0.0,0.0,0.0
1289,5.385467086941336,5.287173,5.4815288,5.388574155865143,5.363034,5.4153547,0.0,0.0,0.0
1290,5.39272322656443,5.294171,5.488769,5.392754585776598,5.367194,5.419556,0.0,0.0,0.0
1291,5.397981138143542,5.299229,5.494271,5.396935015688052,5.3713546,5.423757,0.0,0.0,0.0
1292,5.40064309014407,5.3015957,5.4970202,5.401115445599507,5.3755155,5.4279585,0.0,0.0,0.0
1293,5.406161786513075,5.3068876,5.502774,5.405295875510963,5.379676,5.4321594,0.0,0.0,0.0
1294,5.414197909518194,5.31475,5.5116324,5.409476305422416,5.3838367,5.436361,0.0,0.0,0.0
1295,5.418549220822887,5.3189015,5.516475,5.4136567353338725,5.387997,5.440562,0.0,0.0,0.0
1296,5.420835091670279,5.3210154,5.5196652,5.417837165245326,5.392158,5.444763,0.0,0.0,0.0
1297,5.425506842970396,5.326161,5.5234456,5.422017595156783,5.3963184,5.4489646,0.0,0.0,0.0
1298,5.430407521300423,5.329866,5.5297313,5.426198025068235,5.4004793,5.4531655,0.0,0.0,0.0
1299,5.434006153326743,5.3334846,5.532816,5.43037845497969,5.4046397,5.457367,0.0,0.0,0.0
1300,5.44003256995606,5.3395276,5.5382595,5.434558884891145,5.4088,5.461568,0.0,0.0,0.0
1301,5.441988422328373,5.34074,5.5406523,5.4387393148026,5.412961,5.4657693,0.0,0.0,0.0
1302,5.44260933769759,5.342295,5.540817,5.442919744714055,5.4171214,5.46997,0.0,0.0,0.0
1303,5.4491559651483055,5.3495984,5.547153,5.4471001746255086,5.4212823,5.4741716,0.0,0.0,0.0
1304,5.453252549063989,5.3538656,5.5506935,5.451280604536965,5.4254427,5.4783726,0.0,0.0,0.0
1305,5.458515697057943,5.3574862,5.556729,5.455461034448419,5.4296036,5.482574,0.0,0.0,0.0
1306,5.463755164212232,5.363969,5.5616198,5.4596414643598745,5.433764,5.4867754,0.0,0.0,0.0
1307,5.465859086204875,5.3654666,5.5641146,5.463821894271328,5.437925,5.4909763,0.0,0.0,0.0
1308,5.469005230647739,5.3682623,5.5669227,5.468002324182783,5.4420853,5.4951777,0.0,0.0,0.0
1309,5.472922544692869,5.372388,5.5711637,5.472182754094239,5.4462457,5.4993787,0.0,0.0,0.0
1310,5.477026075393974,5.376691,5.575598,5.4763631840056926,5.4504066,5.50358,0.0,0.0,0.0
1311,5.481763988240217,5.381757,5.5804048,5.480543613917148,5.454567,5.507781,0.0,0.0,0.0
1312,5.486861442006772,5.3872538,5.5848303,5.484724043828604,5.458728,5.5119824,0.0,0.0,0.0
1313,5.492256589611826,5.3920903,5.5913057,5.488904473740058,5.4628882,5.516184,0.0,0.0,0.0
1314,5.4973521508024445,5.395757,5.5970817,5.493084903651512,5.467049,5.520385,0.0,0.0,0.0
1315,5.501093782802089,5.3995247,5.6014495,5.497265333562966,5.4712095,5.524586,0.0,0.0,0.0
1316,5.507499104039147,5.405004,5.6086183,5.501445763474423,5.4753704,5.528787,0.0,0.0,0.0
1317,5.512447738578389,5.4100313,5.613268,5.505626193385874,5.479531,5.5329885,0.0,0.0,0.0
1318,5.516336283125099,5.4128222,5.618154,5.50980662329733,5.483691,5.5371895,0.0,0.0,0.0
1319,5.521260796726293,5.4173236,5.623474,5.513987053208784,5.487852,5.541391,0.0,0.0,0.0
1320,5.526177301885363,5.4220386,5.628637,5.51816748312024,5.4920125,5.5455923,0.0,0.0,0.0
1321,5.528534847793712,5.4248695,5.6306005,5.522347913031695,5.4961734,5.5497932,0.0,0.0,0.0
1322,5.532101535555785,5.4274635,5.635132,5.526528342943149,5.500334,5.5539947,0.0,0.0,0.0
1323,5.536527276669419,5.4317203,5.639255,5.530708772854606,5.5044947,5.5581956,0.0,0.0,0.0
1324,5.541568275836454,5.436063,5.6440845,5.534889202766061,5.508655,5.562397,0.0,0.0,0.0
1325,5.545812882071813,5.4407363,5.6483307,5.539069632677514,5.512816,5.566598,0.0,0.0,0.0
1326,5.551601102299981,5.446934,5.653746,5.543250062588969,5.5169764,5.5707994,0.0,0.0,0.0
1327,5.5547122737802495,5.449616,5.656637,5.547430492500424,5.5211368,5.575001,0.0,0.0,0.0
1328,5.561943973038376,5.455998,5.664805,5.551610922411879,5.5252976,5.5792017,0.0,0.0,0.0
1329,5.566491772582589,5.459443,5.670309,5.5557913523233315,5.529458,5.583403,0.0,0.0,0.0
1330,5.571438758819819,5.4629655,5.6760917,5.559971782234786,5.533619,5.587604,0.0,0.0,0.0
1331,5.57954709352035,5.471463,5.684105,5.564152212146242,5.5377793,5.5918055,0.0,0.0,0.0
1332,5.585566530555583,5.4782434,5.6894712,5.568332642057696,5.54194,5.5960064,0.0,0.0,0.0
1333,5.591622674481612,5.4830103,5.6961,5.5725130719691505,5.5461006,5.600208,0.0,0.0,0.0
1334,5.596085841845675,5.487734,5.7010474,5.576693501880608,5.5502615,5.6044087,0.0,0.0,0.0
1335,5.603455727217952,5.495359,5.7080183,5.58087393179206,5.554422,5.60861,0.0,0.0,0.0
1336,5.60697299653216,5.498509,5.7117224,5.585054361703515,5.5585823,5.6128116,0.0,0.0,0.0
1337,5.6098592822832325,5.501533,5.7137256,5.58923479161497,5.562743,5.6170125,0.0,0.0,0.0
1338,5.612172771462988,5.504705,5.7157493,5.593415221526426,5.5669036,5.621214,0.0,0.0,0.0
1339,5.615448286178826,5.5089993,5.7176456,5.597595651437879,5.5710645,5.625415,0.0,0.0,0.0
1340,5.618750814745854,5.5119824,5.721289,5.6017760813493345,5.575225,5.6296163,0.0,0.0,0.0
1341,5.620913842114949,5.513535,5.724074,5.605956511260788,5.5793858,5.633817,0.0,0.0,0.0
1342,5.6249833062038,5.517507,5.728641,5.610136941172245,5.583546,5.6380186,0.0,0.0,0.0
1343,5.632414771209791,5.52463,5.735566,5.614317371083699,5.587707,5.64222,0.0,0.0,0.0
1344,5.6341044683459955,5.5266933,5.7368975,5.618497800995153,5.5918674,5.646421,0.0,0.0,0.0
1345,5.638839411509279,5.531783,5.74245,5.622678230906609,5.596028,5.6506224,0.0,0.0,0.0
1346,5.641539770114767,5.533647,5.745208,5.626858660818062,5.6001887,5.6548233,0.0,0.0,0.0
1347,5.647687260320231,5.5396442,5.7505274,5.631039090729517,5.604349,5.6590247,0.0,0.0,0.0
1348,5.652272172565138,5.5441136,5.755673,5.635219520640972,5.60851,5.6632257,0.0,0.0,0.0
1349,5.656952299816107,5.5498157,5.759548,5.639399950552427,5.6126704,5.667427,0.0,0.0,0.0
1350,5.661345731487094,5.5543766,5.763706,5.643580380463882,5.6168313,5.6716285,0.0,0.0,0.0
1351,5.664047052198752,5.5570426,5.7670984,5.6477608103753365,5.6209917,5.6758294,0.0,0.0,0.0
1352,5.667453678908316,5.5613365,5.769284,5.651941240286793,5.6251526,5.680031,0.0,0.0,0.0
1353,5.669673878680656,5.563309,5.7719064,5.656121670198247,5.629313,5.6842318,0.0,0.0,0.0
1354,5.674280771847605,5.5669093,5.7773185,5.660302100109702,5.6334734,5.688433,0.0,0.0,0.0
1355,5.677732059142902,5.5714307,5.7795973,5.664482530021156,5.6376343,5.692634,0.0,0.0,0.0
1356,5.679404614161512,5.573422,5.780907,5.66866295993261,5.6417947,5.6968355,0.0,0.0,0.0
1357,5.683724270245667,5.5776834,5.78536,5.672843389844063,5.6459556,5.701037,0.0,0.0,0.0
1358,5.687994388557602,5.5818443,5.789539,5.677023819755519,5.650116,5.705238,0.0,0.0,0.0
1359,5.693271532568347,5.5872035,5.7950206,5.681204249666974,5.654277,5.7094393,0.0,0.0,0.0
1360,5.696616650831074,5.5912333,5.797257,5.685384679578431,5.6584373,5.71364,0.0,0.0,0.0
1361,5.702763309643668,5.5975933,5.803196,5.689565109489883,5.662598,5.7178416,0.0,0.0,0.0
1362,5.708053844350679,5.603236,5.8083076,5.693745539401338,5.6667585,5.7220426,0.0,0.0,0.0
1363,5.715584230999507,5.61061,5.8164845,5.697925969312792,5.670919,5.726244,0.0,0.0,0.0
1364,5.718830886200005,5.6144514,5.8197603,5.702106399224248,5.67508,5.730445,0.0,0.0,0.0
1365,5.7250424028880635,5.619586,5.8272233,5.706286829135701,5.67924,5.7346463,0.0,0.0,0.0
1366,5.730624179330686,5.625603,5.831345,5.710467259047156,5.683401,5.7388477,0.0,0.0,0.0
1367,5.738332694494425,5.632184,5.8402305,5.714647688958613,5.6875615,5.7430487,0.0,0.0,0.0
1368,5.7423625305764965,5.636703,5.8442826,5.718828118870066,5.6917224,5.74725,0.0,0.0,0.0
1369,5.747412211041377,5.6416974,5.8497944,5.723008548781522,5.695883,5.751451,0.0,0.0,0.0
1370,5.751588570482218,5.6464844,5.8543453,5.727188978692976,5.7000437,5.7556524,0.0,0.0,0.0
1371,5.754895865740411,5.6491094,5.8573503,5.731369408604432,5.704204,5.7598534,0.0,0.0,0.0
1372,5.754912119861777,5.649011,5.857388,5.735549838515886,5.7083645,5.764055,0.0,0.0,0.0
1373,5.75871711050832,5.653324,5.860691,5.739730268427341,5.7125254,5.768256,0.0,0.0,0.0
1374,5.762502905288236,5.6558056,5.8649535,5.743910698338796,5.716686,5.772457,0.0,0.0,0.0
1375,5.764929139092235,5.6585984,5.8675404,5.748091128250251,5.7208467,5.7766585,0.0,0.0,0.0
1376,5.7691929905876655,5.6628623,5.871391,5.752271558161705,5.725007,5.7808595,0.0,0.0,0.0
1377,5.773742881621557,5.6670704,5.8760834,5.75645198807316,5.729168,5.785061,0.0,0.0,0.0
1378,5.775736661783715,5.6693425,5.8785496,5.760632417984613,5.7333283,5.789262,0.0,0.0,0.0
1379,5.779125888222949,5.672504,5.8821397,5.764812847896068,5.737489,5.793463,0.0,0.0,0.0
1380,5.783760617783631,5.676365,5.8875046,5.768993277807523,5.7416496,5.7976646,0.0,0.0,0.0
1381,5.787209723835236,5.6805325,5.890293,5.773173707718978,5.74581,5.8018656,0.0,0.0,0.0
1382,5.792407448378159,5.6854835,5.895487,5.777354137630434,5.749971,5.806067,0.0,0.0,0.0
1383,5.795164109584757,5.6873837,5.8994794,5.781534567541889,5.7541313,5.810268,0.0,0.0,0.0
1384,5.7975889852527605,5.6907115,5.9012337,5.785714997453343,5.758292,5.8144693,0.0,0.0,0.0
1385,5.80047813858669,5.6933265,5.903669,5.789895427364798,5.7624526,5.8186703,0.0,0.0,0.0
1386,5.805026130093295,5.6976256,5.9086857,5.794075857276252,5.7666135,5.8228717,0.0,0.0,0.0
1387,5.808708487002557,5.7018375,5.9118505,5.798256287187708,5.770774,5.827073,0.0,0.0,0.0
1388,5.814818935111136,5.7075067,5.918288,5.8024367170991615,5.774935,5.831274,0.0,0.0,0.0
1389,5.8186197131265205,5.710984,5.922277,5.806617147010615,5.779095,5.8354754,0.0,0.0,0.0
1390,5.824544086468557,5.718552,5.9271417,5.810797576922072,5.7832556,5.8396764,0.0,0.0,0.0
1391,5.830121474405463,5.722828,5.9334574,5.814978006833527,5.7874165,5.843878,0.0,0.0,0.0
1392,5.835892715488564,5.728308,5.9391966,5.8191584367449805,5.791577,5.8480787,0.0,0.0,0.0
1393,5.8412985045106565,5.7347436,5.943513,5.823338866656436,5.7957377,5.85228,0.0,0.0,0.0
1394,5.846764317404461,5.740229,5.948944,5.827519296567891,5.799898,5.8564816,0.0,0.0,0.0
1395,5.851359351683097,5.7449236,5.9543185,5.831699726479344,5.804059,5.8606825,0.0,0.0,0.0
1396,5.855581734014889,5.74901,5.959388,5.835880156390799,5.8082194,5.864884,0.0,0.0,0.0
1397,5.862683868600259,5.756675,5.9657655,5.840060586302253,5.8123803,5.869085,0.0,0.0,0.0
1398,5.865888441354277,5.759097,5.9684696,5.84424101621371,5.8165407,5.8732862,0.0,0.0,0.0
1399,5.871593862977452,5.7652884,5.9739943,5.848421446125164,5.820701,5.877487,0.0,0.0,0.0
1400,5.873560954266013,5.767574,5.9753647,5.852601876036618,5.824862,5.8816886,0.0,0.0,0.0
1401,5.876460008565505,5.7713,5.977697,5.856782305948074,5.8290224,5.8858895,0.0,0.0,0.0
1402,5.880086643081007,5.774633,5.981063,5.860962735859528,5.8331833,5.890091,0.0,0.0,0.0
1403,5.8844879153650105,5.7796283,5.9849944,5.8651431657709825,5.8373437,5.8942924,0.0,0.0,0.0
1404,5.886784249879401,5.782025,5.9867935,5.869323595682436,5.8415046,5.8984933,0.0,0.0,0.0
1405,5.88876283253955,5.783672,5.9890985,5.873504025593892,5.845665,5.9026947,0.0,0.0,0.0
1406,5.8954227909896355,5.789026,5.9973187,5.877684455505346,5.849826,5.9068956,0.0,0.0,0.0
1407,5.897535430112736,5.79076,5.999929,5.8818648854168005,5.8539863,5.911097,0.0,0.0,0.0
1408,5.902987593083194,5.7959437,6.0054812,5.886045315328255,5.8581467,5.915298,0.0,0.0,0.0
1409,5.90605640250848,5.7993956,6.0083933,5.890225745239712,5.8623075,5.9194994,0.0,0.0,0.0
1410,5.9080038299940485,5.8013906,6.0103555,5.894406175151162,5.866468,5.923701,0.0,0.0,0.0
1411,5.911252721442648,5.804166,6.013062,5.8985866050626194,5.870629,5.9279017,0.0,0.0,0.0
1412,5.9149856035615205,5.8089156,6.0155044,5.902767034974074,5.874789,5.932103,0.0,0.0,0.0
1413,5.917955420928252,5.8122187,6.018675,5.90694746488553,5.87895,5.936304,0.0,0.0,0.0
1414,5.920642063497239,5.8144813,6.0211368,5.911127894796985,5.8831105,5.9405055,0.0,0.0,0.0
1415,5.924948639713809,5.818442,6.0264835,5.915308324708439,5.8872714,5.9447064,0.0,0.0,0.0
1416,5.928723962298419,5.821603,6.030777,5.919488754619893,5.891432,5.948908,0.0,0.0,0.0
1417,5.933387420102873,5.8267097,6.0345626,5.923669184531349,5.895592,5.9531093,0.0,0.0,0.0
1418,5.9370400958390634,5.8293624,6.0385222,5.9278496144428034,5.899753,5.95731,0.0,0.0,0.0
1419,5.941906294090112,5.833799,6.0445447,5.932030044354258,5.9039135,5.9615116,0.0,0.0,0.0
1420,5.946170037170456,5.8377023,6.048667,5.936210474265713,5.9080744,5.9657125,0.0,0.0,0.0
1421,5.950649348770081,5.841463,6.054078,5.940390904177168,5.912235,5.969914,0.0,0.0,0.0
1422,5.953486492703036,5.8437285,6.057554,5.944571334088623,5.9163957,5.974115,0.0,0.0,0.0
1423,5.958136493795646,5.847987,6.063223,5.948751764000078,5.920556,5.9783163,0.0,0.0,0.0
1424,5.963178454638348,5.852284,6.0689015,5.952932193911532,5.924717,5.9825177,0.0,0.0,0.0
1425,5.968815356447761,5.858264,6.073801,5.957112623822986,5.9288774,5.9867187,0.0,0.0,0.0
1426,5.974485548837654,5.863442,6.080132,5.9612930537344395,5.9330378,5.99092,0.0,0.0,0.0
1427,5.978165257774348,5.8667684,6.0840034,5.965473483645896,5.9371986,5.995121,0.0,0.0,0.0
1428,5.984859622598809,5.874423,6.0902877,5.969653913557351,5.941359,5.9993224,0.0,0.0,0.0
1429,5.98871868322178,5.877264,6.094696,5.9738343434688055,5.94552,6.0035233,0.0,0.0,0.0
1430,5.990870225965688,5.8792167,6.0971127,5.978014773380261,5.9496803,6.007725,0.0,0.0,0.0
1431,5.993310139838313,5.882294,6.0991864,5.982195203291715,5.953841,6.0119257,0.0,0.0,0.0
1432,5.996275799855027,5.8843246,6.102504,5.98637563320317,5.9580016,6.016127,0.0,0.0,0.0
1433,6.003412040253993,5.8926096,6.109005,5.990556063114624,5.9621625,6.0203285,0.0,0.0,0.0
1434,6.010948623205792,5.898965,6.117787,5.994736493026079,5.966323,6.0245295,0.0,0.0,0.0
1435,6.011696954096506,5.8995123,6.118535,5.998916922937535,5.9704833,6.028731,0.0,0.0,0.0
1436,6.017074196821818,5.9048424,6.1240287,6.003097352848989,5.974644,6.032932,0.0,0.0,0.0
1437,6.020792603130971,5.908193,6.12828,6.007277782760442,5.9788046,6.037133,0.0,0.0,0.0
1438,6.025180823266468,5.9137015,6.130929,6.011458212671898,5.9829655,6.041334,0.0,0.0,0.0
1439,6.0292917529465315,5.918434,6.1349792,6.015638642583352,5.987126,6.0455356,0.0,0.0,0.0
1440,6.032451488032324,5.9202394,6.1393356,6.019819072494808,5.9912868,6.049737,0.0,0.0,0.0
1441,6.036955295620999,5.9241104,6.144387,6.023999502406263,5.995447,6.053938,0.0,0.0,0.0
1442,6.041783307865786,5.9295893,6.1491203,6.028179932317716,5.999608,6.0581393,0.0,0.0,0.0
1443,6.0463153045046445,5.9345055,6.153236,6.032360362229172,6.0037684,6.0623403,0.0,0.0,0.0
1444,6.050921209945267,5.9386973,6.1576357,6.036540792140626,6.007929,6.0665417,0.0,0.0,0.0
1445,6.053777002819259,5.9406147,6.1609435,6.040721222052082,6.0120897,6.0707426,0.0,0.0,0.0
1446,6.056590093054508,5.943919,6.1633773,6.044901651963537,6.01625,6.074944,0.0,0.0,0.0
1447,6.0601989588795515,5.947754,6.1668725,6.04908208187499,6.020411,6.0791454,0.0,0.0,0.0
1448,6.0647198576563905,5.951992,6.170263,6.053262511786445,6.0245714,6.0833464,0.0,0.0,0.0
1449,6.066378630820565,5.953425,6.172961,6.057442941697901,6.0287323,6.087548,0.0,0.0,0.0
1450,6.072013870789206,5.957918,6.180313,6.061623371609355,6.0328927,6.0917487,0.0,0.0,0.0
1451,6.077471785359208,5.963672,6.185054,6.0658038015208104,6.0370536,6.09595,0.0,0.0,0.0
1452,6.081128759283554,5.9669065,6.188994,6.0699842314322625,6.041214,6.100151,0.0,0.0,0.0
1453,6.084348488888953,5.9705753,6.1915374,6.074164661343719,6.0453744,6.1043525,0.0,0.0,0.0
1454,6.087491105398774,5.974827,6.1946197,6.078345091255175,6.0495353,6.108554,0.0,0.0,0.0
1455,6.093883805425904,5.981884,6.2001867,6.082525521166627,6.0536957,6.112755,0.0,0.0,0.0
1456,6.096278652808634,5.984929,6.202088,6.086705951078082,6.0578566,6.116956,0.0,0.0,0.0
1457,6.10350820883242,5.994544,6.208178,6.090886380989536,6.062017,6.121157,0.0,0.0,0.0
1458,6.106341745274189,5.996944,6.210913,6.095066810900993,6.066178,6.1253586,0.0,0.0,0.0
1459,6.108491611564149,5.999113,6.213238,6.0992472408124465,6.0703382,6.1295595,0.0,0.0,0.0
1460,6.111868310210547,6.0029993,6.215864,6.103427670723902,6.074499,6.133761,0.0,0.0,0.0
1461,6.116062875778002,6.0073414,6.2207866,6.107608100635358,6.0786595,6.1379623,0.0,0.0,0.0
1462,6.120976311733001,6.012459,6.2249517,6.111788530546814,6.08282,6.1421633,0.0,0.0,0.0
1463,6.127968759278693,6.018543,6.233783,6.115968960458266,6.086981,6.1463647,0.0,0.0,0.0
1464,6.13062957819567,6.020298,6.2371264,6.120149390369721,6.091141,6.1505656,0.0,0.0,0.0
1465,6.1351624219916685,6.0253873,6.2418156,6.124329820281176,6.095302,6.154767,0.0,0.0,0.0
1466,6.137366244059991,6.026827,6.2448454,6.12851025019263,6.0994625,6.158968,0.0,0.0,0.0
1467,6.142108759049062,6.0313,6.249112,6.132690680104085,6.1036234,6.1631694,0.0,0.0,0.0
1468,6.1454679182396434,6.0341296,6.2535276,6.13687111001554,6.107784,6.1673703,0.0,0.0,0.0
1469,6.147014162309923,6.0351925,6.2550273,6.141051539926995,6.1119447,6.1715717,0.0,0.0,0.0
1470,6.152430348669244,6.0393744,6.2608857,6.1452319698384485,6.116105,6.175773,0.0,0.0,0.0
1471,6.155727153284627,6.043262,6.263935,6.149412399749904,6.1202655,6.179974,0.0,0.0,0.0
1472,6.1564900602872665,6.043627,6.2648425,6.153592829661362,6.1244264,6.1841755,0.0,0.0,0.0
1473,6.15860814899863,6.046785,6.266174,6.157773259572811,6.128587,6.1883764,0.0,0.0,0.0
1474,6.163414332630598,6.0508585,6.2711244,6.161953689484268,6.1327477,6.192578,0.0,0.0,0.0
1475,6.167232316155424,6.0535593,6.275727,6.166134119395724,6.136908,6.196779,0.0,0.0,0.0
1476,6.171451878054738,6.058653,6.279758,6.17031454930718,6.141069,6.20098,0.0,0.0,0.0
1477,6.18071827124993,6.0667357,6.2900114,6.174494979218632,6.1452293,6.2051816,0.0,0.0,0.0
1478,6.185099788796419,6.071797,6.2934546,6.178675409130087,6.14939,6.2093825,0.0,0.0,0.0
1479,6.18842896508335,6.073982,6.2979183,6.18285583904154,6.1535506,6.213584,0.0,0.0,0.0
1480,6.192832024614335,6.0777173,6.3031487,6.187036268952997,6.157711,6.217785,0.0,0.0,0.0
1481,6.195868827291514,6.081516,6.3059487,6.191216698864448,6.161872,6.2219863,0.0,0.0,0.0
1482,6.201053273451969,6.0852284,6.312193,6.195397128775905,6.1660323,6.226187,0.0,0.0,0.0
1483,6.205101427463632,6.0887146,6.316792,6.19957755868736,6.170193,6.2303886,0.0,0.0,0.0
1484,6.212037222169115,6.096893,6.323095,6.203757988598814,6.1743536,6.23459,0.0,0.0,0.0
1485,6.2170912857303495,6.1021714,6.3276124,6.20793841851027,6.1785145,6.238791,0.0,0.0,0.0
1486,6.220921798972668,6.10546,6.3318353,6.212118848421723,6.182675,6.2429924,0.0,0.0,0.0
1487,6.226724439078183,6.111001,6.338115,6.21629927833318,6.186836,6.2471933,0.0,0.0,0.0
1488,6.231376028849477,6.1145916,6.343486,6.220479708244635,6.190996,6.2513947,0.0,0.0,0.0
1489,6.234402849686554,6.117306,6.346846,6.224660138156088,6.1951566,6.2555957,0.0,0.0,0.0
1490,6.239158694188901,6.1218224,6.351413,6.228840568067545,6.1993175,6.259797,0.0,0.0,0.0
1491,6.241842203399231,6.1249647,6.3536997,6.233020997978999,6.203478,6.2639985,0.0,0.0,0.0
1492,6.247025658240929,6.131565,6.3578672,6.2372014278904535,6.2076387,6.2681994,0.0,0.0,0.0
1493,6.251208359719357,6.1360006,6.3621063,6.241381857801908,6.211799,6.272401,0.0,0.0,0.0
1494,6.251906729625167,6.1364994,6.3628206,6.245562287713363,6.21596,6.276602,0.0,0.0,0.0
1495,6.257256926081463,6.1414957,6.367139,6.249742717624816,6.2201204,6.280803,0.0,0.0,0.0
1496,6.261149562389211,6.146092,6.3702784,6.2539231475362715,6.2242813,6.285004,0.0,0.0,0.0
1497,6.266153855298387,6.1515417,6.3754735,6.258103577447725,6.2284417,6.2892056,0.0,0.0,0.0
1498,6.2702919609546655,6.1557736,6.3800654,6.262284007359182,6.232602,6.2934065,0.0,0.0,0.0
1499,6.272975633008353,6.1585426,6.3825555,6.266464437270636,6.236763,6.297608,0.0,0.0,0.0
1500,6.278774390816879,6.1640773,6.388239,6.2706448671820905,6.2409234,6.3018093,0.0,0.0,0.0
1501,6.2828930214128285,6.1686654,6.392479,6.274825297093546,6.2450843,6.3060102,0.0,0.0,0.0
1502,6.286036570279206,6.1704197,6.3962264,6.279005727005001,6.2492447,6.3102117,0.0,0.0,0.0
1503,6.292815025476528,6.175922,6.4049993,6.2831861569164555,6.2534056,6.3144126,0.0,0.0,0.0
1504,6.297275597595046,6.1797976,6.4098444,6.28736658682791,6.257566,6.318614,0.0,0.0,0.0
1505,6.304269831212469,6.186378,6.4175115,6.291547016739367,6.261727,6.322815,0.0,0.0,0.0
1506,6.307113742169924,6.189523,6.4205422,6.295727446650821,6.2658873,6.3270164,0.0,0.0,0.0
1507,6.310165075759341,6.1923633,6.4237328,6.299907876562275,6.2700477,6.331218,0.0,0.0,0.0
1508,6.315437533578693,6.196536,6.4291205,6.304088306473729,6.2742085,6.3354187,0.0,0.0,0.0
1509,6.317798990337064,6.19904,6.431736,6.308268736385183,6.278369,6.33962,0.0,0.0,0.0
1510,6.324517618183587,6.206218,6.437965,6.312449166296639,6.28253,6.343821,0.0,0.0,0.0
1511,6.329691595585164,6.210454,6.4437213,6.316629596208093,6.28669,6.3480225,0.0,0.0,0.0
1512,6.3350520835827915,6.2160482,6.4492364,6.320810026119547,6.290851,6.3522234,0.0,0.0,0.0
1513,6.337863156257589,6.2192883,6.4514217,6.324990456031003,6.2950115,6.356425,0.0,0.0,0.0
1514,6.342844071632156,6.2255163,6.4548497,6.329170885942458,6.2991724,6.360626,0.0,0.0,0.0
1515,6.348354237444986,6.230325,6.461843,6.333351315853912,6.303333,6.364827,0.0,0.0,0.0
1516,6.3503710140600464,6.2324505,6.464022,6.337531745765366,6.307493,6.3690286,0.0,0.0,0.0
1517,6.3539856504416115,6.2371473,6.466279,6.341712175676821,6.311654,6.3732295,0.0,0.0,0.0
1518,6.358164165186991,6.2422895,6.469625,6.345892605588275,6.3158145,6.377431,0.0,0.0,0.0
1519,6.364406416872191,6.248299,6.4760566,6.350073035499732,6.3199754,6.381632,0.0,0.0,0.0
1520,6.36943533547888,6.251603,6.483019,6.354253465411187,6.324136,6.3858333,0.0,0.0,0.0
1521,6.371164630750097,6.25261,6.485175,6.358433895322642,6.3282967,6.3900347,0.0,0.0,0.0
1522,6.3753197830132455,6.256636,6.4883943,6.362614325234093,6.332457,6.3942356,0.0,0.0,0.0
1523,6.379914753147606,6.261909,6.4925437,6.366794755145549,6.3366175,6.398437,0.0,0.0,0.0
1524,6.382737329534265,6.26458,6.4952407,6.370975185057004,6.3407784,6.402638,0.0,0.0,0.0
1525,6.385338511942143,6.26754,6.497926,6.37515561496846,6.3449388,6.4068394,0.0,0.0,0.0
1526,6.3883595173970855,6.2693815,6.5009785,6.379336044879913,6.3490996,6.4110403,0.0,0.0,0.0
1527,6.3935873660235165,6.275467,6.5055184,6.383516474791368,6.35326,6.4152417,0.0,0.0,0.0
1528,6.400748291419362,6.282825,6.51324,6.387696904702824,6.357421,6.419443,0.0,0.0,0.0
1529,6.4057378619899055,6.288634,6.517015,6.3918773346142785,6.3615813,6.423644,0.0,0.0,0.0
1530,6.4094805039702925,6.292473,6.520904,6.396057764525732,6.365742,6.4278455,0.0,0.0,0.0
1531,6.413239498018357,6.2960987,6.5245433,6.400238194437189,6.3699026,6.4320464,0.0,0.0,0.0
1532,6.4174913013747785,6.3016806,6.527874,6.404418624348642,6.374063,6.436248,0.0,0.0,0.0
1533,6.425052984598529,6.310217,6.5355945,6.408599054260096,6.378224,6.4404488,0.0,0.0,0.0
1534,6.425956543993294,6.3106947,6.5367646,6.412779484171551,6.3823843,6.44465,0.0,0.0,0.0
1535,6.428764042842563,6.3133616,6.5392966,6.416959914083007,6.386545,6.448851,0.0,0.0,0.0
1536,6.433649541474347,6.3188515,6.544132,6.421140343994461,6.3907056,6.4530525,0.0,0.0,0.0
1537,6.436701875820252,6.3217645,6.5479565,6.4253207739059155,6.3948665,6.457254,0.0,0.0,0.0
1538,6.441811519191375,6.3262467,6.5537353,6.429501203817371,6.399027,6.461455,0.0,0.0,0.0
1539,6.445921128717556,6.3307295,6.557091,6.433681633728825,6.4031878,6.4656563,0.0,0.0,0.0
1540,6.44934949242022,6.3336573,6.5611105,6.437862063640281,6.407348,6.469857,0.0,0.0,0.0
1541,6.45250907285443,6.337332,6.564379,6.442042493551736,6.4115086,6.4740586,0.0,0.0,0.0
1542,6.457335010134599,6.3430953,6.568332,6.446222923463188,6.4156694,6.4782596,0.0,0.0,0.0
1543,6.463601940066451,6.3499,6.5742803,6.450403353374644,6.41983,6.482461,0.0,0.0,0.0
1544,6.468022070096799,6.3542237,6.578729,6.454583783286098,6.4239907,6.4866624,0.0,0.0,0.0
1545,6.471397304607754,6.3567734,6.5824366,6.458764213197554,6.428151,6.4908633,0.0,0.0,0.0
1546,6.4776060740288015,6.3626285,6.5893297,6.462944643109008,6.432312,6.4950647,0.0,0.0,0.0
1547,6.479416229830863,6.364068,6.591158,6.467125073020464,6.4364724,6.4992657,0.0,0.0,0.0
1548,6.484030893891389,6.3682184,6.5956354,6.471305502931916,6.4406333,6.503467,0.0,0.0,0.0
1549,6.485747689995051,6.3694415,6.59734,6.475485932843373,6.4447937,6.507668,0.0,0.0,0.0
1550,6.488017269739687,6.371912,6.5994153,6.479666362754828,6.448954,6.5118694,0.0,0.0,0.0
1551,6.494132554495646,6.376921,6.607389,6.483846792666283,6.453115,6.516071,0.0,0.0,0.0
1552,6.498829335539046,6.3813972,6.612507,6.4880272225777365,6.4572754,6.520272,0.0,0.0,0.0
1553,6.501172673921418,6.382819,6.6153913,6.492207652489191,6.4614363,6.524473,0.0,0.0,0.0
1554,6.507651644160353,6.388459,6.6225286,6.496388082400646,6.4655967,6.528674,0.0,0.0,0.0
1555,6.5125052005180954,6.394886,6.6260877,6.500568512312101,6.4697576,6.5328755,0.0,0.0,0.0
1556,6.516049023684628,6.397941,6.630493,6.504748942223556,6.473918,6.5370765,0.0,0.0,0.0
1557,6.521479125866975,6.402552,6.636721,6.50892937213501,6.478079,6.541278,0.0,0.0,0.0
1558,6.525191030668509,6.4049015,6.6410227,6.513109802046464,6.4822392,6.5454793,0.0,0.0,0.0
1559,6.527760994070749,6.4083023,6.6420956,6.51729023195792,6.4863997,6.54968,0.0,0.0,0.0
1560,6.528582619904118,6.4095225,6.6431193,6.521470661869374,6.4905605,6.5538816,0.0,0.0,0.0
1561,6.536102562287899,6.416517,6.6514482,6.525651091780829,6.494721,6.5580826,0.0,0.0,0.0
1562,6.540043275189883,6.420579,6.6552567,6.529831521692284,6.498882,6.562284,0.0,0.0,0.0
1563,6.544769524464497,6.4248343,6.660371,6.5340119516037385,6.503042,6.566485,0.0,0.0,0.0
1564,6.547001595306865,6.426869,6.6626782,6.538192381515192,6.507203,6.5706863,0.0,0.0,0.0
1565,6.549565651148134,6.4282126,6.6662507,6.542372811426649,6.5113635,6.5748873,0.0,0.0,0.0
1566,6.55114408815231,6.42976,6.667169,6.546553241338103,6.5155244,6.5790887,0.0,0.0,0.0
1567,6.5537597246985,6.432169,6.6705246,6.550733671249558,6.519685,6.58329,0.0,0.0,0.0
1568,6.559977233234966,6.4388633,6.676918,6.554914101161012,6.523845,6.587491,0.0,0.0,0.0
1569,6.565973689035305,6.4455953,6.6831303,6.559094531072467,6.528006,6.5916924,0.0,0.0,0.0
1570,6.566930715442827,6.446905,6.6835327,6.5632749609839225,6.5321665,6.5958934,0.0,0.0,0.0
1571,6.570247786512493,6.450969,6.6854815,6.5674553908953754,6.5363274,6.600095,0.0,0.0,0.0
1572,6.575780238819607,6.4563217,6.6905313,6.57163582080683,6.540488,6.6042957,0.0,0.0,0.0
1573,6.580496541984362,6.461312,6.694791,6.575816250718287,6.5446486,6.608497,0.0,0.0,0.0
1574,6.586979442059138,6.4678288,6.701349,6.579996680629741,6.548809,6.6126986,0.0,0.0,0.0
1575,6.593176030915786,6.47389,6.7073693,6.5841771105411935,6.55297,6.6168995,0.0,0.0,0.0
1576,6.5984125182815445,6.4783525,6.713872,6.588357540452651,6.5571303,6.621101,0.0,0.0,0.0
1577,6.60559637778059,6.4858623,6.719752,6.592537970364105,6.5612907,6.625302,0.0,0.0,0.0
1578,6.609219761959967,6.489208,6.7236495,6.596718400275559,6.5654516,6.6295033,0.0,0.0,0.0
1579,6.612432893873625,6.49253,6.7272625,6.600898830187015,6.569612,6.633704,0.0,0.0,0.0
1580,6.616293832928921,6.496459,6.73109,6.605079260098472,6.573773,6.6379056,0.0,0.0,0.0
1581,6.61955428164361,6.4991307,6.735038,6.6092596900099245,6.5779333,6.642107,0.0,0.0,0.0
1582,6.626445696456033,6.5044494,6.742449,6.613440119921379,6.582094,6.646308,0.0,0.0,0.0
1583,6.631061224589379,6.5082374,6.748006,6.617620549832833,6.5862546,6.6505094,0.0,0.0,0.0
1584,6.633021738446092,6.5103035,6.7499785,6.62180097974429,6.5904155,6.6547103,0.0,0.0,0.0
1585,6.637530889127509,6.5140986,6.7549567,6.625981409655742,6.594576,6.6589117,0.0,0.0,0.0
1586,6.643418300644705,6.5210867,6.760222,6.630161839567198,6.5987363,6.6631126,0.0,0.0,0.0
1587,6.6462620340628105,6.524308,6.763858,6.634342269478653,6.602897,6.667314,0.0,0.0,0.0
1588,6.651970168212364,6.528586,6.77035,6.638522699390108,6.6070576,6.6715155,0.0,0.0,0.0
1589,6.655315719572484,6.5333695,6.772705,6.642703129301562,6.6112185,6.6757164,0.0,0.0,0.0
1590,6.6568440102463535,6.534931,6.7737856,6.646883559213015,6.615379,6.679918,0.0,0.0,0.0
1591,6.662593599604033,6.539979,6.780149,6.651063989124471,6.6195397,6.6841187,0.0,0.0,0.0
1592,6.665065354919768,6.5415225,6.7821164,6.655244419035927,6.6237,6.68832,0.0,0.0,0.0
1593,6.669168083539622,6.545407,6.7863235,6.659424848947378,6.627861,6.692521,0.0,0.0,0.0
1594,6.67492388317889,6.5510187,6.7922535,6.663605278858834,6.6320214,6.6967225,0.0,0.0,0.0
1595,6.681177666402723,6.558596,6.798439,6.667785708770292,6.636182,6.7009234,0.0,0.0,0.0
1596,6.68455627871147,6.561427,6.80195,6.6719661386817455,6.6403427,6.705125,0.0,0.0,0.0
1597,6.689790870533552,6.566206,6.8076324,6.676146568593199,6.644503,6.7093263,0.0,0.0,0.0
1598,6.692604198317173,6.569402,6.8102417,6.680326998504655,6.648664,6.713527,0.0,0.0,0.0
1599,6.69736035374321,6.5748196,6.8145447,6.6845074284161115,6.6528244,6.7177286,0.0,0.0,0.0
1600,6.701415023109445,6.5786567,6.818239,6.688687858327565,6.6569853,6.7219296,0.0,0.0,0.0
1601,6.702288464157264,6.579362,6.819051,6.6928682882390165,6.6611457,6.726131,0.0,0.0,0.0
1602,6.705432501533917,6.5822287,6.8232217,6.697048718150474,6.6653066,6.730332,0.0,0.0,0.0
1603,6.7105867880884835,6.587972,6.828548,6.701229148061927,6.669467,6.7345333,0.0,0.0,0.0
1604,6.713410492899552,6.5915055,6.830726,6.7054095779733816,6.6736274,6.7387347,0.0,0.0,0.0
1605,6.717914384641743,6.5964694,6.835721,6.709590007884837,6.6777883,6.7429357,0.0,0.0,0.0
1606,6.7211188492415825,6.6006346,6.837781,6.713770437796291,6.6819487,6.747137,0.0,0.0,0.0
1607,6.725277040898544,6.604662,6.8419423,6.717950867707745,6.6861095,6.751338,0.0,0.0,0.0
1608,6.73080463741716,6.610058,6.846769,6.7221312976192,6.69027,6.7555394,0.0,0.0,0.0
1609,6.735026686047363,6.614199,6.851414,6.726311727530656,6.694431,6.7597404,0.0,0.0,0.0
1610,6.737577662962214,6.6160955,6.855174,6.730492157442112,6.698591,6.763942,0.0,0.0,0.0
1611,6.744218083774832,6.622326,6.861562,6.734672587353564,6.702752,6.768143,0.0,0.0,0.0
1612,6.749076924896305,6.625687,6.8671117,6.738853017265021,6.7069125,6.772344,0.0,0.0,0.0
1613,6.7547304879104955,6.6313095,6.8728004,6.743033447176475,6.711073,6.7765455,0.0,0.0,0.0
1614,6.758843259869819,6.6350255,6.8772287,6.74721387708793,6.715234,6.7807465,0.0,0.0,0.0
1615,6.762472842651852,6.6389275,6.8813443,6.751394306999384,6.719394,6.784948,0.0,0.0,0.0
1616,6.767434357673504,6.64433,6.886036,6.755574736910838,6.723555,6.789149,0.0,0.0,0.0
1617,6.772002076654635,6.6486673,6.8908305,6.759755166822293,6.7277155,6.79335,0.0,0.0,0.0
1618,6.777096846950108,6.653509,6.8955383,6.7639355967337496,6.7318764,6.7975516,0.0,0.0,0.0
1619,6.779244114396574,6.6560655,6.8979683,6.768116026645203,6.736037,6.8017526,0.0,0.0,0.0
1620,6.784302888092714,6.6613045,6.9027624,6.772296456556658,6.7401977,6.805954,0.0,0.0,0.0
1621,6.791242327242518,6.6682005,6.9097033,6.776476886468112,6.744358,6.810155,0.0,0.0,0.0
1622,6.796426387981986,6.672984,6.915,6.7806573163795685,6.7485185,6.8143563,0.0,0.0,0.0
1623,6.798930310274569,6.676226,6.9171267,6.784837746291023,6.7526793,6.8185573,0.0,0.0,0.0
1624,6.804375870373357,6.681198,6.9226527,6.789018176202475,6.7568398,6.8227587,0.0,0.0,0.0
1625,6.806112612277508,6.682531,6.924161,6.793198606113933,6.7610006,6.82696,0.0,0.0,0.0
1626,6.810848998891249,6.6865325,6.9299955,6.797379036025388,6.765161,6.831161,0.0,0.0,0.0
1627,6.816409854157312,6.6926055,6.9348774,6.801559465936842,6.769322,6.8353624,0.0,0.0,0.0
1628,6.820870453897598,6.69733,6.9397273,6.805739895848297,6.7734823,6.8395634,0.0,0.0,0.0
1629,6.824636192706397,6.700961,6.9429355,6.80992032575975,6.777643,6.843765,0.0,0.0,0.0
1630,6.830356602776324,6.706455,6.9491863,6.814100755671205,6.7818036,6.8479657,0.0,0.0,0.0
1631,6.836785382026489,6.7127943,6.956418,6.818281185582659,6.785964,6.852167,0.0,0.0,0.0
1632,6.842543609099483,6.718153,6.9625697,6.822461615494114,6.790125,6.856368,0.0,0.0,0.0
1633,6.848003771230016,6.7235155,6.9675694,6.826642045405569,6.7942853,6.8605695,0.0,0.0,0.0
1634,6.8522701047769425,6.7279124,6.9716454,6.830822475317023,6.798446,6.864771,0.0,0.0,0.0
1635,6.855213739997537,6.7308364,6.974042,6.835002905228477,6.8026066,6.868972,0.0,0.0,0.0
1636,6.858360165807602,6.734506,6.9766145,6.839183335139933,6.8067675,6.873173,0.0,0.0,0.0
1637,6.864288175510845,6.7412214,6.9822493,6.8433637650513885,6.810928,6.877374,0.0,0.0,0.0
1638,6.8699549343631094,6.74656,6.988292,6.8475441949628415,6.8150887,6.8815756,0.0,0.0,0.0
1639,6.874069212179964,6.751183,6.9918847,6.851724624874299,6.819249,6.8857765,0.0,0.0,0.0
1640,6.879872666336838,6.756888,6.9980264,6.855905054785754,6.8234096,6.889978,0.0,0.0,0.0
1641,6.88495635105582,6.762509,7.0037355,6.8600854846972075,6.8275704,6.8941793,0.0,0.0,0.0
1642,6.888118291602535,6.7655454,7.005925,6.864265914608662,6.831731,6.8983803,0.0,0.0,0.0
1643,6.889834722275685,6.7664003,7.0085125,6.868446344520119,6.8358917,6.9025817,0.0,0.0,0.0
1644,6.8945160164304715,6.7716265,7.0122657,6.8726267744315725,6.840052,6.9067826,0.0,0.0,0.0
1645,6.8979878764202205,6.774764,7.0163636,6.876807204343026,6.844213,6.910984,0.0,0.0,0.0
1646,6.903403521518309,6.7805786,7.021067,6.880987634254481,6.8483734,6.915185,0.0,0.0,0.0
1647,6.906913367775429,6.7831345,7.0252595,6.885168064165938,6.8525343,6.9193864,0.0,0.0,0.0
1648,6.909921839877564,6.7855406,7.029586,6.889348494077392,6.8566947,6.923588,0.0,0.0,0.0
1649,6.9162533468235825,6.7911663,7.0369554,6.893528923988847,6.860855,6.9277887,0.0,0.0,0.0
1650,6.917967383201595,6.792816,7.0387163,6.897709353900298,6.865016,6.93199,0.0,0.0,0.0
1651,6.923654930101443,6.799029,7.044024,6.901889783811756,6.8691764,6.936191,0.0,0.0,0.0
1652,6.928319784402963,6.8033447,7.04919,6.906070213723209,6.8733373,6.9403925,0.0,0.0,0.0
1653,6.931665874345254,6.8080354,7.0511503,6.910250643634665,6.8774977,6.9445934,0.0,0.0,0.0
1654,6.938858294215901,6.8154683,7.0590696,6.91443107354612,6.8816586,6.948795,0.0,0.0,0.0
1655,6.942663993977407,6.820593,7.0624704,6.9186115034575755,6.885819,6.9529963,0.0,0.0,0.0
1656,6.944317757651651,6.821883,7.0646176,6.9227919333690275,6.88998,6.957197,0.0,0.0,0.0
1657,6.9472694321430035,6.824684,7.0677376,6.926972363280486,6.8941402,6.9613986,0.0,0.0,0.0
1658,6.952843860582732,6.830847,7.0727477,6.9311527931919406,6.8983006,6.9655995,0.0,0.0,0.0
1659,6.9577987980594855,6.8348403,7.077803,6.9353332231033935,6.9024615,6.969801,0.0,0.0,0.0
1660,6.962408461485849,6.8407044,7.0815287,6.939513653014847,6.906622,6.974002,0.0,0.0,0.0
1661,6.965935335014494,6.84512,7.084149,6.943694082926302,6.910783,6.9782033,0.0,0.0,0.0
1662,6.969267443318094,6.8477087,7.088171,6.947874512837758,6.914943,6.982404,0.0,0.0,0.0
1663,6.97436005100452,6.8532696,7.0926123,6.9520549427492115,6.919104,6.9866056,0.0,0.0,0.0
1664,6.981329908364169,6.8600264,7.099574,6.956235372660667,6.9232645,6.990807,0.0,0.0,0.0
1665,6.986482929269914,6.8665037,7.103687,6.960415802572121,6.9274254,6.995008,0.0,0.0,0.0
1666,6.990640161855401,6.8706107,7.1080537,6.964596232483575,6.931586,6.9992094,0.0,0.0,0.0
1667,6.993935032722967,6.873761,7.1107,6.9687766623950305,6.935746,7.0034103,0.0,0.0,0.0
1668,6.998333495087498,6.8789167,7.114622,6.972957092306483,6.939907,7.0076118,0.0,0.0,0.0
1669,7.00237059855702,6.881794,7.1195545,6.97713752221794,6.9440675,7.0118127,0.0,0.0,0.0
1670,7.004315774911818,6.8837714,7.1208706,6.9813179521293955,6.9482284,7.016014,0.0,0.0,0.0
1671,7.005745110467597,6.885488,7.1219616,6.9854983820408485,6.952389,7.0202155,0.0,0.0,0.0
1672,7.009806315174047,6.88883,7.1275234,6.989678811952303,6.9565496,7.0244164,0.0,0.0,0.0
1673,7.012673483272759,6.892388,7.130288,6.993859241863759,6.96071,7.028618,0.0,0.0,0.0
1674,7.015469345435899,6.8952675,7.1322274,6.998039671775214,6.964871,7.032819,0.0,0.0,0.0
1675,7.020389479895523,6.9007416,7.137,7.002220101686668,6.9690313,7.03702,0.0,0.0,0.0
1676,7.022937745398644,6.9027042,7.139523,7.006400531598123,6.9731917,7.041221,0.0,0.0,0.0
1677,7.025927971882142,6.906018,7.142597,7.010580961509578,6.9773526,7.0454226,0.0,0.0,0.0
1678,7.028945242121227,6.909091,7.1453414,7.0147613914210325,6.981513,7.049624,0.0,0.0,0.0
1679,7.032651291628673,6.913226,7.1483116,7.018941821332488,6.985674,7.053825,0.0,0.0,0.0
1680,7.03574111422665,6.9165154,7.151629,7.023122251243939,6.9898343,7.0580263,0.0,0.0,0.0
1681,7.041131726218999,6.9216566,7.1566,7.027302681155396,6.993995,7.0622272,0.0,0.0,0.0
1682,7.043563595780849,6.923932,7.159064,7.03148311106685,6.9981556,7.0664287,0.0,0.0,0.0
1683,7.049919126884049,6.9292846,7.165826,7.035663540978305,7.0023165,7.0706296,0.0,0.0,0.0
1684,7.054003212713693,6.9332714,7.1698422,7.039843970889759,7.006477,7.074831,0.0,0.0,0.0
1685,7.05806704726193,6.9371257,7.1756234,7.044024400801217,7.0106373,7.0790324,0.0,0.0,0.0
1686,7.060021397094093,6.939048,7.1769185,7.048204830712671,7.014798,7.0832334,0.0,0.0,0.0
1687,7.063282423805391,6.942804,7.179941,7.052385260624124,7.0189586,7.087435,0.0,0.0,0.0
1688,7.069676846098823,6.949861,7.185482,7.056565690535581,7.0231194,7.0916357,0.0,0.0,0.0
1689,7.072575805837639,6.9517283,7.189217,7.0607461204470345,7.02728,7.095837,0.0,0.0,0.0
1690,7.073278479949562,6.952526,7.1899858,7.064926550358488,7.0314407,7.100038,0.0,0.0,0.0
1691,7.077893793346482,6.956557,7.194632,7.069106980269942,7.035601,7.1042395,0.0,0.0,0.0
1692,7.0805936643918095,6.9597044,7.1969934,7.073287410181398,7.039762,7.108441,0.0,0.0,0.0
1693,7.08512768694323,6.963899,7.2017503,7.077467840092854,7.0439224,7.112642,0.0,0.0,0.0
1694,7.091380916017349,6.969682,7.2084804,7.081648270004308,7.048083,7.116843,0.0,0.0,0.0
1695,7.094910425475746,6.9719777,7.21243,7.085828699915764,7.0522437,7.121044,0.0,0.0,0.0
1696,7.097807129366882,6.97561,7.2148013,7.090009129827218,7.056404,7.1252456,0.0,0.0,0.0
1697,7.102507609396981,6.981156,7.2194047,7.094189559738672,7.060565,7.1294465,0.0,0.0,0.0
1698,7.106302909168595,6.984828,7.2231107,7.0983699896501244,7.0647254,7.133648,0.0,0.0,0.0
1699,7.111281671980104,6.988982,7.229955,7.102550419561581,7.0688863,7.137849,0.0,0.0,0.0
1700,7.116263302622162,6.992921,7.2368298,7.106730849473037,7.0730467,7.1420503,0.0,0.0,0.0
1701,7.12023779603322,6.9963737,7.241127,7.11091127938449,7.0772076,7.1462517,0.0,0.0,0.0
1702,7.12290399596966,6.998772,7.243849,7.115091709295944,7.081368,7.1504526,0.0,0.0,0.0
1703,7.125819519779655,7.0013227,7.2473516,7.119272139207399,7.0855284,7.154654,0.0,0.0,0.0
1704,7.129241136850592,7.0047655,7.2508874,7.1234525691188555,7.0896893,7.158855,0.0,0.0,0.0
1705,7.130604392876589,7.0058026,7.2523985,7.127632999030309,7.0938497,7.1630564,0.0,0.0,0.0
1706,7.132832472315894,7.0073204,7.255352,7.131813428941765,7.0980105,7.1672573,0.0,0.0,0.0
1707,7.137582182931189,7.0118847,7.260746,7.135993858853221,7.102171,7.1714587,0.0,0.0,0.0
1708,7.141909490283653,7.0153646,7.265382,7.140174288764672,7.106332,7.17566,0.0,0.0,0.0
1709,7.1446180299410775,7.0173273,7.2677083,7.144354718676129,7.110492,7.179861,0.0,0.0,0.0
1710,7.148258797037223,7.0202274,7.2721033,7.148535148587583,7.114653,7.1840625,0.0,0.0,0.0
1711,7.151322967293541,7.0233955,7.2749133,7.152715578499039,7.1188135,7.1882634,0.0,0.0,0.0
1712,7.155553497126992,7.0266576,7.2817388,7.1568960084104924,7.122974,7.192465,0.0,0.0,0.0
1713,7.164429636308594,7.035006,7.2905087,7.161076438321947,7.127135,7.196666,0.0,0.0,0.0
1714,7.166820862664811,7.036893,7.292947,7.165256868233403,7.131295,7.200867,0.0,0.0,0.0
1715,7.172132862361272,7.043303,7.2980814,7.169437298144858,7.135456,7.2050686,0.0,0.0,0.0
1716,7.174669704886882,7.045343,7.300692,7.173617728056313,7.1396165,7.2092695,0.0,0.0,0.0
1717,7.179209164797965,7.051149,7.304447,7.177798157967769,7.1437774,7.213471,0.0,0.0,0.0
1718,7.185016624003305,7.0578938,7.309748,7.1819785878792235,7.147938,7.217672,0.0,0.0,0.0
1719,7.190583755511573,7.062613,7.316087,7.186159017790676,7.1520987,7.2218733,0.0,0.0,0.0
1720,7.192733414155439,7.0649166,7.3177204,7.190339447702132,7.156259,7.226074,0.0,0.0,0.0
1721,7.1972024479184205,7.069849,7.321435,7.194519877613586,7.1604195,7.2302756,0.0,0.0,0.0
1722,7.199484743298166,7.0730104,7.3233857,7.1987003075250415,7.1645803,7.234477,0.0,0.0,0.0
1723,7.203431585228626,7.077354,7.327098,7.202880737436495,7.1687407,7.238678,0.0,0.0,0.0
1724,7.209083954500746,7.082472,7.3330216,7.207061167347951,7.1729016,7.2428794,0.0,0.0,0.0
1725,7.211809037938043,7.0849614,7.3367667,7.211241597259406,7.177062,7.2470803,0.0,0.0,0.0
1726,7.215717821676727,7.0882797,7.340507,7.21542202717086,7.181223,7.2512817,0.0,0.0,0.0
1727,7.217731842862736,7.0903525,7.3426924,7.219602457082314,7.1853833,7.2554827,0.0,0.0,0.0
1728,7.22242275292207,7.0944147,7.3478727,7.223782886993768,7.189544,7.259684,0.0,0.0,0.0
1729,7.224549128676227,7.0959053,7.349965,7.227963316905222,7.1937046,7.263885,0.0,0.0,0.0
1730,7.228363658555711,7.099658,7.3535504,7.232143746816678,7.197865,7.2680864,0.0,0.0,0.0
1731,7.2322945325434524,7.1042566,7.3574085,7.236324176728132,7.202026,7.272288,0.0,0.0,0.0
1732,7.234488003002978,7.1058865,7.359931,7.240504606639589,7.2061863,7.276489,0.0,0.0,0.0
1733,7.240542078843342,7.11251,7.365812,7.244685036551043,7.210347,7.28069,0.0,0.0,0.0
1734,7.246103549057902,7.1178255,7.3722925,7.248865466462499,7.2145076,7.284891,0.0,0.0,0.0
1735,7.251204073608756,7.122032,7.3777404,7.253045896373952,7.2186685,7.2890925,0.0,0.0,0.0
1736,7.258019317555001,7.1279445,7.386241,7.257226326285408,7.222829,7.2932935,0.0,0.0,0.0
1737,7.26267974372981,7.1335554,7.3899946,7.2614067561968625,7.2269897,7.297495,0.0,0.0,0.0
1738,7.265884205010435,7.135774,7.3935847,7.265587186108316,7.23115,7.3016963,0.0,0.0,0.0
1739,7.267371592907982,7.1376357,7.394739,7.269767616019771,7.2353106,7.305897,0.0,0.0,0.0
1740,7.272701645999132,7.1420374,7.40144,7.273948045931225,7.2394714,7.3100986,0.0,0.0,0.0
1741,7.276799010971289,7.1457434,7.4061093,7.27812847584268,7.243632,7.3142996,0.0,0.0,0.0
1742,7.280285211224209,7.1479416,7.4105153,7.282308905754135,7.2477927,7.318501,0.0,0.0,0.0
1743,7.283887605571093,7.1511474,7.414871,7.286489335665589,7.251953,7.322702,0.0,0.0,0.0
1744,7.287295326812376,7.1545315,7.417723,7.290669765577045,7.256114,7.3269033,0.0,0.0,0.0
1745,7.290722118332019,7.158254,7.4212,7.2948501954884994,7.2602744,7.3311048,0.0,0.0,0.0
1746,7.293196822801781,7.1607313,7.4241476,7.299030625399954,7.2644353,7.3353057,0.0,0.0,0.0
1747,7.296725350039711,7.1638427,7.428377,7.303211055311408,7.2685957,7.339507,0.0,0.0,0.0
1748,7.30140937240128,7.1678123,7.433385,7.3073914852228645,7.272756,7.343708,0.0,0.0,0.0
1749,7.304966900416772,7.17059,7.4375143,7.311571915134317,7.276917,7.3479095,0.0,0.0,0.0
1750,7.305977404056807,7.171234,7.4384284,7.315752345045774,7.2810774,7.3521104,0.0,0.0,0.0
1751,7.311803730752248,7.17628,7.4449944,7.319932774957227,7.2852383,7.356312,0.0,0.0,0.0
1752,7.31476935923453,7.1793976,7.447923,7.324113204868682,7.2893987,7.360513,0.0,0.0,0.0
1753,7.320042720827691,7.185863,7.4520197,7.328293634780138,7.2935596,7.364714,0.0,0.0,0.0
1754,7.323949966274761,7.1889625,7.4561205,7.332474064691592,7.29772,7.3689156,0.0,0.0,0.0
1755,7.3272409656917565,7.191998,7.459671,7.336654494603047,7.301881,7.3731165,0.0,0.0,0.0
1756,7.330053201702501,7.1954923,7.462498,7.340834924514502,7.3060412,7.377318,0.0,0.0,0.0
1757,7.332451525732129,7.1978946,7.4655213,7.345015354425954,7.3102016,7.381519,0.0,0.0,0.0
1758,7.338700473294515,7.2039046,7.471833,7.349195784337409,7.3143625,7.3857203,0.0,0.0,0.0
1759,7.341979685763306,7.2065434,7.4756927,7.353376214248866,7.318523,7.389921,0.0,0.0,0.0
1760,7.346213770664345,7.210213,7.480751,7.35755664416032,7.322684,7.3941226,0.0,0.0,0.0
1761,7.349417398598012,7.2136464,7.4839525,7.3617370740717725,7.326844,7.398324,0.0,0.0,0.0
1762,7.355250790363749,7.2182918,7.491365,7.36591750398323,7.331005,7.402525,0.0,0.0,0.0
1763,7.36139347612406,7.2238827,7.4977965,7.370097933894685,7.3351655,7.4067264,0.0,0.0,0.0
1764,7.366728840768389,7.228567,7.5024357,7.37427836380614,7.3393264,7.4109273,0.0,0.0,0.0
1765,7.371049667330891,7.2343626,7.506739,7.378458793717593,7.343487,7.4151287,0.0,0.0,0.0
1766,7.377939871459981,7.240865,7.51461,7.382639223629048,7.347647,7.4193296,0.0,0.0,0.0
1767,7.384419174771373,7.2466035,7.5204005,7.386819653540503,7.351808,7.423531,0.0,0.0,0.0
1768,7.386873094320765,7.2481165,7.5233574,7.391000083451956,7.3559685,7.4277325,0.0,0.0,0.0
1769,7.390722620211945,7.2517843,7.5275054,7.395180513363411,7.3601294,7.4319334,0.0,0.0,0.0
1770,7.3949517885875595,7.2566967,7.5312915,7.399360943274866,7.3642898,7.436135,0.0,0.0,0.0
1771,7.396397638337398,7.257948,7.531933,7.403541373186322,7.3684506,7.4403358,0.0,0.0,0.0
1772,7.3987485534897015,7.26013,7.5343595,7.4077218030977745,7.372611,7.444537,0.0,0.0,0.0
1773,7.405472181771427,7.2655277,7.5423694,7.41190223300923,7.376772,7.448738,0.0,0.0,0.0
1774,7.40712133643695,7.266519,7.5450673,7.416082662920687,7.3809323,7.4529395,0.0,0.0,0.0
1775,7.411593374393908,7.271209,7.5492253,7.42026309283214,7.3850927,7.457141,0.0,0.0,0.0
1776,7.413544473701673,7.2737727,7.5505238,7.424443522743597,7.3892536,7.461342,0.0,0.0,0.0
1777,7.418151523300547,7.2777853,7.5556006,7.42862395265505,7.393414,7.4655433,0.0,0.0,0.0
1778,7.424355918158715,7.283939,7.5617294,7.432804382566506,7.397575,7.469744,0.0,0.0,0.0
1779,7.427671041676656,7.2872334,7.5657315,7.43698481247796,7.4017353,7.4739456,0.0,0.0,0.0
1780,7.430466997293285,7.2898474,7.5690193,7.441165242389414,7.405896,7.4781466,0.0,0.0,0.0
1781,7.43570568128815,7.2946863,7.5750055,7.445345672300871,7.4100566,7.482348,0.0,0.0,0.0
1782,7.442243968334324,7.3005333,7.582095,7.449526102212326,7.4142175,7.4865494,0.0,0.0,0.0
1783,7.447352797837778,7.3050485,7.5877676,7.453706532123779,7.418378,7.4907503,0.0,0.0,0.0
1784,7.448681687763096,7.306895,7.588725,7.457886962035235,7.4225383,7.4949517,0.0,0.0,0.0
1785,7.455854215728648,7.3127947,7.596977,7.46206739194669,7.426699,7.4991527,0.0,0.0,0.0
1786,7.4589326168353685,7.315908,7.600513,7.466247821858144,7.4308596,7.503354,0.0,0.0,0.0
1787,7.463724211368716,7.3210173,7.6038117,7.4704282517696,7.4350204,7.507555,0.0,0.0,0.0
1788,7.467165747711219,7.324235,7.607792,7.47460868168105,7.439181,7.5117564,0.0,0.0,0.0
1789,7.472473541803607,7.328176,7.613702,7.478789111592508,7.4433417,7.515958,0.0,0.0,0.0
1790,7.478446351858796,7.333542,7.6214595,7.482969541503963,7.447502,7.520159,0.0,0.0,0.0
1791,7.482443847057774,7.337836,7.6246653,7.487149971415417,7.451663,7.52436,0.0,0.0,0.0
1792,7.488089332982881,7.3432207,7.630174,7.491330401326873,7.4558234,7.528561,0.0,0.0,0.0
1793,7.492335307822582,7.3476706,7.634433,7.495510831238326,7.459984,7.5327625,0.0,0.0,0.0
1794,7.497945120508701,7.353141,7.640425,7.49969126114978,7.4641447,7.5369635,0.0,0.0,0.0
1795,7.5001967136299905,7.3547754,7.6427283,7.503871691061236,7.468305,7.541165,0.0,0.0,0.0
1796,7.5081733165299775,7.3631744,7.6503615,7.50805212097269,7.472466,7.545366,0.0,0.0,0.0
1797,7.5121877559661305,7.3674264,7.6544914,7.512232550884145,7.4766264,7.549567,0.0,0.0,0.0
1798,7.516230133207285,7.3714542,7.658179,7.516412980795598,7.4807873,7.5537686,0.0,0.0,0.0
1799,7.519053632579557,7.3748293,7.660656,7.520593410707054,7.4849477,7.5579696,0.0,0.0,0.0
1800,7.5285829140101574,7.383092,7.6717944,7.52477384061851,7.4891086,7.562171,0.0,0.0,0.0
1801,7.533942177031916,7.3885274,7.6762643,7.528954270529964,7.493269,7.566372,0.0,0.0,0.0
1802,7.539149142858705,7.3933063,7.681611,7.533134700441419,7.4974294,7.5705733,0.0,0.0,0.0
1803,7.542974578753471,7.3970537,7.6855617,7.537315130352875,7.5015903,7.5747743,0.0,0.0,0.0
1804,7.547654920632614,7.4020705,7.6894298,7.5414955602643285,7.5057507,7.5789757,0.0,0.0,0.0
1805,7.55021139325773,7.4044275,7.6917806,7.545675990175783,7.5099115,7.583177,0.0,0.0,0.0
1806,7.554358818101379,7.408551,7.6959586,7.549856420087238,7.514072,7.587378,0.0,0.0,0.0
1807,7.556128391290135,7.4099584,7.6971097,7.554036849998693,7.518233,7.5915794,0.0,0.0,0.0
1808,7.563749258436394,7.4178243,7.706656,7.558217279910148,7.522393,7.5957804,0.0,0.0,0.0
1809,7.5684173634762,7.4218693,7.710963,7.562397709821601,7.526554,7.599982,0.0,0.0,0.0
1810,7.573044452062272,7.427296,7.7151585,7.566578139733056,7.5307145,7.6041827,0.0,0.0,0.0
1811,7.574879910844417,7.429116,7.716464,7.570758569644512,7.534875,7.608384,0.0,0.0,0.0
1812,7.579238126919839,7.434068,7.721195,7.574938999555967,7.539036,7.6125855,0.0,0.0,0.0
1813,7.585671223674955,7.440083,7.7275276,7.579119429467422,7.543196,7.6167865,0.0,0.0,0.0
1814,7.591678516684554,7.445986,7.7343345,7.583299859378874,7.547357,7.620988,0.0,0.0,0.0
1815,7.59783108218663,7.452663,7.739972,7.587480289290331,7.5515175,7.625189,0.0,0.0,0.0
1816,7.600355412668922,7.4547396,7.7431207,7.5916607192017835,7.5556784,7.6293902,0.0,0.0,0.0
1817,7.602812287268554,7.457053,7.7454123,7.59584114911324,7.559839,7.633591,0.0,0.0,0.0
1818,7.609244782991521,7.463447,7.752387,7.600021579024695,7.5639997,7.6377926,0.0,0.0,0.0
1819,7.612982270069216,7.4679904,7.7558002,7.604202008936148,7.56816,7.641994,0.0,0.0,0.0
1820,7.620075278323457,7.474092,7.763519,7.6083824388476025,7.5723205,7.646195,0.0,0.0,0.0
1821,7.622653107064289,7.476589,7.7666335,7.612562868759058,7.5764813,7.6503963,0.0,0.0,0.0
1822,7.6284626551575245,7.4828587,7.7719803,7.616743298670514,7.5806417,7.6545973,0.0,0.0,0.0
1823,7.632742921100915,7.4863195,7.7767425,7.620923728581968,7.5848026,7.6587987,0.0,0.0,0.0
1824,7.63519504355251,7.4901977,7.778201,7.625104158493422,7.588963,7.6629996,0.0,0.0,0.0
1825,7.640280730455086,7.495395,7.782469,7.629284588404877,7.593124,7.667201,0.0,0.0,0.0
1826,7.643345252582525,7.49815,7.786154,7.633465018316332,7.5972843,7.671402,0.0,0.0,0.0
1827,7.645368998966529,7.5003734,7.787925,7.637645448227787,7.601445,7.6756034,0.0,0.0,0.0
1828,7.650378992114366,7.504152,7.7941265,7.64182587813924,7.6056056,7.679805,0.0,0.0,0.0
1829,7.6559710899336855,7.5097094,7.7987466,7.646006308050696,7.609766,7.6840057,0.0,0.0,0.0
1830,7.661301427464257,7.5149956,7.80371,7.65018673796215,7.613927,7.688207,0.0,0.0,0.0
1831,7.66498928500467,7.518771,7.8071404,7.654367167873605,7.6180873,7.692408,0.0,0.0,0.0
1832,7.671329084989687,7.525758,7.8125577,7.658547597785058,7.622248,7.6966095,0.0,0.0,0.0
1833,7.676088301494088,7.5305505,7.8175526,7.662728027696515,7.6264086,7.7008104,0.0,0.0,0.0
1834,7.678169521840591,7.531977,7.8203664,7.6669084576079705,7.6305695,7.705012,0.0,0.0,0.0
1835,7.682776451971771,7.537293,7.824548,7.671088887519423,7.63473,7.7092133,0.0,0.0,0.0
1836,7.68734944296147,7.54197,7.829307,7.67526931743088,7.6388907,7.713414,0.0,0.0,0.0
1837,7.6912864530756355,7.54619,7.8330398,7.679449747342334,7.643051,7.7176156,0.0,0.0,0.0
1838,7.698533151744312,7.5528603,7.8402386,7.683630177253788,7.6472116,7.7218165,0.0,0.0,0.0
1839,7.706680256142089,7.5617194,7.8475175,7.687810607165243,7.6513724,7.726018,0.0,0.0,0.0
1840,7.710779454280498,7.566847,7.8510065,7.691991037076698,7.655533,7.730219,0.0,0.0,0.0
1841,7.714436034616792,7.570517,7.853705,7.696171466988152,7.6596937,7.7344203,0.0,0.0,0.0
1842,7.721456235708007,7.5777435,7.8607526,7.700351896899608,7.663854,7.7386217,0.0,0.0,0.0
1843,7.727796370319555,7.5827203,7.868597,7.704532326811062,7.668015,7.7428226,0.0,0.0,0.0
1844,7.733413964370731,7.588111,7.8751893,7.708712756722518,7.6721754,7.747024,0.0,0.0,0.0
1845,7.737383663821037,7.591685,7.878796,7.7128931866339725,7.6763363,7.751225,0.0,0.0,0.0
1846,7.740641761920048,7.5953293,7.881601,7.717073616545425,7.6804967,7.7554264,0.0,0.0,0.0
1847,7.7449330325934715,7.5986047,7.886809,7.721254046456881,7.684657,7.7596273,0.0,0.0,0.0
1848,7.7507672737147635,7.603859,7.892806,7.725434476368336,7.688818,7.7638288,0.0,0.0,0.0
1849,7.756076706512584,7.609421,7.898994,7.7296149062797905,7.6929784,7.76803,0.0,0.0,0.0
1850,7.7600742537896,7.613173,7.9028745,7.733795336191246,7.6971393,7.772231,0.0,0.0,0.0
1851,7.764403519211478,7.618498,7.9071975,7.737975766102701,7.7012997,7.7764325,0.0,0.0,0.0
1852,7.767407109304681,7.621191,7.910177,7.742156196014156,7.7054605,7.7806334,0.0,0.0,0.0
1853,7.770855414151236,7.623448,7.9141817,7.74633662592561,7.709621,7.784835,0.0,0.0,0.0
1854,7.775258265519798,7.627935,7.919926,7.750517055837065,7.713782,7.789036,0.0,0.0,0.0
1855,7.781926762278545,7.6339498,7.927266,7.75469748574852,7.717942,7.793237,0.0,0.0,0.0
1856,7.787220812567322,7.6370068,7.933135,7.7588779156599745,7.7221026,7.7974386,0.0,0.0,0.0
1857,7.792633101033669,7.64359,7.9391418,7.763058345571428,7.7262635,7.8016396,0.0,0.0,0.0
1858,7.798427975807088,7.6484904,7.9453206,7.767238775482884,7.730424,7.805841,0.0,0.0,0.0
1859,7.804467573902768,7.6537347,7.952487,7.771419205394339,7.734585,7.810042,0.0,0.0,0.0
1860,7.811102872331764,7.661185,7.9588637,7.7755996353057935,7.738745,7.8142433,0.0,0.0,0.0
1861,7.813718353754877,7.66398,7.961017,7.779780065217247,7.742906,7.8184443,0.0,0.0,0.0
1862,7.81916252693433,7.6695547,7.966656,7.783960495128704,7.7470665,7.8226457,0.0,0.0,0.0
1863,7.824988775078811,7.676325,7.97137,7.788140925040156,7.7512274,7.8268466,0.0,0.0,0.0
1864,7.83041574723176,7.681475,7.9776163,7.792321354951612,7.755388,7.831048,0.0,0.0,0.0
1865,7.832762600923764,7.68307,7.980454,7.796501784863065,7.759548,7.8352494,0.0,0.0,0.0
1866,7.838478319869345,7.688941,7.985687,7.800682214774521,7.763709,7.8394504,0.0,0.0,0.0
1867,7.842383364050005,7.693024,7.9901414,7.804862644685977,7.7678695,7.843652,0.0,0.0,0.0
1868,7.847798870754351,7.6970434,7.996564,7.809043074597431,7.7720304,7.8478527,0.0,0.0,0.0
1869,7.853262718515083,7.7021675,8.001746,7.813223504508885,7.7761908,7.852054,0.0,0.0,0.0
1870,7.857928898498877,7.7069197,8.006617,7.81740393442034,7.7803516,7.856255,0.0,0.0,0.0
1871,7.861921357731455,7.7109013,8.011137,7.821584364331796,7.784512,7.8604565,0.0,0.0,0.0
1872,7.866807886459645,7.7155647,8.016682,7.825764794243251,7.788673,7.864658,0.0,0.0,0.0
1873,7.873412226116987,7.722244,8.023158,7.829945224154705,7.7928333,7.868859,0.0,0.0,0.0
1874,7.878091819077483,7.726903,8.026836,7.834125654066159,7.7969937,7.87306,0.0,0.0,0.0
1875,7.882127999657224,7.731081,8.031159,7.838306083977615,7.8011546,7.877261,0.0,0.0,0.0
1876,7.888330666104127,7.7377777,8.036836,7.84248651388907,7.805315,7.8814626,0.0,0.0,0.0
1877,7.892595889052621,7.742618,8.041013,7.846666943800522,7.809476,7.8856635,0.0,0.0,0.0
1878,7.898257511511604,7.747399,8.047035,7.850847373711978,7.8136363,7.889865,0.0,0.0,0.0
1879,7.90218625015176,7.752705,8.050073,7.8550278036234324,7.817797,7.8940663,0.0,0.0,0.0
1880,7.903667240202889,7.7540865,8.0519,7.859208233534888,7.8219576,7.8982673,0.0,0.0,0.0
1881,7.9074857842015005,7.75782,8.055377,7.863388663446343,7.8261185,7.9024687,0.0,0.0,0.0
1882,7.9090616128573945,7.759449,8.056958,7.8675690933577975,7.830279,7.9066696,0.0,0.0,0.0
1883,7.9174439741864795,7.7673955,8.064756,7.871749523269252,7.8344393,7.910871,0.0,0.0,0.0
1884,7.921459705354752,7.7713103,8.069252,7.875929953180706,7.8386,7.915072,0.0,0.0,0.0
1885,7.9261936893506295,7.774617,8.0756235,7.880110383092159,7.8427606,7.9192734,0.0,0.0,0.0
1886,7.9274177115016045,7.7756133,8.077401,7.8842908130036164,7.8469214,7.923475,0.0,0.0,0.0
1887,7.931924753393266,7.7800813,8.081758,7.888471242915069,7.851082,7.9276757,0.0,0.0,0.0
1888,7.936080324516706,7.784597,8.086422,7.892651672826525,7.8552427,7.931877,0.0,0.0,0.0
1889,7.940447411815387,7.788326,8.090992,7.896832102737981,7.859403,7.936078,0.0,0.0,0.0
1890,7.943341195865416,7.791119,8.093926,7.9010125326494345,7.863564,7.9402795,0.0,0.0,0.0
1891,7.946715127543387,7.795449,8.096396,7.905192962560889,7.8677244,7.9444804,0.0,0.0,0.0
1892,7.9493966864165815,7.7981215,8.098827,7.909373392472344,7.871885,7.948682,0.0,0.0,0.0
1893,7.953515605736061,7.8016586,8.102793,7.913553822383799,7.8760457,7.952883,0.0,0.0,0.0
1894,7.958619467681511,7.805716,8.108935,7.917734252295256,7.880206,7.957084,0.0,0.0,0.0
1895,7.961987242001367,7.808884,8.113774,7.921914682206706,7.884367,7.9612856,0.0,0.0,0.0
1896,7.969117014531148,7.8156686,8.120636,7.926095112118161,7.8885274,7.9654865,0.0,0.0,0.0
1897,7.974894032603996,7.821127,8.126471,7.9302755420296185,7.8926883,7.969688,0.0,0.0,0.0
1898,7.977626727370405,7.823514,8.128744,7.934455971941073,7.8968487,7.973889,0.0,0.0,0.0
1899,7.979765593934352,7.8259506,8.130794,7.938636401852526,7.9010096,7.9780903,0.0,0.0,0.0
1900,7.985138497378088,7.8312006,8.135822,7.942816831763981,7.90517,7.982291,0.0,0.0,0.0
1901,7.9898806418445245,7.8354864,8.141712,7.9469972616754365,7.9093304,7.9864926,0.0,0.0,0.0
1902,7.993592362486029,7.83806,8.145212,7.951177691586892,7.9134912,7.990694,0.0,0.0,0.0
1903,7.998301908608938,7.842332,8.150252,7.955358121498346,7.9176517,7.994895,0.0,0.0,0.0
1904,8.00620281904585,7.849106,8.158918,7.959538551409801,7.9218125,7.9990964,0.0,0.0,0.0
1905,8.012425939902695,7.85494,8.165206,7.9637189813212546,7.925973,8.003298,0.0,0.0,0.0
1906,8.018031417444712,7.862892,8.169561,7.967899411232708,7.930134,8.007499,0.0,0.0,0.0
1907,8.019748588362534,7.864264,8.17162,7.972079841144164,7.934294,8.011701,0.0,0.0,0.0
1908,8.024613964304368,7.868939,8.176155,7.976260271055619,7.938455,8.015902,0.0,0.0,0.0
1909,8.028525842116492,7.873519,8.179646,7.980440700967074,7.9426155,8.0201025,0.0,0.0,0.0
1910,8.032807710202933,7.877579,8.184365,7.984621130878527,7.946776,8.024304,0.0,0.0,0.0
1911,8.037504185892454,7.8818793,8.189001,7.988801560789985,7.950937,8.028505,0.0,0.0,0.0
1912,8.039819663446911,7.8841753,8.19122,7.99298199070144,7.955097,8.032706,0.0,0.0,0.0
1913,8.044848010412887,7.887765,8.197029,7.997162420612894,7.959258,8.036907,0.0,0.0,0.0
1914,8.048620846366187,7.892075,8.201088,8.001342850524349,7.9634185,8.041109,0.0,0.0,0.0
1915,8.057040908697434,7.8999596,8.209968,8.005523280435801,7.9675794,8.04531,0.0,0.0,0.0
1916,8.061953690690249,7.905392,8.215142,8.009703710347258,7.97174,8.049511,0.0,0.0,0.0
1917,8.06715617874785,7.9111843,8.219564,8.013884140258712,7.9759007,8.053713,0.0,0.0,0.0
1918,8.07166369230502,7.9159894,8.224273,8.018064570170166,7.980061,8.057914,0.0,0.0,0.0
1919,8.0756017457063,7.9189186,8.228835,8.022245000081622,7.9842215,8.062115,0.0,0.0,0.0
1920,8.080613009539789,7.924473,8.233367,8.026425429993076,7.9883823,8.066316,0.0,0.0,0.0
1921,8.082866928040174,7.9259033,8.235666,8.030605859904531,7.9925427,8.070518,0.0,0.0,0.0
1922,8.086894851201738,7.930453,8.239577,8.034786289815985,7.9967036,8.074718,0.0,0.0,0.0
1923,8.091753109905389,7.936027,8.243894,8.038966719727439,8.000864,8.078919,0.0,0.0,0.0
1924,8.095891474176366,7.939241,8.248691,8.043147149638894,8.005024,8.083121,0.0,0.0,0.0
1925,8.097769592905571,7.9417386,8.249874,8.04732757955035,8.009185,8.087322,0.0,0.0,0.0
1926,8.102915154809837,7.9473267,8.254685,8.051508009461806,8.013346,8.091523,0.0,0.0,0.0
1927,8.107758314669347,7.952516,8.258846,8.055688439373261,8.017506,8.095724,0.0,0.0,0.0
1928,8.111293133825393,7.9563184,8.261936,8.059868869284717,8.021667,8.099926,0.0,0.0,0.0
1929,8.117336028545914,7.963576,8.268042,8.06404929919617,8.025827,8.104127,0.0,0.0,0.0
1930,8.125821752815861,7.970528,8.27836,8.068229729107625,8.029988,8.108328,0.0,0.0,0.0
1931,8.132567316369295,7.977028,8.285029,8.07241015901908,8.034148,8.11253,0.0,0.0,0.0
1932,8.133215965606627,7.97758,8.285923,8.076590588930534,8.038309,8.116731,0.0,0.0,0.0
1933,8.138598383234303,7.982987,8.291041,8.08077101884199,8.04247,8.120932,0.0,0.0,0.0
1934,8.14187679288519,7.9862995,8.294276,8.084951448753442,8.046631,8.125133,0.0,0.0,0.0
1935,8.146187581906519,7.990166,8.2987585,8.0891318786649,8.050791,8.129334,0.0,0.0,0.0
1936,8.149575092551386,7.992939,8.302603,8.093312308576351,8.054952,8.133535,0.0,0.0,0.0
1937,8.15547514125756,8.000039,8.308591,8.097492738487809,8.059113,8.137736,0.0,0.0,0.0
1938,8.159321833390253,8.004773,8.311616,8.101673168399262,8.063272,8.141938,0.0,0.0,0.0
1939,8.163260905593585,8.008212,8.316266,8.105853598310715,8.067433,8.146139,0.0,0.0,0.0
1940,8.167689978540972,8.012288,8.320445,8.11003402822217,8.071594,8.15034,0.0,0.0,0.0
1941,8.171231868501424,8.01555,8.32499,8.114214458133628,8.075755,8.154541,0.0,0.0,0.0
1942,8.173973598116598,8.0185795,8.328686,8.118394888045081,8.079915,8.158743,0.0,0.0,0.0
1943,8.177340681178942,8.021839,8.331882,8.122575317956533,8.084076,8.162944,0.0,0.0,0.0
1944,8.182962644688553,8.027838,8.336821,8.126755747867989,8.088237,8.167145,0.0,0.0,0.0
1945,8.18635505934032,8.031688,8.340556,8.130936177779445,8.092397,8.171346,0.0,0.0,0.0
1946,8.190489174260652,8.03618,8.34407,8.135116607690899,8.096558,8.175548,0.0,0.0,0.0
1947,8.194872250373047,8.041125,8.348316,8.139297037602354,8.1007185,8.179749,0.0,0.0,0.0
1948,8.196600332829208,8.042828,8.349536,8.143477467513808,8.104879,8.183949,0.0,0.0,0.0
1949,8.200963291931725,8.048333,8.353168,8.147657897425265,8.109039,8.188151,0.0,0.0,0.0
1950,8.206828489487071,8.053142,8.35902,8.15183832733672,8.1132,8.192352,0.0,0.0,0.0
1951,8.20883515726192,8.055162,8.3602705,8.156018757248173,8.117361,8.196553,0.0,0.0,0.0
1952,8.21200604246948,8.05953,8.363108,8.160199187159627,8.121522,8.200754,0.0,0.0,0.0
1953,8.213418489884338,8.061042,8.363767,8.164379617071083,8.125682,8.204956,0.0,0.0,0.0
1954,8.217086509067478,8.063601,8.367544,8.168560046982536,8.129843,8.209157,0.0,0.0,0.0
1955,8.223190369384334,8.070688,8.37304,8.172740476893992,8.134004,8.213358,0.0,0.0,0.0
1956,8.226811508195532,8.073553,8.377429,8.176920906805448,8.138164,8.21756,0.0,0.0,0.0
1957,8.231163841942461,8.076025,8.382901,8.181101336716901,8.142324,8.221761,0.0,0.0,0.0
1958,8.235675129246365,8.080795,8.386686,8.185281766628355,8.146485,8.225962,0.0,0.0,0.0
1959,8.24015827365614,8.084343,8.391688,8.189462196539811,8.150646,8.230163,0.0,0.0,0.0
1960,8.244824834510313,8.088578,8.396206,8.193642626451268,8.154806,8.2343645,0.0,0.0,0.0
1961,8.248527609552806,8.092685,8.400494,8.19782305636272,8.158967,8.238565,0.0,0.0,0.0
1962,8.255735473781431,8.100368,8.406754,8.202003486274174,8.163128,8.242766,0.0,0.0,0.0
1963,8.259308272939444,8.104751,8.409937,8.20618391618563,8.167288,8.246968,0.0,0.0,0.0
1964,8.265305648559924,8.10964,8.417485,8.210364346097084,8.171449,8.251169,0.0,0.0,0.0
1965,8.270306217003286,8.114569,8.422569,8.21454477600854,8.17561,8.25537,0.0,0.0,0.0
1966,8.275485351661699,8.118528,8.429635,8.218725205919993,8.17977,8.259571,0.0,0.0,0.0
1967,8.27804700437474,8.120863,8.43237,8.222905635831449,8.18393,8.263773,0.0,0.0,0.0
1968,8.278902784407808,8.121515,8.433416,8.227086065742903,8.188091,8.267974,0.0,0.0,0.0
1969,8.27971044641431,8.122251,8.434181,8.231266495654358,8.192252,8.272175,0.0,0.0,0.0
1970,8.282229197813754,8.124152,8.437471,8.235446925565814,8.196413,8.276377,0.0,0.0,0.0
1971,8.286319873855515,8.128816,8.441728,8.239627355477268,8.200573,8.280578,0.0,0.0,0.0
1972,8.289867330759888,8.132075,8.444895,8.243807785388723,8.204734,8.284779,0.0,0.0,0.0
1973,8.293546674517428,8.135627,8.448907,8.247988215300177,8.208895,8.28898,0.0,0.0,0.0
1974,8.297288590733238,8.13903,8.453759,8.252168645211633,8.213055,8.293181,0.0,0.0,0.0
1975,8.299813683802917,8.142117,8.455487,8.256349075123087,8.217216,8.297382,0.0,0.0,0.0
1976,8.304257462466543,8.14529,8.460514,8.260529505034542,8.221376,8.301583,0.0,0.0,0.0
1977,8.308119251766575,8.148624,8.465101,8.264709934945996,8.225537,8.305785,0.0,0.0,0.0
1978,8.311950439436375,8.153411,8.468407,8.268890364857448,8.229697,8.309986,0.0,0.0,0.0
1979,8.316981001974636,8.158363,8.474709,8.273070794768906,8.233858,8.314187,0.0,0.0,0.0
1980,8.319395868221902,8.15983,8.47785,8.27725122468036,8.238019,8.318388,0.0,0.0,0.0
1981,8.321961258871251,8.163009,8.479509,8.281431654591815,8.242179,8.32259,0.0,0.0,0.0
1982,8.326227838591956,8.167832,8.482991,8.285612084503269,8.24634,8.326791,0.0,0.0,0.0
1983,8.331361514274702,8.171781,8.489074,8.289792514414723,8.250501,8.330992,0.0,0.0,0.0
1984,8.33256030153263,8.173081,8.489947,8.293972944326176,8.254662,8.335194,0.0,0.0,0.0
1985,8.336200407742387,8.177036,8.4932995,8.298153374237632,8.2588215,8.339395,0.0,0.0,0.0
1986,8.340959002101924,8.181691,8.498056,8.302333804149088,8.262982,8.3435955,0.0,0.0,0.0
1987,8.347686644104853,8.189319,8.504614,8.306514234060542,8.267143,8.347796,0.0,0.0,0.0
1988,8.352193213006993,8.193831,8.508664,8.310694663971999,8.271304,8.351998,0.0,0.0,0.0
1989,8.357198157865026,8.198897,8.51441,8.314875093883453,8.275464,8.356199,0.0,0.0,0.0
1990,8.363346797292428,8.203882,8.521325,8.319055523794908,8.279625,8.3604,0.0,0.0,0.0
1991,8.368038447973394,8.207694,8.5261,8.323235953706364,8.283786,8.364602,0.0,0.0,0.0
1992,8.37006411780703,8.210175,8.527741,8.327416383617814,8.287946,8.368803,0.0,0.0,0.0
1993,8.374719806720348,8.214308,8.533222,8.33159681352927,8.292107,8.373004,0.0,0.0,0.0
1994,8.379355510876147,8.219425,8.537619,8.335777243440727,8.2962675,8.377205,0.0,0.0,0.0
1995,8.381319125597269,8.221764,8.53888,8.339957673352183,8.300428,8.381407,0.0,0.0,0.0
1996,8.38518395995395,8.226177,8.542226,8.344138103263637,8.304588,8.385608,0.0,0.0,0.0
1997,8.39211107220061,8.233573,8.549096,8.34831853317509,8.308749,8.389809,0.0,0.0,0.0
1998,8.397628770661054,8.238436,8.554082,8.352498963086548,8.31291,8.394011,0.0,0.0,0.0
1999,8.402119919637236,8.24263,8.5587435,8.356679392998002,8.31707,8.3982115,0.0,0.0,0.0
2000,8.40574753911879,8.246682,8.562012,8.360859822909456,8.321231,8.402412,0.0,0.0,0.0
2001,8.408756511869694,8.250351,8.564819,8.36504025282091,8.325392,8.406613,0.0,0.0,0.0
2002,8.41073603425625,8.251869,8.566263,8.369220682732365,8.329553,8.410815,0.0,0.0,0.0
2003,8.413554244003992,8.255443,8.570092,8.373401112643819,8.333713,8.415016,0.0,0.0,0.0
2004,8.418315188575724,8.260398,8.574963,8.377581542555273,8.337873,8.419217,0.0,0.0,0.0
2005,8.423670421717652,8.265044,8.580589,8.381761972466728,8.342034,8.423418,0.0,0.0,0.0
2006,8.426390146142985,8.267855,8.583973,8.385942402378184,8.346195,8.42762,0.0,0.0,0.0
2007,8.43163673132168,8.272102,8.590258,8.390122832289636,8.350355,8.431821,0.0,0.0,0.0
2008,8.43702447279905,8.277278,8.596922,8.394303262201094,8.354516,8.436022,0.0,0.0,0.0
2009,8.441777021095065,8.281621,8.601573,8.398483692112547,8.358677,8.440224,0.0,0.0,0.0
2010,8.446235942565583,8.285616,8.606372,8.402664122024001,8.362837,8.444425,0.0,0.0,0.0
2011,8.449726319859648,8.289754,8.609447,8.406844551935455,8.366998,8.448626,0.0,0.0,0.0
2012,8.454122510990523,8.293962,8.612617,8.411024981846909,8.371159,8.4528265,0.0,0.0,0.0
2013,8.457778368370144,8.296884,8.616342,8.415205411758368,8.3753195,8.457028,0.0,0.0,0.0
2014,8.459769673714819,8.298402,8.618398,8.41938584166982,8.379479,8.461229,0.0,0.0,0.0
2015,8.46702856339712,8.306443,8.6260195,8.423566271581274,8.38364,8.46543,0.0,0.0,0.0
2016,8.46926328185858,8.308619,8.62777,8.427746701492731,8.387801,8.469632,0.0,0.0,0.0
2017,8.472119132189901,8.312372,8.630211,8.431927131404185,8.391961,8.473833,0.0,0.0,0.0
2018,8.47627800966318,8.3168335,8.634409,8.43610756131564,8.396122,8.478034,0.0,0.0,0.0
2019,8.480501609089295,8.320237,8.639305,8.440287991227093,8.400283,8.482235,0.0,0.0,0.0
2020,8.483720232846501,8.324073,8.641392,8.44446842113855,8.404444,8.486437,0.0,0.0,0.0
2021,8.48750002850631,8.327788,8.64531,8.448648851050002,8.408604,8.490638,0.0,0.0,0.0
2022,8.492461416576193,8.332227,8.651016,8.45282928096146,8.412765,8.494839,0.0,0.0,0.0
2023,8.494826963163401,8.334275,8.654085,8.457009710872912,8.416925,8.499041,0.0,0.0,0.0
2024,8.499352319880295,8.338236,8.6586685,8.46119014078437,8.421086,8.503242,0.0,0.0,0.0
2025,8.502922747243705,8.341623,8.662947,8.465370570695821,8.425246,8.507442,0.0,0.0,0.0
2026,8.505512989821463,8.344601,8.665399,8.469551000607277,8.429407,8.511643,0.0,0.0,0.0
2027,8.507279288194116,8.34557,8.667516,8.473731430518734,8.433568,8.515845,0.0,0.0,0.0
2028,8.510582278498084,8.349137,8.67101,8.477911860430186,8.437728,8.520046,0.0,0.0,0.0
2029,8.517950234990595,8.356899,8.678884,8.48209229034164,8.441889,8.524247,0.0,0.0,0.0
2030,8.5234957589895,8.361818,8.683861,8.486272720253096,8.44605,8.528449,0.0,0.0,0.0
2031,8.528974239435348,8.368241,8.6888895,8.49045315016455,8.450211,8.53265,0.0,0.0,0.0
2032,8.534922788459841,8.37579,8.693237,8.494633580076007,8.4543705,8.536851,0.0,0.0,0.0
2033,8.539893970191008,8.37954,8.699675,8.49881400998746,8.458531,8.541052,0.0,0.0,0.0
2034,8.54367549888196,8.382218,8.703376,8.502994439898917,8.462692,8.545254,0.0,0.0,0.0
2035,8.552296712143715,8.390867,8.711902,8.507174869810372,8.466852,8.549455,0.0,0.0,0.0
2036,8.557585913286836,8.395313,8.717975,8.511355299721826,8.471013,8.553656,0.0,0.0,0.0
2037,8.560775579869318,8.397741,8.72173,8.51553572963328,8.475174,8.5578575,0.0,0.0,0.0
2038,8.565696798129316,8.403831,8.726113,8.519716159544732,8.479335,8.562058,0.0,0.0,0.0
2039,8.571859600907692,8.412024,8.73133,8.52389658945619,8.483495,8.566259,0.0,0.0,0.0
2040,8.576118263147867,8.416575,8.7356415,8.528077019367645,8.487656,8.57046,0.0,0.0,0.0
2041,8.579847306016996,8.41943,8.738388,8.532257449279097,8.4918165,8.574662,0.0,0.0,0.0
2042,8.584326318458494,8.424538,8.743315,8.53643787919055,8.495977,8.578863,0.0,0.0,0.0
2043,8.589431383485513,8.429936,8.74817,8.540618309102008,8.500137,8.583064,0.0,0.0,0.0
2044,8.595994752052913,8.437132,8.753421,8.544798739013462,8.504298,8.587266,0.0,0.0,0.0
2045,8.60051689368576,8.442193,8.75811,8.548979168924914,8.508459,8.591467,0.0,0.0,0.0
2046,8.605448625042548,8.446697,8.762203,8.553159598836372,8.512619,8.595668,0.0,0.0,0.0
2047,8.609977491018993,8.452599,8.767321,8.557340028747827,8.51678,8.599869,0.0,0.0,0.0
2048,8.616685875212946,8.45822,8.776054,8.561520458659281,8.520941,8.604071,0.0,0.0,0.0
2049,8.621581478714807,8.46218,8.780959,8.565700888570737,8.525102,8.608272,0.0,0.0,0.0
2050,8.626663642123273,8.467147,8.786803,8.569881318482192,8.529262,8.612473,0.0,0.0,0.0
2051,8.630838219313002,8.470351,8.791906,8.574061748393643,8.533422,8.616674,0.0,0.0,0.0
2052,8.636516644529907,8.476367,8.796596,8.5782421783051,8.537583,8.620875,0.0,0.0,0.0
2053,8.640439998154111,8.480996,8.800285,8.582422608216556,8.541743,8.625076,0.0,0.0,0.0
2054,8.643887489333792,8.484162,8.803981,8.58660303812801,8.545904,8.629277,0.0,0.0,0.0
2055,8.64944635317394,8.489578,8.809619,8.590783468039463,8.550065,8.633479,0.0,0.0,0.0
2056,8.653151895907898,8.493624,8.812146,8.594963897950919,8.554226,8.63768,0.0,0.0,0.0
2057,8.655947791978132,8.497191,8.814513,8.599144327862374,8.558386,8.641881,0.0,0.0,0.0
2058,8.662954922450433,8.502988,8.82298,8.60332475777383,8.562547,8.646083,0.0,0.0,0.0
2059,8.66791487521542,8.508511,8.827613,8.607505187685282,8.566708,8.650284,0.0,0.0,0.0
2060,8.673417552050873,8.512892,8.833929,8.61168561759674,8.5708685,8.654485,0.0,0.0,0.0
2061,8.68166683035468,8.522766,8.842145,8.615866047508193,8.575028,8.658686,0.0,0.0,0.0
2062,8.685613747645215,8.526415,8.845801,8.62004647741965,8.579189,8.662888,0.0,0.0,0.0
2063,8.69307201839703,8.533711,8.8545885,8.624226907331101,8.58335,8.6670885,0.0,0.0,0.0
2064,8.695684354997057,8.536404,8.856735,8.628407337242558,8.58751,8.671289,0.0,0.0,0.0
2065,8.697622303017056,8.537807,8.85901,8.632587767154012,8.591671,8.675491,0.0,0.0,0.0
2066,8.700310441319203,8.541061,8.861103,8.63676819706547,8.595832,8.679692,0.0,0.0,0.0
2067,8.7076177159854,8.548346,8.867872,8.640948626976924,8.599993,8.683893,0.0,0.0,0.0
2068,8.71221052060173,8.553085,8.873641,8.645129056888377,8.604153,8.688094,0.0,0.0,0.0
2069,8.714564174303238,8.555109,8.87548,8.649309486799831,8.608314,8.692296,0.0,0.0,0.0
2070,8.717878776077264,8.558047,8.879117,8.653489916711285,8.612474,8.696497,0.0,0.0,0.0
2071,8.724045151043885,8.565753,8.884455,8.65767034662274,8.616634,8.700698,0.0,0.0,0.0
2072,8.72843150500918,8.569852,8.888939,8.661850776534193,8.620795,8.704899,0.0,0.0,0.0
2073,8.73530480801003,8.576185,8.8957205,8.666031206445648,8.624956,8.709101,0.0,0.0,0.0
2074,8.739921484473486,8.580268,8.90106,8.670211636357104,8.629117,8.713302,0.0,0.0,0.0
2075,8.74177806536398,8.582551,8.902681,8.674392066268558,8.633277,8.717503,0.0,0.0,0.0
2076,8.744923874745057,8.585651,8.905208,8.678572496180015,8.637438,8.7217045,0.0,0.0,0.0
2077,8.748478107839523,8.58816,8.909486,8.682752926091467,8.641599,8.725905,0.0,0.0,0.0
2078,8.75386475102319,8.595253,8.91287,8.686933356002925,8.64576,8.730106,0.0,0.0,0.0
2079,8.757419307891524,8.597566,8.918123,8.69111378591438,8.6499195,8.734307,0.0,0.0,0.0
2080,8.762328110765367,8.603104,8.92247,8.695294215825836,8.65408,8.738509,0.0,0.0,0.0
2081,8.76781485312302,8.607892,8.92843,8.699474645737286,8.658241,8.74271,0.0,0.0,0.0
2082,8.772334894359984,8.612889,8.932003,8.703655075648744,8.662401,8.746911,0.0,0.0,0.0
2083,8.778156660743521,8.618702,8.937822,8.7078355055602,8.666562,8.751113,0.0,0.0,0.0
2084,8.781029497431257,8.622358,8.940337,8.712015935471651,8.670723,8.755314,0.0,0.0,0.0
2085,8.786949797424143,8.628581,8.946548,8.716196365383107,8.674884,8.759515,0.0,0.0,0.0
2086,8.791022190703211,8.633314,8.949655,8.72037679529456,8.679044,8.763716,0.0,0.0,0.0
2087,8.793963466291585,8.636739,8.951658,8.724557225206016,8.683205,8.767918,0.0,0.0,0.0
2088,8.797149493126911,8.642029,8.953849,8.72873765511747,8.687366,8.772119,0.0,0.0,0.0
2089,8.80110450992115,8.644895,8.957891,8.732918085028926,8.691525,8.7763195,0.0,0.0,0.0
2090,8.803121359060828,8.647175,8.9600935,8.73709851494038,8.695686,8.780521,0.0,0.0,0.0
2091,8.807604389664805,8.652011,8.964698,8.741278944851835,8.699847,8.784722,0.0,0.0,0.0
2092,8.811416509542063,8.654509,8.969072,8.745459374763291,8.704008,8.788923,0.0,0.0,0.0
2093,8.814381849032179,8.657121,8.972246,8.749639804674745,8.708168,8.793124,0.0,0.0,0.0
2094,8.817832782596358,8.660044,8.975989,8.753820234586199,8.712329,8.797326,0.0,0.0,0.0
2095,8.822035957983426,8.66467,8.980358,8.758000664497652,8.71649,8.801527,0.0,0.0,0.0
2096,8.827549335166344,8.669857,8.985101,8.762181094409108,8.720651,8.805728,0.0,0.0,0.0
2097,8.830557448494428,8.672552,8.988576,8.766361524320564,8.724811,8.80993,0.0,0.0,0.0
2098,8.832320700670875,8.673724,8.991522,8.77054195423202,8.7289715,8.814131,0.0,0.0,0.0
2099,8.834872451214384,8.675553,8.994656,8.774722384143475,8.733132,8.818332,0.0,0.0,0.0
2100,8.839164065901468,8.681506,8.9981785,8.778902814054925,8.737292,8.822533,0.0,0.0,0.0
2101,8.840915853095117,8.682883,9.000375,8.783083243966384,8.741453,8.826735,0.0,0.0,0.0
2102,8.844508243276692,8.686578,9.003493,8.787263673877836,8.745614,8.8309355,0.0,0.0,0.0
2103,8.847995683550149,8.690641,9.0070095,8.79144410378929,8.749775,8.835136,0.0,0.0,0.0
2104,8.852351414304025,8.695458,9.010839,8.795624533700748,8.753935,8.839338,0.0,0.0,0.0
2105,8.856730404079306,8.699954,9.015555,8.7998049636122,8.758096,8.843539,0.0,0.0,0.0
2106,8.86008493018586,8.703597,9.01818,8.803985393523655,8.762257,8.84774,0.0,0.0,0.0
2107,8.865630749419305,8.709704,9.023091,8.808165823435107,8.766417,8.851941,0.0,0.0,0.0
2108,8.869093551423674,8.713419,9.026164,8.812346253346567,8.770577,8.856143,0.0,0.0,0.0
2109,8.872495153664783,8.716072,9.030347,8.816526683258019,8.774738,8.860344,0.0,0.0,0.0
2110,8.877436543466342,8.720004,9.036956,8.820707113169476,8.778899,8.864545,0.0,0.0,0.0
2111,8.884115512093425,8.726934,9.043922,8.824887543080928,8.783059,8.868747,0.0,0.0,0.0
2112,8.887417913923224,8.730107,9.047572,8.829067972992386,8.78722,8.872948,0.0,0.0,0.0
2113,8.892488433289763,8.734761,9.052774,8.833248402903841,8.791381,8.877149,0.0,0.0,0.0
2114,8.898124517895727,8.741174,9.05856,8.837428832815295,8.795542,8.88135,0.0,0.0,0.0
2115,8.901176940425048,8.743825,9.061605,8.84160926272675,8.799702,8.885551,0.0,0.0,0.0
2116,8.906760942772271,8.748601,9.068636,8.8457896926382,8.803863,8.889752,0.0,0.0,0.0
2117,8.911606751914995,8.753563,9.073727,8.849970122549655,8.808023,8.893953,0.0,0.0,0.0
2118,8.916884463566653,8.758025,9.079552,8.854150552461114,8.812183,8.898155,0.0,0.0,0.0
2119,8.922350255893038,8.763253,9.086502,8.858330982372566,8.816344,8.902356,0.0,0.0,0.0
2120,8.930599455264078,8.771762,9.093674,8.862511412284022,8.820505,8.906557,0.0,0.0,0.0
2121,8.934942285079329,8.7750845,9.098611,8.866691842195475,8.824666,8.910758,0.0,0.0,0.0
2122,8.94059839321934,8.779452,9.105271,8.870872272106931,8.828826,8.91496,0.0,0.0,0.0
2123,8.947562781506033,8.787053,9.112855,8.875052702018385,8.832987,8.919161,0.0,0.0,0.0
2124,8.949830234472618,8.789985,9.114369,8.879233131929842,8.837148,8.923362,0.0,0.0,0.0
2125,8.956988898872186,8.797667,9.121017,8.883413561841296,8.841308,8.927564,0.0,0.0,0.0
2126,8.959644280774247,8.800094,9.123486,8.88759399175275,8.8454685,8.931765,0.0,0.0,0.0
2127,8.963006731749344,8.804257,9.125889,8.891774421664204,8.849629,8.935966,0.0,0.0,0.0
2128,8.965719110809856,8.806942,9.129279,8.895954851575661,8.85379,8.940166,0.0,0.0,0.0
2129,8.9688645817424,8.809801,9.1319895,8.900135281487117,8.85795,8.944368,0.0,0.0,0.0
2130,8.972876024478296,8.814792,9.135247,8.904315711398567,8.862111,8.948569,0.0,0.0,0.0
2131,8.975312115553855,8.817471,9.137245,8.908496141310025,8.866272,8.95277,0.0,0.0,0.0
2132,8.982505474041727,8.825563,9.143657,8.912676571221478,8.870433,8.956972,0.0,0.0,0.0
2133,8.98767934152161,8.831007,9.149258,8.916857001132934,8.874593,8.961173,0.0,0.0,0.0
2134,8.991936052887374,8.836546,9.152446,8.921037431044386,8.878754,8.965374,0.0,0.0,0.0
2135,8.997974128342644,8.843368,9.157596,8.925217860955843,8.882915,8.969575,0.0,0.0,0.0
2136,9.000358258765372,8.845899,9.160181,8.929398290867299,8.887074,8.973777,0.0,0.0,0.0
2137,9.005743526573532,8.850249,9.165942,8.933578720778753,8.891235,8.977978,0.0,0.0,0.0
2138,9.009526359329154,8.854907,9.168831,8.937759150690207,8.895396,8.982179,0.0,0.0,0.0
2139,9.013707095661735,8.858678,9.17347,8.94193958060166,8.899557,8.98638,0.0,0.0,0.0
2140,9.014484409553154,8.859671,9.174108,8.946120010513116,8.903717,8.9905815,0.0,0.0,0.0
2141,9.018505080732023,8.863098,9.177518,8.950300440424574,8.907878,8.994782,0.0,0.0,0.0
2142,9.0232838406618,8.867606,9.1826935,8.954480870336024,8.912039,8.998983,0.0,0.0,0.0
2143,9.026378653692701,8.872664,9.184983,8.958661300247483,8.916199,9.003185,0.0,0.0,0.0
2144,9.030608707410476,8.877625,9.18837,8.962841730158937,8.92036,9.007386,0.0,0.0,0.0
2145,9.03639652473183,8.884852,9.19274,8.96702216007039,8.9245205,9.011587,0.0,0.0,0.0
2146,9.0382044325764,8.886873,9.194078,8.971202589981846,8.928681,9.015788,0.0,0.0,0.0
2147,9.044770162283966,8.895144,9.199575,8.975383019893298,8.932841,9.01999,0.0,0.0,0.0
2148,9.048333876843966,8.898791,9.203347,8.979563449804754,8.937002,9.024191,0.0,0.0,0.0
2149,9.05100797363064,8.900921,9.2059965,8.983743879716208,8.941163,9.028392,0.0,0.0,0.0
2150,9.056538065363476,8.905262,9.213144,8.987924309627664,8.945324,9.032594,0.0,0.0,0.0
2151,9.060766067862053,8.909766,9.217896,8.99210473953912,8.949484,9.036795,0.0,0.0,0.0
2152,9.066315453783604,8.91493,9.223479,8.996285169450573,8.953645,9.040996,0.0,0.0,0.0
2153,9.070238469826965,8.918007,9.227861,9.000465599362029,8.957806,9.045197,0.0,0.0,0.0
2154,9.074062036333482,8.92107,9.231847,9.004646029273484,8.961966,9.049398,0.0,0.0,0.0
2155,9.077305049093367,8.924337,9.235059,9.008826459184936,8.966126,9.053599,0.0,0.0,0.0
2156,9.0805478043241,8.928452,9.237335,9.013006889096394,8.970287,9.0578,0.0,0.0,0.0
2157,9.086441724150864,8.93401,9.244738,9.01718731900785,8.974448,9.062002,0.0,0.0,0.0
2158,9.091408185586259,8.938217,9.2497425,9.021367748919301,8.978608,9.066203,0.0,0.0,0.0
2159,9.092473762852176,8.939448,9.251232,9.025548178830757,8.982769,9.070404,0.0,0.0,0.0
2160,9.097256811070121,8.943695,9.255999,9.02972860874221,8.98693,9.074605,0.0,0.0,0.0
2161,9.100085266844546,8.947206,9.25793,9.033909038653665,8.99109,9.078807,0.0,0.0,0.0
2162,9.10567680942534,8.951476,9.264262,9.038089468565119,8.995251,9.083008,0.0,0.0,0.0
2163,9.109267261394587,8.955646,9.267419,9.042269898476576,8.999412,9.087209,0.0,0.0,0.0
2164,9.111586064772151,8.957987,9.270608,9.04645032838803,9.003572,9.091411,0.0,0.0,0.0
2165,9.114975710684027,8.960549,9.273868,9.050630758299485,9.007732,9.095612,0.0,0.0,0.0
2166,9.119025353508501,8.96412,9.27848,9.05481118821094,9.011893,9.0998125,0.0,0.0,0.0
2167,9.124979850892933,8.97158,9.283539,9.058991618122393,9.016054,9.104013,0.0,0.0,0.0
2168,9.127809889955172,8.97403,9.286078,9.063172048033847,9.020215,9.108215,0.0,0.0,0.0
2169,9.131072124622332,8.977538,9.289251,9.067352477945303,9.024375,9.112416,0.0,0.0,0.0
2170,9.134782606094403,8.981777,9.29268,9.071532907856756,9.028536,9.116617,0.0,0.0,0.0
2171,9.138846248284215,8.986063,9.298143,9.075713337768212,9.032697,9.120819,0.0,0.0,0.0
2172,9.145642742500831,8.992711,9.30561,9.079893767679668,9.036857,9.12502,0.0,0.0,0.0
2173,9.147430119784758,8.992983,9.308471,9.084074197591125,9.041018,9.129221,0.0,0.0,0.0
2174,9.152788605955925,8.998568,9.3132,9.088254627502575,9.045178,9.133422,0.0,0.0,0.0
2175,9.157406955464712,9.002588,9.317916,9.092435057414033,9.049339,9.137624,0.0,0.0,0.0
2176,9.161460317871073,9.0054035,9.322616,9.096615487325488,9.053499,9.141825,0.0,0.0,0.0
2177,9.164300989732327,9.007866,9.325957,9.100795917236944,9.05766,9.146026,0.0,0.0,0.0
2178,9.16895811450338,9.011641,9.332125,9.104976347148398,9.061821,9.150228,0.0,0.0,0.0
2179,9.17609846738944,9.018411,9.339413,9.109156777059848,9.065981,9.1544285,0.0,0.0,0.0
2180,9.180907897134968,9.023403,9.343827,9.113337206971305,9.070142,9.158629,0.0,0.0,0.0
2181,9.186715571516684,9.027382,9.351102,9.11751763688276,9.074303,9.16283,0.0,0.0,0.0
2182,9.19275056278854,9.032738,9.358047,9.121698066794215,9.078464,9.167032,0.0,0.0,0.0
2183,9.197678918297154,9.037552,9.363688,9.125878496705669,9.0826235,9.171233,0.0,0.0,0.0
2184,9.201199087420402,9.041941,9.366243,9.130058926617126,9.086784,9.175434,0.0,0.0,0.0
2185,9.204636523854212,9.044358,9.371141,9.134239356528582,9.090945,9.179636,0.0,0.0,0.0
2186,9.20947807208978,9.050428,9.375254,9.138419786440034,9.095105,9.183837,0.0,0.0,0.0
2187,9.21397813575116,9.054664,9.378673,9.14260021635149,9.099266,9.188038,0.0,0.0,0.0
2188,9.217180348681003,9.058373,9.382676,9.146780646262945,9.103427,9.192239,0.0,0.0,0.0
2189,9.222571190154301,9.064036,9.388477,9.150961076174399,9.107588,9.196441,0.0,0.0,0.0
2190,9.226154591351946,9.066793,9.3929825,9.155141506085853,9.111748,9.200642,0.0,0.0,0.0
2191,9.232503929554122,9.073005,9.399139,9.159321935997308,9.115909,9.204843,0.0,0.0,0.0
2192,9.236250804139226,9.076638,9.403298,9.16350236590876,9.1200695,9.209044,0.0,0.0,0.0
2193,9.241114542253355,9.081673,9.408039,9.167682795820214,9.12423,9.213245,0.0,0.0,0.0
2194,9.245105932104773,9.084478,9.413139,9.17186322573167,9.12839,9.217446,0.0,0.0,0.0
2195,9.250111234813467,9.090265,9.417287,9.176043655643126,9.132551,9.221647,0.0,0.0,0.0
2196,9.254920586788751,9.095813,9.421517,9.180224085554581,9.136712,9.225849,0.0,0.0,0.0
2197,9.258295201445845,9.098927,9.424932,9.184404515466033,9.140872,9.23005,0.0,0.0,0.0
2198,9.262871209374286,9.102557,9.429653,9.18858494537749,9.145033,9.234251,0.0,0.0,0.0
2199,9.270446374161278,9.1112175,9.437048,9.192765375288948,9.149194,9.238453,0.0,0.0,0.0
2200,9.272662284279413,9.112937,9.439199,9.196945805200402,9.153355,9.242654,0.0,0.0,0.0
2201,9.276964515338184,9.117676,9.443026,9.201126235111854,9.157515,9.246855,0.0,0.0,0.0
2202,9.282980567879179,9.122725,9.449342,9.205306665023311,9.161675,9.251056,0.0,0.0,0.0
2203,9.288443638850866,9.129029,9.453916,9.209487094934763,9.165836,9.255258,0.0,0.0,0.0
2204,9.2950456416633,9.136312,9.460184,9.213667524846219,9.169996,9.259459,0.0,0.0,0.0
2205,9.30108994224046,9.141207,9.467619,9.217847954757673,9.174157,9.2636595,0.0,0.0,0.0
2206,9.306497122897353,9.14562,9.474023,9.22202838466913,9.178318,9.26786,0.0,0.0,0.0
2207,9.309605344658836,9.148324,9.47847,9.226208814580584,9.182479,9.272062,0.0,0.0,0.0
2208,9.314400312430509,9.153939,9.482964,9.230389244492038,9.186639,9.276263,0.0,0.0,0.0
2209,9.320692376538183,9.161367,9.487816,9.234569674403494,9.1908,9.280464,0.0,0.0,0.0
2210,9.324194586996152,9.1650095,9.490807,9.23875010431495,9.194961,9.284666,0.0,0.0,0.0
2211,9.329703129511431,9.170542,9.495934,9.2429305342264,9.199121,9.288867,0.0,0.0,0.0
2212,9.331281416736399,9.171745,9.498405,9.247110964137857,9.203281,9.293068,0.0,0.0,0.0
2213,9.337355329153455,9.177453,9.504564,9.25129139404931,9.207442,9.297269,0.0,0.0,0.0
2214,9.341611995200036,9.182232,9.508797,9.255471823960768,9.211603,9.301471,0.0,0.0,0.0
2215,9.34588232821321,9.186253,9.512634,9.25965225387222,9.215763,9.305672,0.0,0.0,0.0
2216,9.351883027038797,9.192129,9.518718,9.263832683783676,9.219924,9.309873,0.0,0.0,0.0
2217,9.356080436103502,9.196873,9.5226,9.268013113695135,9.224085,9.3140745,0.0,0.0,0.0
2218,9.359952800868317,9.200726,9.527034,9.272193543606587,9.228246,9.318275,0.0,0.0,0.0
2219,9.363984521271496,9.204078,9.530622,9.276373973518039,9.232406,9.322476,0.0,0.0,0.0
2220,9.368923546076028,9.209039,9.536173,9.280554403429495,9.236567,9.326677,0.0,0.0,0.0
2221,9.37171690194038,9.211496,9.540095,9.284734833340954,9.240727,9.330879,0.0,0.0,0.0
2222,9.37622715716133,9.214487,9.545457,9.288915263252404,9.244887,9.33508,0.0,0.0,0.0
2223,9.381054365309115,9.2204895,9.550115,9.293095693163858,9.249048,9.339281,0.0,0.0,0.0
2224,9.385903439523618,9.224723,9.554836,9.297276123075312,9.253209,9.343483,0.0,0.0,0.0
2225,9.39176071555659,9.229857,9.562655,9.301456552986767,9.25737,9.347684,0.0,0.0,0.0
2226,9.397192588552992,9.236884,9.566468,9.305636982898223,9.26153,9.351885,0.0,0.0,0.0
2227,9.403044593050279,9.242407,9.573112,9.309817412809677,9.265691,9.356086,0.0,0.0,0.0
2228,9.4075991194212,9.247108,9.577608,9.313997842721133,9.269852,9.360288,0.0,0.0,0.0
2229,9.412916512915016,9.253518,9.58329,9.318178272632588,9.274013,9.364489,0.0,0.0,0.0
2230,9.417339064702125,9.258461,9.587569,9.322358702544044,9.2781725,9.36869,0.0,0.0,0.0
2231,9.420731478525253,9.26073,9.592207,9.326539132455498,9.282333,9.372891,0.0,0.0,0.0
2232,9.423565891217821,9.262773,9.594974,9.33071956236695,9.286494,9.377092,0.0,0.0,0.0
2233,9.425826469376046,9.2648735,9.597226,9.334899992278405,9.290654,9.381293,0.0,0.0,0.0
2234,9.429199578977352,9.267475,9.601223,9.33908042218986,9.294815,9.385494,0.0,0.0,0.0
2235,9.436331433745346,9.2745495,9.608242,9.343260852101313,9.298976,9.389696,0.0,0.0,0.0
2236,9.437435329644144,9.275629,9.608885,9.347441282012769,9.303137,9.393897,0.0,0.0,0.0
2237,9.443484228838773,9.280894,9.615593,9.351621711924226,9.307297,9.398098,0.0,0.0,0.0
2238,9.448905740023376,9.287242,9.620192,9.35580214183568,9.311458,9.4023,0.0,0.0,0.0
2239,9.452928622931237,9.291325,9.623893,9.359982571747134,9.3156185,9.406501,0.0,0.0,0.0
2240,9.453602577439694,9.291958,9.624589,9.364163001658591,9.319778,9.410702,0.0,0.0,0.0
2241,9.457488115332886,9.29627,9.627872,9.368343431570041,9.323939,9.414903,0.0,0.0,0.0
2242,9.461234729057256,9.300388,9.632242,9.372523861481499,9.3281,9.419105,0.0,0.0,0.0
2243,9.465208386590392,9.3038845,9.636422,9.376704291392953,9.332261,9.4233055,0.0,0.0,0.0
2244,9.467128564206556,9.306711,9.637514,9.380884721304408,9.336421,9.427506,0.0,0.0,0.0
2245,9.471425702337793,9.310946,9.642024,9.385065151215862,9.340582,9.431708,0.0,0.0,0.0
2246,9.478009746713363,9.317523,9.648854,9.389245581127318,9.344743,9.435909,0.0,0.0,0.0
2247,9.480371335381346,9.319885,9.650307,9.393426011038773,9.348904,9.44011,0.0,0.0,0.0
2248,9.483814375672004,9.32287,9.655281,9.397606440950227,9.353064,9.444311,0.0,0.0,0.0
2249,9.487467952785913,9.325433,9.658693,9.401786870861683,9.357224,9.448513,0.0,0.0,0.0
2250,9.491113023406617,9.328285,9.663564,9.405967300773137,9.361385,9.452714,0.0,0.0,0.0
2251,9.495227497536854,9.332155,9.66807,9.410147730684594,9.365545,9.456915,0.0,0.0,0.0
2252,9.497982526917104,9.334364,9.670971,9.414328160596046,9.369706,9.461117,0.0,0.0,0.0
2253,9.500866317604572,9.336887,9.674452,9.418508590507502,9.373867,9.465318,0.0,0.0,0.0
2254,9.50440351191337,9.340225,9.678083,9.422689020418956,9.378028,9.469519,0.0,0.0,0.0
2255,9.508357246035796,9.345213,9.680558,9.426869450330408,9.382188,9.47372,0.0,0.0,0.0
2256,9.511332221093609,9.349435,9.6828985,9.431049880241863,9.386349,9.4779215,0.0,0.0,0.0
2257,9.512202778619638,9.350266,9.683406,9.435230310153317,9.39051,9.482122,0.0,0.0,0.0
2258,9.514578529649565,9.352493,9.686378,9.439410740064774,9.39467,9.486323,0.0,0.0,0.0
2259,9.517942515624869,9.355934,9.689739,9.44359116997623,9.39883,9.490525,0.0,0.0,0.0
2260,9.522394833057907,9.359011,9.696396,9.447771599887684,9.402991,9.494726,0.0,0.0,0.0
2261,9.526641312673645,9.362804,9.701089,9.451952029799136,9.407152,9.498927,0.0,0.0,0.0
2262,9.529701990795083,9.366103,9.7039995,9.456132459710595,9.411312,9.503128,0.0,0.0,0.0
2263,9.532421228588383,9.370064,9.70623,9.460312889622049,9.415473,9.50733,0.0,0.0,0.0
2264,9.535829075070817,9.373021,9.709582,9.464493319533501,9.419634,9.511531,0.0,0.0,0.0
2265,9.539716842792282,9.377016,9.713784,9.468673749444957,9.423795,9.515732,0.0,0.0,0.0
2266,9.542544769035564,9.380097,9.716047,9.472854179356412,9.427955,9.519934,0.0,0.0,0.0
2267,9.548147014463114,9.385226,9.721636,9.477034609267866,9.432116,9.524135,0.0,0.0,0.0
2268,9.550525953631594,9.386943,9.725273,9.48121503917932,9.436276,9.528336,0.0,0.0,0.0
2269,9.553684091248742,9.39002,9.728028,9.485395469090777,9.440436,9.5325365,0.0,0.0,0.0
2270,9.56140176121315,9.397819,9.735876,9.489575899002231,9.444597,9.536738,0.0,0.0,0.0
2271,9.565163901186367,9.401746,9.738594,9.493756328913685,9.448758,9.540939,0.0,0.0,0.0
2272,9.568451617850382,9.405338,9.741639,9.497936758825137,9.452919,9.54514,0.0,0.0,0.0
2273,9.571272458235986,9.407966,9.744464,9.502117188736594,9.457079,9.549341,0.0,0.0,0.0
2274,9.577921564586466,9.415476,9.750403,9.506297618648052,9.46124,9.553543,0.0,0.0,0.0
2275,9.57993039554836,9.417398,9.751911,9.510478048559508,9.465401,9.557744,0.0,0.0,0.0
2276,9.584587116090164,9.421865,9.757723,9.51465847847096,9.469561,9.561945,0.0,0.0,0.0
2277,9.58951006669158,9.42794,9.761144,9.518838908382413,9.4737215,9.566147,0.0,0.0,0.0
2278,9.59271795325673,9.430814,9.764094,9.523019338293869,9.477882,9.570348,0.0,0.0,0.0
2279,9.597717154913749,9.435689,9.768817,9.527199768205325,9.482043,9.574549,0.0,0.0,0.0
2280,9.602299621435204,9.440701,9.773558,9.531380198116777,9.486203,9.57875,0.0,0.0,0.0
2281,9.60505292866072,9.442528,9.777156,9.535560628028234,9.490364,9.582952,0.0,0.0,0.0
2282,9.608723140169255,9.44544,9.781228,9.539741057939688,9.494525,9.5871525,0.0,0.0,0.0
2283,9.611883562640514,9.44871,9.785086,9.543921487851144,9.498686,9.591353,0.0,0.0,0.0
2284,9.614821812072298,9.452,9.787692,9.5481019177626,9.502846,9.595555,0.0,0.0,0.0
2285,9.616641187604818,9.453699,9.789797,9.552282347674055,9.507007,9.599756,0.0,0.0,0.0
2286,9.621122109744363,9.457293,9.794912,9.556462777585505,9.511168,9.603957,0.0,0.0,0.0
2287,9.62511126633174,9.462077,9.799122,9.56064320749696,9.515327,9.608158,0.0,0.0,0.0
2288,9.630225788950211,9.467482,9.804153,9.564823637408415,9.519488,9.61236,0.0,0.0,0.0
2289,9.632812594833915,9.469402,9.807006,9.56900406731987,9.523649,9.616561,0.0,0.0,0.0
2290,9.636713442748935,9.473317,9.811264,9.573184497231328,9.52781,9.620762,0.0,0.0,0.0
2291,9.64246324007853,9.47833,9.816954,9.57736492714278,9.53197,9.624964,0.0,0.0,0.0
2292,9.649213070339243,9.483759,9.824313,9.581545357054237,9.536131,9.629165,0.0,0.0,0.0
2293,9.652214170568168,9.48726,9.827321,9.58572578696569,9.540292,9.633366,0.0,0.0,0.0
2294,9.656284620612881,9.490869,9.830902,9.589906216877147,9.544452,9.637567,0.0,0.0,0.0
2295,9.660017380587425,9.493965,9.834057,9.594086646788602,9.548613,9.641768,0.0,0.0,0.0
2296,9.663602516131673,9.498178,9.838002,9.598267076700052,9.552773,9.645969,0.0,0.0,0.0
2297,9.66885016805673,9.502575,9.843486,9.602447506611506,9.556934,9.65017,0.0,0.0,0.0
2298,9.674762785212467,9.50877,9.84967,9.606627936522964,9.561094,9.654372,0.0,0.0,0.0
2299,9.679227201617056,9.513455,9.8543415,9.610808366434417,9.565255,9.658573,0.0,0.0,0.0
2300,9.685275495016997,9.519893,9.86031,9.614988796345873,9.569416,9.662774,0.0,0.0,0.0
2301,9.68814578658232,9.522642,9.863279,9.619169226257327,9.573577,9.666975,0.0,0.0,0.0
2302,9.693185128974795,9.52936,9.867175,9.62334965616878,9.577737,9.671177,0.0,0.0,0.0
2303,9.694826303930828,9.530723,9.869002,9.627530086080238,9.581898,9.675378,0.0,0.0,0.0
2304,9.698319172835058,9.534275,9.872666,9.631710515991692,9.586059,9.679579,0.0,0.0,0.0
2305,9.70081879949139,9.536559,9.875277,9.635890945903148,9.590219,9.683781,0.0,0.0,0.0
2306,9.705284737362136,9.539317,9.880225,9.640071375814601,9.594379,9.687982,0.0,0.0,0.0
2307,9.707537525460992,9.541638,9.882747,9.64425180572606,9.59854,9.692183,0.0,0.0,0.0
2308,9.711446769711433,9.544878,9.887622,9.648432235637511,9.602701,9.696383,0.0,0.0,0.0
2309,9.715191318463159,9.548024,9.892408,9.652612665548967,9.606861,9.700585,0.0,0.0,0.0
2310,9.717594369205198,9.550334,9.893483,9.656793095460419,9.611022,9.704786,0.0,0.0,0.0
2311,9.72166113022553,9.552715,9.899338,9.660973525371876,9.615183,9.708987,0.0,0.0,0.0
2312,9.725381779384152,9.556081,9.904155,9.665153955283328,9.619343,9.713189,0.0,0.0,0.0
2313,9.730563612713734,9.561018,9.909039,9.669334385194784,9.623504,9.71739,0.0,0.0,0.0
2314,9.734510864134155,9.566357,9.912272,9.673514815106241,9.627665,9.721591,0.0,0.0,0.0
2315,9.742036524728322,9.573344,9.919985,9.677695245017695,9.631825,9.725792,0.0,0.0,0.0
2316,9.744422821355318,9.575331,9.923294,9.681875674929149,9.635985,9.729994,0.0,0.0,0.0
2317,9.745334566116242,9.576322,9.923739,9.6860561048406,9.640146,9.734195,0.0,0.0,0.0
2318,9.749015066568917,9.580899,9.9270525,9.690236534752056,9.644307,9.738396,0.0,0.0,0.0
2319,9.75300059963346,9.585031,9.9305935,9.694416964663512,9.648468,9.742598,0.0,0.0,0.0
2320,9.756149226748823,9.587815,9.934239,9.698597394574964,9.652628,9.7467985,0.0,0.0,0.0
2321,9.762332073289654,9.594925,9.939443,9.702777824486422,9.656789,9.750999,0.0,0.0,0.0
2322,9.766958708579743,9.5987625,9.944656,9.706958254397875,9.66095,9.7552,0.0,0.0,0.0
2323,9.76872950044993,9.601151,9.946192,9.711138684309333,9.66511,9.759402,0.0,0.0,0.0
2324,9.775251155185277,9.607529,9.951962,9.715319114220787,9.6692705,9.763603,0.0,0.0,0.0
2325,9.783522343365549,9.616942,9.958624,9.719499544132242,9.673431,9.767804,0.0,0.0,0.0
2326,9.786467385511838,9.618757,9.962077,9.723679974043696,9.677592,9.772006,0.0,0.0,0.0
2327,9.789374531868638,9.622103,9.964911,9.727860403955152,9.681752,9.776207,0.0,0.0,0.0
2328,9.792363072901543,9.625453,9.967388,9.732040833866604,9.685913,9.780408,0.0,0.0,0.0
2329,9.7975102580991,9.630598,9.972052,9.736221263778061,9.690074,9.784609,0.0,0.0,0.0
2330,9.805017614497293,9.638395,9.979182,9.740401693689513,9.694234,9.788811,0.0,0.0,0.0
2331,9.809300580087076,9.643139,9.983108,9.744582123600969,9.698395,9.793012,0.0,0.0,0.0
2332,9.81357305130743,9.645943,9.988132,9.748762553512424,9.702556,9.797213,0.0,0.0,0.0
2333,9.819817466838556,9.6516905,9.994945,9.752942983423878,9.706717,9.8014145,0.0,0.0,0.0
2334,9.821345262465973,9.653103,9.996011,9.757123413335332,9.710876,9.805615,0.0,0.0,0.0
2335,9.82598920290841,9.656316,10.002669,9.761303843246788,9.715037,9.809816,0.0,0.0,0.0
2336,9.832012938878727,9.662231,10.007316,9.765484273158247,9.719198,9.814017,0.0,0.0,0.0
2337,9.836386153599195,9.665627,10.012593,9.769664703069699,9.723359,9.818219,0.0,0.0,0.0
2338,9.840505259374389,9.669962,10.016752,9.773845132981153,9.727519,9.82242,0.0,0.0,0.0
2339,9.843618551462656,9.672547,10.019167,9.77802556289261,9.73168,9.826621,0.0,0.0,0.0
2340,9.847490147441864,9.675439,10.023576,9.78220599280406,9.735841,9.830822,0.0,0.0,0.0
2341,9.850739044273713,9.678779,10.026715,9.786386422715514,9.740001,9.835024,0.0,0.0,0.0
2342,9.85700478895016,9.684947,10.033325,9.790566852626972,9.744162,9.839225,0.0,0.0,0.0
2343,9.860455397319988,9.689019,10.036551,9.794747282538426,9.7483225,9.843426,0.0,0.0,0.0
2344,9.865169274312079,9.694474,10.040327,9.798927712449883,9.752483,9.847628,0.0,0.0,0.0
2345,9.871616688320598,9.699953,10.047882,9.803108142361335,9.756643,9.851829,0.0,0.0,0.0
2346,9.877251748647033,9.705439,10.053062,9.807288572272792,9.760804,9.8560295,0.0,0.0,0.0
2347,9.88129214539232,9.709341,10.057363,9.811469002184246,9.764965,9.86023,0.0,0.0,0.0
2348,9.887216058483691,9.716249,10.062893,9.8156494320957,9.769125,9.864432,0.0,0.0,0.0
2349,9.891911564246602,9.720557,10.068274,9.819829862007156,9.773286,9.868633,0.0,0.0,0.0
2350,9.895444498139492,9.723711,10.0716,9.82401029191861,9.777447,9.872834,0.0,0.0,0.0
2351,9.899702131050436,9.727478,10.075854,9.828190721830063,9.781608,9.877036,0.0,0.0,0.0
2352,9.902790440370362,9.730783,10.078882,9.832371151741519,9.785768,9.881237,0.0,0.0,0.0
2353,9.908411408348934,9.737148,10.08436,9.836551581652973,9.789928,9.885438,0.0,0.0,0.0
2354,9.910595952054987,9.739149,10.086043,9.840732011564427,9.794089,9.889639,0.0,0.0,0.0
2355,9.916555344437509,9.744373,10.092876,9.844912441475884,9.79825,9.893841,0.0,0.0,0.0
2356,9.920188631983816,9.74876,10.096693,9.849092871387338,9.80241,9.898042,0.0,0.0,0.0
2357,9.922906996407404,9.751246,10.099141,9.853273301298792,9.806571,9.902243,0.0,0.0,0.0
2358,9.928190085740393,9.756185,10.105122,9.857453731210247,9.810732,9.906445,0.0,0.0,0.0
2359,9.930323274554706,9.758821,10.106482,9.861634161121705,9.814892,9.9106455,0.0,0.0,0.0
2360,9.937453667665329,9.765938,10.113049,9.865814591033155,9.819053,9.914846,0.0,0.0,0.0
2361,9.941405007235632,9.770741,10.115806,9.869995020944609,9.823214,9.919047,0.0,0.0,0.0
2362,9.94544191627711,9.775603,10.118748,9.874175450856065,9.827374,9.923249,0.0,0.0,0.0
2363,9.948726193263278,9.779273,10.121055,9.87835588076752,9.831534,9.92745,0.0,0.0,0.0
2364,9.954979309192304,9.786225,10.127509,9.882536310678974,9.835695,9.931651,0.0,0.0,0.0
2365,9.962203307835274,9.793727,10.134536,9.886716740590431,9.839856,9.935853,0.0,0.0,0.0
2366,9.966027863295265,9.797154,10.137924,9.890897170501884,9.844016,9.940054,0.0,0.0,0.0
2367,9.969616123671958,9.801098,10.141831,9.895077600413343,9.848177,9.944255,0.0,0.0,0.0
2368,9.97429123229449,9.80553,10.146473,9.899258030324797,9.852338,9.948456,0.0,0.0,0.0
2369,9.977709363407778,9.808662,10.150331,9.903438460236249,9.856499,9.952658,0.0,0.0,0.0
2370,9.979438968559656,9.810392,10.152397,9.907618890147704,9.860659,9.956859,0.0,0.0,0.0
2371,9.981550057608327,9.812168,10.154643,9.911799320059158,9.86482,9.96106,0.0,0.0,0.0
2372,9.98367741138847,9.815234,10.156383,9.915979749970614,9.86898,9.965261,0.0,0.0,0.0
2373,9.986078101151454,9.817132,10.159184,9.920160179882066,9.873141,9.969462,0.0,0.0,0.0
2374,9.988414600600512,9.820156,10.160686,9.924340609793523,9.877301,9.973663,0.0,0.0,0.0
2375,9.99081714700308,9.822607,10.163437,9.928521039704977,9.881462,9.977864,0.0,0.0,0.0
2376,9.9957734504033,9.827324,10.168506,9.932701469616434,9.885623,9.982066,0.0,0.0,0.0
2377,10.00114199236683,9.832994,10.174285,9.936881899527885,9.889783,9.986267,0.0,0.0,0.0
2378,10.003543833263778,9.835773,10.176387,9.941062329439346,9.893944,9.990468,0.0,0.0,0.0
2379,10.006760059268117,9.838342,10.179238,9.945242759350796,9.898105,9.99467,0.0,0.0,0.0
2380,10.014263661743618,9.845155,10.187645,9.949423189262252,9.902266,9.998871,0.0,0.0,0.0
2381,10.016437636884184,9.848067,10.189124,9.953603619173709,9.906425,10.003072,0.0,0.0,0.0
2382,10.021768127904968,9.853076,10.195635,9.95778404908516,9.910586,10.007273,0.0,0.0,0.0
2383,10.023231082085568,9.854705,10.196665,9.961964478996615,9.914747,10.011475,0.0,0.0,0.0
2384,10.029766385453366,9.860107,10.204226,9.966144908908069,9.918907,10.015676,0.0,0.0,0.0
2385,10.034713502221848,9.865393,10.208279,9.970325338819524,9.923068,10.0198765,0.0,0.0,0.0
2386,10.038294402359181,9.86793,10.212206,9.97450576873098,9.927229,10.024078,0.0,0.0,0.0
2387,10.042273915180767,9.872232,10.217039,9.978686198642434,9.93139,10.028279,0.0,0.0,0.0
2388,10.048643246592638,9.876766,10.225043,9.982866628553888,9.93555,10.03248,0.0,0.0,0.0
2389,10.052826929537733,9.880734,10.228805,9.987047058465343,9.939711,10.036681,0.0,0.0,0.0
2390,10.05493031966809,9.883533,10.230589,9.991227488376799,9.9438715,10.040883,0.0,0.0,0.0
2391,10.061099140734239,9.889216,10.237374,9.995407918288253,9.948032,10.045084,0.0,0.0,0.0
2392,10.068971962038916,9.897231,10.24623,9.99958834819971,9.952192,10.049285,0.0,0.0,0.0
2393,10.073551646780572,9.902817,10.250746,10.00376877811116,9.956353,10.053487,0.0,0.0,0.0
2394,10.078439064826464,9.907741,10.256,10.007949208022618,9.960514,10.057688,0.0,0.0,0.0
2395,10.08347167190506,9.912598,10.260664,10.012129637934072,9.964674,10.061889,0.0,0.0,0.0
2396,10.088272342031612,9.917162,10.264871,10.016310067845525,9.968835,10.06609,0.0,0.0,0.0
2397,10.093465342995266,9.923073,10.269992,10.020490497756983,9.972996,10.0702915,0.0,0.0,0.0
2398,10.094541001081703,9.924109,10.270874,10.024670927668437,9.977157,10.074492,0.0,0.0,0.0
2399,10.099882445180576,9.929576,10.275687,10.028851357579889,9.981317,10.078693,0.0,0.0,0.0
2400,10.101305904679796,9.930767,10.278058,10.033031787491346,9.985477,10.082894,0.0,0.0,0.0
2401,10.106073134671442,9.935692,10.2829685,10.037212217402802,9.989638,10.087096,0.0,0.0,0.0
2402,10.110283524831983,9.93825,10.2886095,10.041392647314252,9.993798,10.091297,0.0,0.0,0.0
2403,10.114380333120986,9.942519,10.293027,10.04557307722571,9.997959,10.095498,0.0,0.0,0.0
2404,10.116253522752173,9.944216,10.294711,10.049753507137165,10.00212,10.0997,0.0,0.0,0.0
2405,10.12107820444388,9.949563,10.298806,10.053933937048619,10.006281,10.103901,0.0,0.0,0.0
2406,10.12639626164224,9.954175,10.3054905,10.058114366960071,10.010441,10.108102,0.0,0.0,0.0
2407,10.128822419783328,9.957108,10.3077755,10.06229479687153,10.014602,10.112303,0.0,0.0,0.0
2408,10.131502257616743,9.960376,10.309139,10.066475226782986,10.018763,10.116505,0.0,0.0,0.0
2409,10.133701825462579,9.962829,10.310973,10.070655656694438,10.022923,10.120706,0.0,0.0,0.0
2410,10.14001927722122,9.970085,10.316713,10.074836086605892,10.027083,10.124907,0.0,0.0,0.0
2411,10.144863076396614,9.974562,10.321899,10.079016516517349,10.031244,10.129108,0.0,0.0,0.0
2412,10.14878066042647,9.97768,10.325989,10.083196946428803,10.035405,10.133309,0.0,0.0,0.0
2413,10.152817930276514,9.981504,10.330346,10.08737737634026,10.039565,10.13751,0.0,0.0,0.0
2414,10.160567964872822,9.988818,10.338404,10.09155780625171,10.043726,10.141711,0.0,0.0,0.0
2415,10.1645119312818,9.993191,10.341636,10.095738236163166,10.047887,10.145913,0.0,0.0,0.0
2416,10.168914510301493,9.999109,10.345476,10.099918666074622,10.052048,10.150114,0.0,0.0,0.0
2417,10.172829452133696,10.002518,10.349695,10.10409909598608,10.056208,10.154315,0.0,0.0,0.0
2418,10.176051160022123,10.005695,10.352682,10.108279525897526,10.060369,10.158517,0.0,0.0,0.0
2419,10.181865906829227,10.011045,10.358292,10.112459955808985,10.064529,10.162718,0.0,0.0,0.0
2420,10.184380964424536,10.0138855,10.360768,10.116640385720439,10.068689,10.166919,0.0,0.0,0.0
2421,10.187924547207036,10.016887,10.364415,10.120820815631895,10.07285,10.17112,0.0,0.0,0.0
2422,10.193930995657057,10.021916,10.371611,10.125001245543352,10.077011,10.175322,0.0,0.0,0.0
2423,10.197264369825652,10.024865,10.374522,10.129181675454804,10.081172,10.1795225,0.0,0.0,0.0
2424,10.202095563229234,10.027916,10.380874,10.133362105366258,10.085332,10.183723,0.0,0.0,0.0
2425,10.203657360706655,10.029189,10.382853,10.137542535277715,10.089493,10.187925,0.0,0.0,0.0
2426,10.207448086730059,10.033429,10.386656,10.141722965189167,10.093654,10.192126,0.0,0.0,0.0
2427,10.215017671604214,10.040323,10.394959,10.145903395100623,10.097815,10.196327,0.0,0.0,0.0
2428,10.216770663103553,10.043003,10.396274,10.150083825012079,10.1019745,10.200528,0.0,0.0,0.0
2429,10.21945719789275,10.044811,10.39887,10.154264254923532,10.106135,10.20473,0.0,0.0,0.0
2430,10.221521592210667,10.045645,10.401466,10.158444684834988,10.110296,10.208931,0.0,0.0,0.0
2431,10.224292875836852,10.048731,10.404543,10.162625114746442,10.114456,10.213132,0.0,0.0,0.0
2432,10.225850173693773,10.0496,10.40661,10.166805544657898,10.118617,10.217334,0.0,0.0,0.0
2433,10.231539829700656,10.055447,10.411561,10.170985974569355,10.122778,10.221535,0.0,0.0,0.0
2434,10.237550805557335,10.06264,10.416968,10.175166404480807,10.126939,10.225736,0.0,0.0,0.0
2435,10.245112260579956,10.069946,10.426132,10.179346834392259,10.131099,10.229937,0.0,0.0,0.0
2436,10.247669608079454,10.071835,10.428673,10.183527264303716,10.13526,10.2341385,0.0,0.0,0.0
2437,10.2511426162159,10.074991,10.432491,10.18770769421517,10.1394205,10.238339,0.0,0.0,0.0
2438,10.25466146172364,10.078046,10.436402,10.191888124126624,10.14358,10.24254,0.0,0.0,0.0
2439,10.260218182942255,10.083942,10.442091,10.19606855403808,10.147741,10.246742,0.0,0.0,0.0
2440,10.26754236404372,10.091368,10.44833,10.200248983949534,10.151902,10.250943,0.0,0.0,0.0
2441,10.27216427320615,10.096762,10.452409,10.204429413860993,10.156063,10.255144,0.0,0.0,0.0
2442,10.275876660983686,10.100595,10.456244,10.208609843772443,10.160223,10.259345,0.0,0.0,0.0
2443,10.278384220223302,10.103494,10.458219,10.212790273683902,10.164384,10.263547,0.0,0.0,0.0
2444,10.283397983505104,10.109284,10.463054,10.216970703595354,10.168545,10.267748,0.0,0.0,0.0
2445,10.288583815327037,10.112528,10.46954,10.22115113350681,10.172706,10.271949,0.0,0.0,0.0
2446,10.291211823150288,10.1163025,10.4714575,10.225331563418262,10.176866,10.276151,0.0,0.0,0.0
2447,10.295485192339292,10.121702,10.475148,10.229511993329718,10.181026,10.280352,0.0,0.0,0.0
2448,10.297137042275539,10.122683,10.47685,10.233692423241171,10.185187,10.284553,0.0,0.0,0.0
2449,10.300582535531497,10.126143,10.4804945,10.237872853152629,10.189347,10.2887535,0.0,0.0,0.0
2450,10.304656879439856,10.130867,10.483495,10.24205328306408,10.193508,10.292955,0.0,0.0,0.0
2451,10.308000687471754,10.134321,10.488146,10.246233712975535,10.197669,10.297156,0.0,0.0,0.0
2452,10.31258261920386,10.139179,10.491752,10.250414142886994,10.20183,10.301357,0.0,0.0,0.0
2453,10.31712709887626,10.143431,10.496238,10.254594572798448,10.20599,10.305559,0.0,0.0,0.0
2454,10.320197341116595,10.145505,10.500527,10.258775002709903,10.210151,10.30976,0.0,0.0,0.0
2455,10.32158627043773,10.147315,10.501884,10.262955432621355,10.214312,10.313961,0.0,0.0,0.0
2456,10.326590894746127,10.152221,10.506582,10.267135862532813,10.218472,10.318162,0.0,0.0,0.0
2457,10.32913526537026,10.154676,10.508961,10.271316292444265,10.222632,10.322364,0.0,0.0,0.0
2458,10.333341030142067,10.159757,10.512684,10.27549672235572,10.226793,10.326565,0.0,0.0,0.0
2459,10.335884497672676,10.16354,10.514226,10.279677152267174,10.230954,10.330766,0.0,0.0,0.0
2460,10.34163427418161,10.169632,10.519667,10.283857582178628,10.235114,10.334968,0.0,0.0,0.0
2461,10.346572116199802,10.17404,10.523971,10.288038012090086,10.239275,10.339169,0.0,0.0,0.0
2462,10.34999275033642,10.177768,10.527842,10.292218442001538,10.243436,10.3433695,0.0,0.0,0.0
2463,10.353650340656754,10.181181,10.530912,10.296398871912995,10.247597,10.34757,0.0,0.0,0.0
2464,10.357096028393032,10.185398,10.533612,10.300579301824447,10.251757,10.351772,0.0,0.0,0.0
2465,10.359666948093226,10.187997,10.536081,10.304759731735905,10.255918,10.355973,0.0,0.0,0.0
2466,10.36222947566049,10.190504,10.538699,10.30894016164736,10.260078,10.360174,0.0,0.0,0.0
2467,10.363635719523241,10.191852,10.539565,10.31312059155881,10.264238,10.364375,0.0,0.0,0.0
2468,10.366404932628988,10.194891,10.543229,10.317301021470266,10.268399,10.368577,0.0,0.0,0.0
2469,10.368537066442261,10.1963215,10.545901,10.32148145138172,10.27256,10.372778,0.0,0.0,0.0
2470,10.370191218186843,10.198373,10.547583,10.325661881293176,10.276721,10.376979,0.0,0.0,0.0
2471,10.374593386645802,10.203436,10.552448,10.329842311204633,10.280881,10.381181,0.0,0.0,0.0
2472,10.378870374531738,10.207277,10.556423,10.334022741116085,10.285042,10.385382,0.0,0.0,0.0
2473,10.383913895032439,10.212071,10.560896,10.338203171027539,10.289203,10.389583,0.0,0.0,0.0
2474,10.388516423987964,10.216462,10.565479,10.342383600938996,10.293363,10.393784,0.0,0.0,0.0
2475,10.392207058056714,10.220238,10.568622,10.34656403085045,10.2975235,10.397985,0.0,0.0,0.0
2476,10.397738974855043,10.226772,10.572885,10.3507444607619,10.301684,10.402186,0.0,0.0,0.0
2477,10.401699409839178,10.229227,10.579008,10.354924890673358,10.305845,10.406387,0.0,0.0,0.0
2478,10.40312282901043,10.230807,10.579507,10.359105320584813,10.310005,10.410589,0.0,0.0,0.0
2479,10.406522865519223,10.234291,10.583367,10.363285750496269,10.314166,10.41479,0.0,0.0,0.0
2480,10.407412254540969,10.235592,10.583812,10.367466180407725,10.318327,10.418991,0.0,0.0,0.0
2481,10.41213054908207,10.239886,10.589154,10.371646610319177,10.322488,10.423192,0.0,0.0,0.0
2482,10.417461228366843,10.245481,10.5938835,10.375827040230636,10.326648,10.427394,0.0,0.0,0.0
2483,10.421538352417548,10.251308,10.596402,10.380007470142086,10.330809,10.431595,0.0,0.0,0.0
2484,10.42705796223662,10.256967,10.602423,10.384187900053542,10.3349695,10.435796,0.0,0.0,0.0
2485,10.431620269189374,10.262308,10.606046,10.388368329965,10.339129,10.439998,0.0,0.0,0.0
2486,10.435216767990278,10.265007,10.61035,10.392548759876453,10.34329,10.444199,0.0,0.0,0.0
2487,10.439901347450823,10.270093,10.614044,10.396729189787907,10.347451,10.4484,0.0,0.0,0.0
2488,10.445961859239471,10.2759075,10.620651,10.40090961969936,10.351612,10.4526005,0.0,0.0,0.0
2489,10.449784348393855,10.279435,10.623601,10.405090049610815,10.355772,10.456802,0.0,0.0,0.0
2490,10.455126663940787,10.285178,10.629979,10.409270479522272,10.359933,10.461003,0.0,0.0,0.0
2491,10.458023465330188,10.288274,10.631895,10.413450909433724,10.364094,10.465204,0.0,0.0,0.0
2492,10.460983059762558,10.290925,10.634982,10.41763133934518,10.368254,10.469406,0.0,0.0,0.0
2493,10.46721238742821,10.297966,10.641441,10.421811769256637,10.372415,10.473607,0.0,0.0,0.0
2494,10.47010726969087,10.301019,10.644357,10.425992199168093,10.376575,10.477808,0.0,0.0,0.0
2495,10.477529733277732,10.308481,10.651621,10.430172629079546,10.380736,10.482009,0.0,0.0,0.0
2496,10.480448796299722,10.312189,10.654783,10.434353058991,10.384896,10.486211,0.0,0.0,0.0
2497,10.488006272394065,10.31779,10.663683,10.438533488902456,10.389057,10.490412,0.0,0.0,0.0
2498,10.49180069768356,10.32071,10.668118,10.442713918813912,10.393218,10.494613,0.0,0.0,0.0
2499,10.49452046946969,10.324037,10.670683,10.446894348725364,10.397379,10.498815,0.0,0.0,0.0
2500,10.495880024807974,10.324918,10.672406,10.451074778636817,10.401539,10.5030155,0.0,0.0,0.0
2501,10.500506408323004,10.329687,10.676822,10.455255208548277,10.4057,10.507216,0.0,0.0,0.0
2502,10.51139014488474,10.339777,10.6883745,10.459435638459727,10.409861,10.511417,0.0,0.0,0.0
2503,10.515096333668124,10.343356,10.691864,10.463616068371183,10.414021,10.515619,0.0,0.0,0.0
2504,10.520508602076061,10.348842,10.6976,10.467796498282636,10.418181,10.51982,0.0,0.0,0.0
2505,10.524673546723085,10.353254,10.701131,10.471976928194092,10.422342,10.524021,0.0,0.0,0.0
2506,10.526162828347749,10.35421,10.702162,10.476157358105548,10.426503,10.528223,0.0,0.0,0.0
2507,10.529690291467396,10.358136,10.7052355,10.480337788017,10.430663,10.532424,0.0,0.0,0.0
2508,10.536160821139669,10.3645935,10.711802,10.484518217928457,10.434824,10.536625,0.0,0.0,0.0
2509,10.543639697405075,10.371436,10.719979,10.48869864783991,10.438985,10.540826,0.0,0.0,0.0
2510,10.546815733235624,10.375151,10.722158,10.49287907775137,10.443145,10.545028,0.0,0.0,0.0
2511,10.549867582372693,10.378123,10.724913,10.497059507662817,10.447306,10.549229,0.0,0.0,0.0
2512,10.552178476534445,10.380245,10.727938,10.501239937574274,10.451467,10.55343,0.0,0.0,0.0
2513,10.556862740118797,10.384153,10.731883,10.505420367485728,10.455627,10.5576315,0.0,0.0,0.0
2514,10.563271138477415,10.390404,10.740175,10.509600797397185,10.459787,10.561832,0.0,0.0,0.0
2515,10.568046690213482,10.395066,10.744653,10.51378122730864,10.463948,10.566033,0.0,0.0,0.0
2516,10.571977336701515,10.398362,10.7483015,10.517961657220095,10.468109,10.570234,0.0,0.0,0.0
2517,10.577473200331177,10.403691,10.755071,10.522142087131549,10.47227,10.574436,0.0,0.0,0.0
2518,10.580615085377197,10.407462,10.756979,10.526322517043004,10.47643,10.578637,0.0,0.0,0.0
2519,10.58729502164843,10.414595,10.763725,10.53050294695446,10.480591,10.582838,0.0,0.0,0.0
2520,10.59108751470523,10.417602,10.767953,10.53468337686591,10.484752,10.58704,0.0,0.0,0.0
2521,10.595860784360205,10.421893,10.772861,10.538863806777368,10.488912,10.591241,0.0,0.0,0.0
2522,10.601049616381582,10.427355,10.7775545,10.543044236688822,10.4930725,10.595442,0.0,0.0,0.0
2523,10.604537074019985,10.431319,10.780979,10.547224666600277,10.497233,10.599643,0.0,0.0,0.0
2524,10.609138938504136,10.43547,10.785338,10.551405096511733,10.501394,10.603845,0.0,0.0,0.0
2525,10.612339318919624,10.438856,10.788318,10.555585526423187,10.505554,10.608046,0.0,0.0,0.0
2526,10.616823949102667,10.444455,10.7924,10.559765956334642,10.509715,10.6122465,0.0,0.0,0.0
2527,10.619097557509672,10.445888,10.794848,10.563946386246096,10.513876,10.616448,0.0,0.0,0.0
2528,10.62306439026679,10.450907,10.798503,10.568126816157552,10.518036,10.620649,0.0,0.0,0.0
2529,10.629100075067157,10.455925,10.805245,10.572307246069007,10.522197,10.62485,0.0,0.0,0.0
2530,10.631286442597924,10.458699,10.806657,10.576487675980463,10.526358,10.629051,0.0,0.0,0.0
2531,10.633754990839124,10.461161,10.809319,10.580668105891915,10.530519,10.633253,0.0,0.0,0.0
2532,10.639774469061171,10.467125,10.815243,10.58484853580337,10.534678,10.637454,0.0,0.0,0.0
2533,10.645383901516123,10.473186,10.821034,10.589028965714823,10.538839,10.641655,0.0,0.0,0.0
2534,10.650363314545968,10.479516,10.824129,10.59320939562628,10.543,10.645856,0.0,0.0,0.0
2535,10.655429091646377,10.485532,10.829481,10.597389825537736,10.547161,10.650058,0.0,0.0,0.0
2536,10.659666284652435,10.489651,10.833608,10.601570255449186,10.551321,10.654259,0.0,0.0,0.0
2537,10.664379998333713,10.495311,10.837025,10.605750685360645,10.555482,10.65846,0.0,0.0,0.0
2538,10.667757856247768,10.497819,10.841137,10.609931115272097,10.559643,10.662662,0.0,0.0,0.0
2539,10.670790475949618,10.501845,10.84263,10.614111545183555,10.563803,10.6668625,0.0,0.0,0.0
2540,10.677895228933904,10.509041,10.850923,10.618291975095008,10.567964,10.671063,0.0,0.0,0.0
2541,10.682280396030173,10.513286,10.855684,10.62247240500646,10.5721245,10.675264,0.0,0.0,0.0
2542,10.68415591135147,10.515365,10.8574095,10.626652834917918,10.576285,10.679466,0.0,0.0,0.0
2543,10.686699384896189,10.517718,10.861023,10.63083326482937,10.580445,10.683667,0.0,0.0,0.0
2544,10.692004504666363,10.523689,10.8659115,10.635013694740824,10.584606,10.687868,0.0,0.0,0.0
2545,10.695263429243195,10.526778,10.8695,10.639194124652283,10.588767,10.69207,0.0,0.0,0.0
2546,10.700986797555304,10.532305,10.875823,10.643374554563735,10.592927,10.696271,0.0,0.0,0.0
2547,10.705606325819131,10.536801,10.880606,10.647554984475189,10.597088,10.700472,0.0,0.0,0.0
2548,10.708277817242253,10.539417,10.882842,10.651735414386645,10.601249,10.704673,0.0,0.0,0.0
2549,10.71382329167538,10.544966,10.888286,10.6559158442981,10.60541,10.708875,0.0,0.0,0.0
2550,10.718708402774695,10.549282,10.893816,10.660096274209554,10.60957,10.713076,0.0,0.0,0.0
2551,10.722678163092487,10.553253,10.898163,10.66427670412101,10.61373,10.717277,0.0,0.0,0.0
2552,10.725625355923276,10.557229,10.900411,10.668457134032462,10.617891,10.721478,0.0,0.0,0.0
2553,10.729903202693048,10.560828,10.905003,10.672637563943919,10.622052,10.725679,0.0,0.0,0.0
2554,10.73473426630439,10.565736,10.910529,10.676817993855375,10.626212,10.72988,0.0,0.0,0.0
2555,10.738927443407997,10.569136,10.915297,10.68099842376683,10.630373,10.734081,0.0,0.0,0.0
2556,10.742488566920889,10.572835,10.918859,10.685178853678284,10.634534,10.738283,0.0,0.0,0.0
2557,10.74904821025066,10.579465,10.925326,10.68935928358974,10.638694,10.742484,0.0,0.0,0.0
2558,10.754654735792094,10.5858135,10.930072,10.693539713501194,10.642855,10.746685,0.0,0.0,0.0
2559,10.76157491642017,10.591683,10.937508,10.69772014341265,10.647016,10.750887,0.0,0.0,0.0
2560,10.764450120566362,10.594017,10.940711,10.701900573324103,10.651176,10.755088,0.0,0.0,0.0
2561,10.770604441360145,10.600479,10.946255,10.706081003235559,10.655336,10.759289,0.0,0.0,0.0
2562,10.771713260421649,10.601797,10.947113,10.710261433147014,10.659497,10.76349,0.0,0.0,0.0
2563,10.777329674197457,10.60728,10.95257,10.71444186305847,10.663658,10.767692,0.0,0.0,0.0
2564,10.78365014732586,10.613413,10.958631,10.718622292969922,10.667818,10.771893,0.0,0.0,0.0
2565,10.789640396997196,10.619461,10.96514,10.722802722881374,10.671979,10.7760935,0.0,0.0,0.0
2566,10.792854381268766,10.622038,10.968643,10.726983152792831,10.67614,10.780295,0.0,0.0,0.0
2567,10.798114632688627,10.628276,10.973273,10.731163582704282,10.680301,10.784496,0.0,0.0,0.0
2568,10.801880260003113,10.630826,10.977494,10.735344012615741,10.684461,10.788697,0.0,0.0,0.0
2569,10.806260774643578,10.635017,10.982489,10.739524442527193,10.6886215,10.792898,0.0,0.0,0.0
2570,10.81353671639295,10.641486,10.990115,10.74370487243865,10.692782,10.7971,0.0,0.0,0.0
2571,10.816622274520164,10.644855,10.992761,10.747885302350108,10.696943,10.801301,0.0,0.0,0.0
2572,10.820672805681106,10.647894,10.998681,10.75206573226156,10.701103,10.805502,0.0,0.0,0.0
2573,10.824872271912467,10.6521435,11.003879,10.756246162173012,10.705264,10.809704,0.0,0.0,0.0
2574,10.828676753619936,10.65527,11.007153,10.760426592084464,10.709425,10.813905,0.0,0.0,0.0
2575,10.832121163041545,10.65824,11.011611,10.764607021995925,10.713585,10.818106,0.0,0.0,0.0
2576,10.83594494054636,10.6622505,11.014268,10.768787451907373,10.717746,10.822307,0.0,0.0,0.0
2577,10.837588561707234,10.663863,11.016469,10.77296788181883,10.721907,10.8265085,0.0,0.0,0.0
2578,10.838893701184533,10.66496,11.0185,10.777148311730286,10.726068,10.830709,0.0,0.0,0.0
2579,10.841333487445727,10.667785,11.019871,10.781328741641746,10.730227,10.83491,0.0,0.0,0.0
2580,10.843804922765777,10.6709385,11.022143,10.785509171553196,10.734388,10.839112,0.0,0.0,0.0
2581,10.845668585952899,10.673006,11.024435,10.789689601464652,10.738549,10.843313,0.0,0.0,0.0
2582,10.84907246273927,10.676274,11.027488,10.793870031376104,10.742709,10.847514,0.0,0.0,0.0
2583,10.853573052895616,10.680861,11.032553,10.798050461287563,10.74687,10.851715,0.0,0.0,0.0
2584,10.857837827249652,10.686112,11.037163,10.802230891199015,10.751031,10.855917,0.0,0.0,0.0
2585,10.862147734181287,10.689944,11.0408325,10.806411321110469,10.755192,10.860118,0.0,0.0,0.0
2586,10.867133883833509,10.694935,11.045949,10.810591751021926,10.759352,10.864319,0.0,0.0,0.0
2587,10.8693422918089,10.696662,11.048538,10.814772180933382,10.763513,10.868521,0.0,0.0,0.0
2588,10.871493414252061,10.698912,11.050207,10.818952610844832,10.7676735,10.872722,0.0,0.0,0.0
2589,10.87780832241051,10.704443,11.05686,10.823133040756288,10.771834,10.876923,0.0,0.0,0.0
2590,10.880370806405612,10.706428,11.059824,10.827313470667745,10.775994,10.881124,0.0,0.0,0.0
2591,10.88467880512131,10.710013,11.065097,10.8314939005792,10.780155,10.885325,0.0,0.0,0.0
2592,10.889781379933645,10.715782,11.069092,10.835674330490653,10.784316,10.889526,0.0,0.0,0.0
2593,10.893281906713534,10.72032,11.073207,10.83985476040211,10.788476,10.893727,0.0,0.0,0.0
2594,10.897542544781443,10.723013,11.077609,10.844035190313566,10.792637,10.897929,0.0,0.0,0.0
2595,10.900212296305446,10.726375,11.079765,10.848215620225016,10.796798,10.90213,0.0,0.0,0.0
2596,10.90241915163049,10.728779,11.081571,10.85239605013647,10.800959,10.906331,0.0,0.0,0.0
2597,10.905182846786603,10.732359,11.085001,10.856576480047929,10.805119,10.910532,0.0,0.0,0.0
2598,10.910740013892573,10.737734,11.090107,10.86075690995938,10.809279,10.914734,0.0,0.0,0.0
2599,10.914712597122051,10.740912,11.094791,10.864937339870838,10.81344,10.918935,0.0,0.0,0.0
2600,10.918040734832182,10.74384,11.098659,10.86911776978229,10.8176,10.923136,0.0,0.0,0.0
2601,10.921320131971958,10.747113,11.102443,10.873298199693748,10.821761,10.927337,0.0,0.0,0.0
2602,10.924877273710722,10.749747,11.106634,10.8774786296052,10.825922,10.931539,0.0,0.0,0.0
2603,10.929334941814405,10.754444,11.110452,10.881659059516654,10.830083,10.9357395,0.0,0.0,0.0
2604,10.935334053202658,10.760323,11.116315,10.88583948942811,10.834243,10.93994,0.0,0.0,0.0
2605,10.939895758368431,10.763968,11.121859,10.890019919339561,10.838404,10.944142,0.0,0.0,0.0
2606,10.94209764076899,10.765227,11.12452,10.894200349251017,10.842565,10.948343,0.0,0.0,0.0
2607,10.947945187996071,10.770378,11.132152,10.898380779162473,10.8467245,10.952544,0.0,0.0,0.0
2608,10.95012416489721,10.772996,11.133705,10.90256120907393,10.850885,10.956745,0.0,0.0,0.0
2609,10.952859122160143,10.776132,11.135956,10.90674163898538,10.855046,10.960947,0.0,0.0,0.0
2610,10.95768395357644,10.7814,11.140371,10.910922068896838,10.859207,10.965148,0.0,0.0,0.0
2611,10.963142801003158,10.786584,11.14625,10.915102498808293,10.863367,10.969349,0.0,0.0,0.0
2612,10.966969303377981,10.790853,11.149138,10.919282928719749,10.867528,10.973551,0.0,0.0,0.0
2613,10.972198611315262,10.795296,11.155537,10.923463358631201,10.871689,10.977752,0.0,0.0,0.0
2614,10.980033647678924,10.803623,11.161911,10.927643788542657,10.87585,10.981953,0.0,0.0,0.0
2615,10.981702774207742,10.80542,11.162966,10.931824218454114,10.88001,10.986154,0.0,0.0,0.0
2616,10.989500572803042,10.813914,11.171564,10.936004648365566,10.884171,10.9903555,0.0,0.0,0.0
2617,10.993678158431395,10.817607,11.176067,10.94018507827702,10.888331,10.994556,0.0,0.0,0.0
2618,10.997007649468582,10.8201065,11.180009,10.944365508188477,10.892491,10.998757,0.0,0.0,0.0
2619,11.001211469088817,10.824433,11.183979,10.948545938099931,10.896652,11.002959,0.0,0.0,0.0
2620,11.004213481362978,10.827256,11.18766,10.952726368011385,10.900813,11.00716,0.0,0.0,0.0
2621,11.008033751673144,10.830018,11.19182,10.956906797922839,10.904974,11.011361,0.0,0.0,0.0
2622,11.010710190718184,10.832981,11.1941185,10.961087227834296,10.909134,11.015562,0.0,0.0,0.0
2623,11.016233549767264,10.838009,11.199991,10.96526765774575,10.913295,11.019764,0.0,0.0,0.0
2624,11.020483448540709,10.841912,11.205024,10.969448087657208,10.917456,11.023965,0.0,0.0,0.0
2625,11.024817303481338,10.846551,11.208787,10.973628517568658,10.921616,11.028166,0.0,0.0,0.0
2626,11.029092901822123,10.850963,11.212868,10.977808947480115,10.9257765,11.032368,0.0,0.0,0.0
2627,11.033368687094544,10.855727,11.217019,10.981989377391573,10.929937,11.036569,0.0,0.0,0.0
2628,11.038637885758764,10.86157,11.221252,10.986169807303025,10.934098,11.04077,0.0,0.0,0.0
2629,11.044870697120567,10.867898,11.226989,10.990350237214477,10.938258,11.0449705,0.0,0.0,0.0
2630,11.050341024077277,10.872214,11.2333145,10.994530667125932,10.942419,11.049172,0.0,0.0,0.0
2631,11.054208064752915,10.8760195,11.2382145,10.998711097037386,10.94658,11.053373,0.0,0.0,0.0
2632,11.055902046529598,10.877672,11.239827,11.002891526948845,10.950741,11.057574,0.0,0.0,0.0
2633,11.057162314202879,10.878728,11.241674,11.007071956860297,10.954901,11.061776,0.0,0.0,0.0
2634,11.062035609034366,10.8834915,11.247048,11.011252386771748,10.959062,11.065977,0.0,0.0,0.0
2635,11.067008065183737,10.888084,11.251803,11.015432816683209,10.9632225,11.070178,0.0,0.0,0.0
2636,11.071011209980364,10.891625,11.256315,11.01961324659466,10.967382,11.074379,0.0,0.0,0.0
2637,11.076942084394028,10.898384,11.261895,11.023793676506113,10.971543,11.078581,0.0,0.0,0.0
2638,11.078713127172167,10.899953,11.263334,11.027974106417568,10.975704,11.082782,0.0,0.0,0.0
2639,11.084575123640237,10.906151,11.269181,11.032154536329024,10.979865,11.086983,0.0,0.0,0.0
2640,11.087546148479333,10.908417,11.271857,11.03633496624048,10.984025,11.091185,0.0,0.0,0.0
2641,11.090957253241852,10.912601,11.275728,11.040515396151935,10.988186,11.095386,0.0,0.0,0.0
2642,11.095316102439963,10.917897,11.279145,11.04469582606339,10.992347,11.0995865,0.0,0.0,0.0
2643,11.1011336060612,10.922683,11.286015,11.048876255974843,10.996507,11.103787,0.0,0.0,0.0
2644,11.10507232875941,10.926363,11.28969,11.053056685886299,11.000668,11.107989,0.0,0.0,0.0
2645,11.108374340513599,10.92981,11.292066,11.057237115797752,11.004828,11.11219,0.0,0.0,0.0
2646,11.111959200694551,10.934024,11.295853,11.061417545709212,11.008989,11.116391,0.0,0.0,0.0
2647,11.113138212758054,10.934844,11.297233,11.065597975620664,11.013149,11.120593,0.0,0.0,0.0
2648,11.115505590160955,10.937327,11.299485,11.069778405532121,11.01731,11.124794,0.0,0.0,0.0
2649,11.11988169068177,10.941801,11.304815,11.073958835443571,11.021471,11.128995,0.0,0.0,0.0
2650,11.12351008324387,10.945535,11.308281,11.078139265355029,11.025632,11.133196,0.0,0.0,0.0
2651,11.130380740465169,10.95302,11.313891,11.082319695266483,11.029792,11.137398,0.0,0.0,0.0
2652,11.136374983744698,10.958094,11.319391,11.086500125177938,11.033953,11.141599,0.0,0.0,0.0
2653,11.142165796061702,10.965176,11.324546,11.090680555089392,11.038114,11.1458,0.0,0.0,0.0
2654,11.148318829855063,10.971212,11.330623,11.094860985000848,11.0422735,11.150002,0.0,0.0,0.0
2655,11.151636045775547,10.97383,11.334527,11.099041414912302,11.046434,11.154202,0.0,0.0,0.0
2656,11.153372574089747,10.975872,11.336185,11.103221844823757,11.050595,11.158403,0.0,0.0,0.0
2657,11.155589093101128,10.978874,11.338374,11.107402274735215,11.054756,11.162604,0.0,0.0,0.0
2658,11.158477684807485,10.980684,11.342036,11.111582704646663,11.058916,11.166806,0.0,0.0,0.0
2659,11.162406754524865,10.983978,11.346867,11.11576313455812,11.063077,11.171007,0.0,0.0,0.0
2660,11.166504219343448,10.98804,11.350288,11.119943564469573,11.067238,11.175208,0.0,0.0,0.0
2661,11.170933124291116,10.992636,11.354381,11.12412399438103,11.071398,11.17941,0.0,0.0,0.0
2662,11.175253767296956,10.996762,11.358109,11.128304424292484,11.075559,11.183611,0.0,0.0,0.0
2663,11.180524641777883,11.00187,11.363653,11.132484854203938,11.07972,11.187812,0.0,0.0,0.0
2664,11.186409453408363,11.006821,11.369878,11.136665284115391,11.08388,11.192013,0.0,0.0,0.0
2665,11.188066810655657,11.008785,11.371201,11.140845714026845,11.08804,11.196215,0.0,0.0,0.0
2666,11.190752784093636,11.0113735,11.37427,11.145026143938301,11.092201,11.200416,0.0,0.0,0.0
2667,11.196483844925556,11.017537,11.379904,11.149206573849757,11.096362,11.204617,0.0,0.0,0.0
2668,11.200351047359216,11.021631,11.384357,11.153387003761216,11.100523,11.2088175,0.0,0.0,0.0
2669,11.202750011028813,11.024132,11.385972,11.157567433672666,11.104683,11.213019,0.0,0.0,0.0
2670,11.209183928235909,11.030574,11.392131,11.16174786358412,11.108844,11.21722,0.0,0.0,0.0
2671,11.211565560685568,11.033545,11.39372,11.165928293495577,11.113005,11.221421,0.0,0.0,0.0
2672,11.21743823564989,11.038762,11.400338,11.17010872340703,11.117165,11.225623,0.0,0.0,0.0
2673,11.220224092858682,11.041923,11.403408,11.174289153318488,11.1213255,11.229824,0.0,0.0,0.0
2674,11.224685256215308,11.045615,11.408459,11.17846958322994,11.125486,11.234025,0.0,0.0,0.0
2675,11.228085195005374,11.048519,11.412772,11.182650013141394,11.129647,11.238226,0.0,0.0,0.0
2676,11.232777459629506,11.053726,11.416751,11.186830443052852,11.133807,11.242428,0.0,0.0,0.0
2677,11.235573017752168,11.0572605,11.419502,11.191010872964307,11.137968,11.246629,0.0,0.0,0.0
2678,11.243048470911493,11.065233,11.425907,11.195191302875758,11.142129,11.25083,0.0,0.0,0.0
2679,11.248013850200039,11.069456,11.431576,11.199371732787215,11.146289,11.255032,0.0,0.0,0.0
2680,11.25183348520745,11.074245,11.434281,11.203552162698669,11.15045,11.2592325,0.0,0.0,0.0
2681,11.256585404914846,11.078487,11.438903,11.207732592610126,11.154611,11.263433,0.0,0.0,0.0
2682,11.26023893539143,11.082549,11.442308,11.211913022521577,11.1587715,11.267634,0.0,0.0,0.0
2683,11.262379369773152,11.08506,11.443936,11.216093452433032,11.162931,11.271836,0.0,0.0,0.0
2684,11.266980286488414,11.089825,11.449422,11.22027388234449,11.167092,11.276037,0.0,0.0,0.0
2685,11.271829276660755,11.095127,11.454319,11.224454312255943,11.171253,11.280238,0.0,0.0,0.0
2686,11.275887025297907,11.098992,11.459346,11.228634742167397,11.175414,11.28444,0.0,0.0,0.0
2687,11.278664582317615,11.101496,11.461582,11.232815172078855,11.179574,11.288641,0.0,0.0,0.0
2688,11.28032382065118,11.10255,11.463819,11.236995601990307,11.183735,11.292842,0.0,0.0,0.0
2689,11.285639972818569,11.106515,11.471227,11.241176031901764,11.187896,11.297043,0.0,0.0,0.0
2690,11.290323858185165,11.110995,11.475538,11.245356461813218,11.192056,11.301245,0.0,0.0,0.0
2691,11.294962841588767,11.115579,11.480715,11.249536891724668,11.196217,11.305446,0.0,0.0,0.0
2692,11.302966493643252,11.123705,11.488386,11.253717321636124,11.200377,11.309647,0.0,0.0,0.0
2693,11.308333865189516,11.129088,11.493748,11.25789775154758,11.204538,11.3138485,0.0,0.0,0.0
2694,11.315883797420758,11.137122,11.501333,11.262078181459033,11.208698,11.318049,0.0,0.0,0.0
2695,11.319823137117087,11.141717,11.504598,11.266258611370493,11.212859,11.32225,0.0,0.0,0.0
2696,11.323710054687064,11.144471,11.5095625,11.270439041281945,11.21702,11.326451,0.0,0.0,0.0
2697,11.327727422663118,11.148382,11.513688,11.2746194711934,11.22118,11.330653,0.0,0.0,0.0
2698,11.332436454291699,11.153303,11.517356,11.278799901104854,11.225341,11.334854,0.0,0.0,0.0
2699,11.335842419680823,11.158426,11.5203285,11.28298033101631,11.229502,11.339055,0.0,0.0,0.0
2700,11.340346722881561,11.163428,11.5238285,11.287160760927764,11.233663,11.343257,0.0,0.0,0.0
2701,11.342980826528253,11.165691,11.526819,11.291341190839217,11.237823,11.347458,0.0,0.0,0.0
2702,11.344537873202563,11.166991,11.528587,11.295521620750673,11.241983,11.351659,0.0,0.0,0.0
2703,11.348312094722358,11.170918,11.532159,11.299702050662125,11.246144,11.35586,0.0,0.0,0.0
2704,11.351483101028439,11.174817,11.534644,11.303882480573586,11.250305,11.360062,0.0,0.0,0.0
2705,11.352891182258116,11.175821,11.535757,11.308062910485036,11.254465,11.364263,0.0,0.0,0.0
2706,11.35446724136703,11.177345,11.5381,11.312243340396494,11.258626,11.3684635,0.0,0.0,0.0
2707,11.35780659919507,11.181226,11.541772,11.316423770307946,11.262787,11.372665,0.0,0.0,0.0
2708,11.366500716367105,11.189087,11.551066,11.320604200219403,11.266947,11.376866,0.0,0.0,0.0
2709,11.369306229557601,11.191398,11.5548115,11.324784630130859,11.271108,11.381067,0.0,0.0,0.0
2710,11.375328649264302,11.199584,11.558556,11.328965060042313,11.275269,11.385268,0.0,0.0,0.0
2711,11.378665079618584,11.203019,11.561292,11.333145489953766,11.279429,11.38947,0.0,0.0,0.0
2712,11.384064670047106,11.208168,11.568078,11.33732591986522,11.283589,11.393671,0.0,0.0,0.0
2713,11.38826949239878,11.21237,11.571584,11.341506349776678,11.28775,11.397872,0.0,0.0,0.0
2714,11.39094967350337,11.215439,11.574546,11.345686779688126,11.291911,11.402074,0.0,0.0,0.0
2715,11.39512725890859,11.219836,11.578587,11.349867209599585,11.296071,11.406275,0.0,0.0,0.0
2716,11.399597678419711,11.224085,11.582675,11.354047639511037,11.300232,11.410476,0.0,0.0,0.0
2717,11.404759520724422,11.228803,11.588151,11.358228069422498,11.304393,11.414677,0.0,0.0,0.0
2718,11.410003001401765,11.234234,11.593237,11.362408499333949,11.308554,11.418879,0.0,0.0,0.0
2719,11.417666444364263,11.240597,11.602026,11.366588929245404,11.312714,11.4230795,0.0,0.0,0.0
2720,11.423312053684805,11.246142,11.607927,11.370769359156862,11.3168745,11.42728,0.0,0.0,0.0
2721,11.430932686258263,11.255288,11.614315,11.374949789068312,11.321035,11.431482,0.0,0.0,0.0
2722,11.435705226200493,11.259558,11.619085,11.379130218979766,11.325196,11.435683,0.0,0.0,0.0
2723,11.440068073092872,11.263023,11.623909,11.38331064889122,11.329356,11.439884,0.0,0.0,0.0
2724,11.44560068468969,11.268022,11.630025,11.387491078802675,11.333517,11.444085,0.0,0.0,0.0
2725,11.449418934700077,11.271798,11.633392,11.391671508714133,11.337678,11.448287,0.0,0.0,0.0
2726,11.452328516133424,11.274539,11.636786,11.395851938625585,11.341838,11.452488,0.0,0.0,0.0
2727,11.458594724431515,11.281799,11.641916,11.400032368537039,11.345999,11.456689,0.0,0.0,0.0
2728,11.46338339982152,11.286133,11.647058,11.404212798448496,11.35016,11.46089,0.0,0.0,0.0
2729,11.469226906503117,11.291482,11.652586,11.40839322835995,11.354321,11.465092,0.0,0.0,0.0
2730,11.475030842904623,11.296978,11.65978,11.412573658271402,11.35848,11.469293,0.0,0.0,0.0
2731,11.476923139879494,11.298918,11.660934,11.41675408818286,11.362641,11.473494,0.0,0.0,0.0
2732,11.481089467904162,11.303234,11.665648,11.420934518094311,11.366802,11.477695,0.0,0.0,0.0
2733,11.486252259512307,11.307778,11.671158,11.425114948005772,11.370962,11.481896,0.0,0.0,0.0
2734,11.493054909916886,11.315372,11.677261,11.429295377917226,11.375123,11.486097,0.0,0.0,0.0
2735,11.495877119042147,11.318042,11.680525,11.433475807828678,11.379284,11.490298,0.0,0.0,0.0
2736,11.497886140159881,11.320132,11.682421,11.437656237740132,11.383445,11.4945,0.0,0.0,0.0
2737,11.500595221695834,11.322553,11.685657,11.441836667651588,11.387605,11.498701,0.0,0.0,0.0
2738,11.506054191845713,11.326754,11.69112,11.446017097563043,11.391766,11.502902,0.0,0.0,0.0
2739,11.509254093101845,11.330709,11.694155,11.450197527474499,11.395926,11.507104,0.0,0.0,0.0
2740,11.51101196600559,11.332949,11.695407,11.454377957385953,11.400087,11.511305,0.0,0.0,0.0
2741,11.514593495836824,11.33688,11.699248,11.458558387297408,11.404247,11.515506,0.0,0.0,0.0
2742,11.517224306893302,11.339778,11.701527,11.462738817208864,11.408408,11.519707,0.0,0.0,0.0
2743,11.52185233692111,11.344013,11.706001,11.466919247120318,11.412569,11.523909,0.0,0.0,0.0
2744,11.527936930257916,11.349624,11.711865,11.471099677031772,11.416729,11.52811,0.0,0.0,0.0
2745,11.532302130513004,11.354708,11.715683,11.475280106943226,11.42089,11.5323105,0.0,0.0,0.0
2746,11.533392713509413,11.356078,11.716583,11.479460536854681,11.425051,11.536512,0.0,0.0,0.0
2747,11.53547643957185,11.357512,11.718709,11.483640966766137,11.429212,11.540713,0.0,0.0,0.0
2748,11.542012988958566,11.364382,11.724911,11.487821396677592,11.433372,11.544914,0.0,0.0,0.0
2749,11.543297337375309,11.366007,11.725694,11.492001826589044,11.437532,11.549115,0.0,0.0,0.0
2750,11.550063758152362,11.372459,11.732854,11.496182256500502,11.441693,11.553317,0.0,0.0,0.0
2751,11.553315847073991,11.375486,11.7365465,11.500362686411956,11.445853,11.557518,0.0,0.0,0.0
2752,11.55859719291135,11.381153,11.740976,11.50454311632341,11.450014,11.561719,0.0,0.0,0.0
2753,11.561617029778066,11.383874,11.744874,11.508723546234867,11.454175,11.565921,0.0,0.0,0.0
2754,11.56622568525245,11.388042,11.74981,11.51290397614632,11.458336,11.570122,0.0,0.0,0.0
2755,11.569930175557744,11.391267,11.754071,11.517084406057773,11.462496,11.574323,0.0,0.0,0.0
2756,11.571980502446099,11.392798,11.756071,11.521264835969227,11.466657,11.578524,0.0,0.0,0.0
2757,11.576218363471451,11.39529,11.762289,11.52544526588068,11.470818,11.582726,0.0,0.0,0.0
2758,11.579109340456434,11.396959,11.765305,11.529625695792136,11.474978,11.586926,0.0,0.0,0.0
2759,11.582053082743553,11.399325,11.768749,11.533806125703592,11.479138,11.591127,0.0,0.0,0.0
2760,11.588707979050001,11.4071865,11.774891,11.537986555615046,11.483299,11.595329,0.0,0.0,0.0
2761,11.595493332754222,11.413787,11.781276,11.542166985526501,11.48746,11.59953,0.0,0.0,0.0
2762,11.600683668175328,11.418333,11.786702,11.546347415437957,11.49162,11.603731,0.0,0.0,0.0
2763,11.60587734636479,11.422331,11.792803,11.550527845349409,11.495781,11.607932,0.0,0.0,0.0
2764,11.607245626410768,11.424439,11.793485,11.554708275260868,11.499942,11.612134,0.0,0.0,0.0
2765,11.610615852524623,11.42884,11.795998,11.558888705172324,11.504103,11.616335,0.0,0.0,0.0
2766,11.613812043901214,11.431701,11.799219,11.563069135083778,11.508263,11.620536,0.0,0.0,0.0
2767,11.619524861783457,11.437651,11.805299,11.56724956499523,11.5124235,11.624738,0.0,0.0,0.0
2768,11.62466743456787,11.443208,11.8099575,11.571429994906685,11.516584,11.628939,0.0,0.0,0.0
2769,11.628523096610943,11.448295,11.813917,11.575610424818143,11.520744,11.63314,0.0,0.0,0.0
2770,11.63199580613102,11.450831,11.818094,11.579790854729596,11.524905,11.637341,0.0,0.0,0.0
2771,11.639739200477953,11.457998,11.825353,11.58397128464105,11.529066,11.641542,0.0,0.0,0.0
2772,11.645638957554594,11.463472,11.831926,11.588151714552504,11.533227,11.645743,0.0,0.0,0.0
2773,11.649627864910578,11.467567,11.835769,11.592332144463962,11.537387,11.649944,0.0,0.0,0.0
2774,11.652693674147892,11.470971,11.838297,11.596512574375415,11.541548,11.654146,0.0,0.0,0.0
2775,11.659819669312785,11.478465,11.845997,11.60069300428687,11.545709,11.658347,0.0,0.0,0.0
2776,11.66336571820543,11.481089,11.850592,11.604873434198323,11.54987,11.662548,0.0,0.0,0.0
2777,11.667214320416305,11.485439,11.854274,11.609053864109779,11.554029,11.666749,0.0,0.0,0.0
2778,11.669907004233213,11.48803,11.857236,11.61323429402123,11.55819,11.670951,0.0,0.0,0.0
2779,11.675054126844223,11.492035,11.862941,11.617414723932686,11.562351,11.675152,0.0,0.0,0.0
2780,11.68003252704404,11.49528,11.869194,11.621595153844144,11.566511,11.679353,0.0,0.0,0.0
2781,11.684444661004312,11.499521,11.873823,11.625775583755598,11.570672,11.683555,0.0,0.0,0.0
2782,11.686316235934362,11.501434,11.876132,11.629956013667053,11.574833,11.687756,0.0,0.0,0.0
2783,11.692513424677434,11.505792,11.883511,11.634136443578505,11.578994,11.6919565,0.0,0.0,0.0
2784,11.697922763468162,11.512171,11.888636,11.638316873489961,11.583154,11.696157,0.0,0.0,0.0
2785,11.701791970515437,11.515505,11.892582,11.642497303401417,11.587315,11.700359,0.0,0.0,0.0
2786,11.7032960193473,11.517431,11.893661,11.646677733312872,11.5914755,11.70456,0.0,0.0,0.0
2787,11.707691118860746,11.521968,11.898204,11.650858163224322,11.595635,11.708761,0.0,0.0,0.0
2788,11.711975877679983,11.52798,11.900672,11.655038593135782,11.599796,11.712963,0.0,0.0,0.0
2789,11.71625706531835,11.531391,11.905512,11.659219023047234,11.603957,11.717164,0.0,0.0,0.0
2790,11.718993088589881,11.533235,11.909066,11.663399452958688,11.608118,11.721365,0.0,0.0,0.0
2791,11.721409223398599,11.535335,11.912733,11.667579882870145,11.612278,11.725566,0.0,0.0,0.0
2792,11.727984972838549,11.542369,11.919513,11.671760312781599,11.616439,11.729768,0.0,0.0,0.0
2793,11.732121673021968,11.546024,11.923853,11.675940742693053,11.6206,11.733969,0.0,0.0,0.0
2794,11.737983357531327,11.551799,11.930431,11.680121172604506,11.624761,11.73817,0.0,0.0,0.0
2795,11.741795865461375,11.554901,11.9337015,11.684301602515966,11.628921,11.742371,0.0,0.0,0.0
2796,11.749554420868233,11.56286,11.941773,11.68848203242742,11.633081,11.7465725,0.0,0.0,0.0
2797,11.753302352684859,11.566565,11.946109,11.692662462338877,11.637242,11.750773,0.0,0.0,0.0
2798,11.7574386758449,11.571798,11.949241,11.696842892250327,11.641402,11.754974,0.0,0.0,0.0
2799,11.759260938693554,11.572984,11.950803,11.701023322161783,11.645563,11.759176,0.0,0.0,0.0
2800,11.76371190982858,11.576709,11.956266,11.705203752073237,11.649724,11.763377,0.0,0.0,0.0
2801,11.76837865197153,11.582265,11.959648,11.70938418198469,11.653885,11.767578,0.0,0.0,0.0
2802,11.773771172827601,11.587194,11.964498,11.713564611896148,11.658045,11.771779,0.0,0.0,0.0
2803,11.780303132611554,11.592281,11.971151,11.717745041807602,11.662206,11.775981,0.0,0.0,0.0
2804,11.78589611053682,11.597928,11.976408,11.721925471719056,11.666367,11.780182,0.0,0.0,0.0
2805,11.7910201703278,11.602527,11.982185,11.72610590163051,11.6705265,11.784383,0.0,0.0,0.0
2806,11.793979274874342,11.606042,11.985018,11.730286331541965,11.674687,11.788585,0.0,0.0,0.0
2807,11.800700636554227,11.611953,11.991996,11.734466761453417,11.678848,11.792786,0.0,0.0,0.0
2808,11.80503646547639,11.616491,11.997565,11.738647191364873,11.683009,11.796987,0.0,0.0,0.0
2809,11.809761927341153,11.620955,12.001628,11.742827621276328,11.687169,11.8011875,0.0,0.0,0.0
2810,11.812735555192878,11.624941,12.003664,11.747008051187784,11.69133,11.805389,0.0,0.0,0.0
2811,11.815582625241431,11.627113,12.0062275,11.75118848109924,11.695491,11.80959,0.0,0.0,0.0
2812,11.817418548282856,11.628699,12.008518,11.755368911010692,11.699652,11.813791,0.0,0.0,0.0
2813,11.819880839706626,11.631329,12.01137,11.759549340922147,11.703812,11.817993,0.0,0.0,0.0
2814,11.82328647062308,11.635202,12.013932,11.763729770833601,11.707973,11.822194,0.0,0.0,0.0
2815,11.826090678496856,11.63741,12.017587,11.76791020074506,11.712133,11.826395,0.0,0.0,0.0
2816,11.827313254144407,11.637999,12.0189905,11.77209063065651,11.716293,11.830596,0.0,0.0,0.0
2817,11.831758628552556,11.642454,12.023944,11.776271060567966,11.720454,11.834798,0.0,0.0,0.0
2818,11.836410796707609,11.646784,12.028468,11.780451490479424,11.724615,11.838999,0.0,0.0,0.0
2819,11.839510107909302,11.6504965,12.031907,11.784631920390877,11.728776,11.8432,0.0,0.0,0.0
2820,11.844940064184136,11.654881,12.03848,11.788812350302324,11.732936,11.847402,0.0,0.0,0.0
2821,11.84770985749856,11.657947,12.04021,11.792992780213785,11.737097,11.851603,0.0,0.0,0.0
2822,11.855144893216039,11.665949,12.047418,11.797173210125239,11.741258,11.8558035,0.0,0.0,0.0
2823,11.857502573350216,11.667805,12.049779,11.801353640036696,11.745418,11.860004,0.0,0.0,0.0
2824,11.86102962770973,11.6707115,12.053428,11.805534069948148,11.749578,11.864206,0.0,0.0,0.0
2825,11.867066749551872,11.676569,12.060223,11.809714499859608,11.753739,11.868407,0.0,0.0,0.0
2826,11.8690919317738,11.679222,12.061614,11.81389492977106,11.7579,11.872608,0.0,0.0,0.0
2827,11.875138769481579,11.6859665,12.066582,11.818075359682515,11.76206,11.87681,0.0,0.0,0.0
2828,11.87845637444063,11.689269,12.07015,11.82225578959397,11.766221,11.881011,0.0,0.0,0.0
2829,11.88176519101222,11.692284,12.07383,11.826436219505426,11.770382,11.885212,0.0,0.0,0.0
2830,11.886763902115383,11.6987505,12.077999,11.830616649416879,11.774543,11.889413,0.0,0.0,0.0
2831,11.889874558322795,11.701336,12.080903,11.834797079328336,11.778703,11.893615,0.0,0.0,0.0
2832,11.89327763793227,11.703767,12.084438,11.838977509239786,11.782864,11.897816,0.0,0.0,0.0
2833,11.896346558331773,11.707046,12.087329,11.843157939151245,11.7870245,11.902017,0.0,0.0,0.0
2834,11.90378158614495,11.713516,12.095272,11.847338369062697,11.791184,11.906219,0.0,0.0,0.0
2835,11.907175260817242,11.716865,12.098592,11.851518798974153,11.795345,11.910419,0.0,0.0,0.0
2836,11.912057715307126,11.721169,12.104314,11.855699228885607,11.799506,11.91462,0.0,0.0,0.0
2837,11.916164659679842,11.725222,12.10906,11.85987965879706,11.803667,11.918821,0.0,0.0,0.0
2838,11.919035377615412,11.728424,12.111106,11.864060088708516,11.807827,11.923023,0.0,0.0,0.0
2839,11.922993209801025,11.731055,12.116898,11.868240518619972,11.811988,11.927224,0.0,0.0,0.0
2840,11.928691187923487,11.7362585,12.123156,11.872420948531426,11.816149,11.931425,0.0,0.0,0.0
2841,11.92919940350978,11.736956,12.123668,11.876601378442876,11.820309,11.935627,0.0,0.0,0.0
2842,11.93505265112816,11.7423725,12.129175,11.880781808354335,11.82447,11.939828,0.0,0.0,0.0
2843,11.938263772794006,11.74522,12.133165,11.884962238265787,11.82863,11.944029,0.0,0.0,0.0
2844,11.941032912848131,11.748288,12.135192,11.889142668177247,11.832791,11.94823,0.0,0.0,0.0
2845,11.946748011398537,11.754563,12.140927,11.893323098088699,11.836951,11.952432,0.0,0.0,0.0
2846,11.950539538850393,11.758219,12.144164,11.897503528000156,11.841112,11.956633,0.0,0.0,0.0
2847,11.953686206704493,11.762522,12.14615,11.901683957911608,11.845273,11.960834,0.0,0.0,0.0
2848,11.9575078502466,11.766417,12.14969,11.905864387823064,11.849434,11.965035,0.0,0.0,0.0
2849,11.963569518131589,11.772569,12.155867,11.910044817734514,11.853594,11.969236,0.0,0.0,0.0
2850,11.966143826157452,11.774673,12.159106,11.914225247645971,11.857755,11.973437,0.0,0.0,0.0
2851,11.970275497144666,11.778061,12.164278,11.918405677557432,11.861916,11.977638,0.0,0.0,0.0
2852,11.973081064119466,11.781116,12.166569,11.922586107468879,11.8660755,11.98184,0.0,0.0,0.0
2853,11.977097027564566,11.786006,12.1703,11.926766537380335,11.870236,11.986041,0.0,0.0,0.0
2854,11.981162298388316,11.789677,12.175049,11.930946967291792,11.874397,11.990242,0.0,0.0,0.0
2855,11.986211444627799,11.796313,12.178235,11.935127397203248,11.878558,11.994444,0.0,0.0,0.0
2856,11.990667225899237,11.800622,12.183488,11.939307827114702,11.882718,11.998645,0.0,0.0,0.0
2857,11.997550669237265,11.807623,12.189279,11.943488257026159,11.886879,12.002846,0.0,0.0,0.0
2858,12.00173443459895,11.812297,12.193636,11.947668686937611,11.89104,12.007047,0.0,0.0,0.0
2859,12.005974605524816,11.815113,12.199067,11.951849116849068,11.8952,12.011249,0.0,0.0,0.0
2860,12.013038913212863,11.823195,12.205851,11.956029546760522,11.899361,12.01545,0.0,0.0,0.0
2861,12.017960122111901,11.827393,12.211334,11.960209976671978,11.903522,12.01965,0.0,0.0,0.0
2862,12.022476562532974,11.831814,12.2160635,11.96439040658343,11.907682,12.023851,0.0,0.0,0.0
2863,12.028500187411542,11.83822,12.22124,11.968570836494884,11.911842,12.028053,0.0,0.0,0.0
2864,12.03372538776413,11.844008,12.226586,11.97275126640634,11.916003,12.032254,0.0,0.0,0.0
2865,12.038951356800977,11.848539,12.231931,11.976931696317793,11.920164,12.036455,0.0,0.0,0.0
2866,12.041573286160524,11.851546,12.234033,11.981112126229249,11.924325,12.040657,0.0,0.0,0.0
2867,12.045571232182592,11.85585,12.238136,11.985292556140704,11.928485,12.044858,0.0,0.0,0.0
2868,12.050946794325663,11.861845,12.243647,11.989472986052158,11.932646,12.049059,0.0,0.0,0.0
2869,12.058250275922537,11.86866,12.251396,11.99365341596361,11.936807,12.05326,0.0,0.0,0.0
2870,12.06128999851388,11.871036,12.254027,11.99783384587507,11.940967,12.057462,0.0,0.0,0.0
2871,12.065320406326473,11.874473,12.257828,12.00201427578652,11.9451275,12.061663,0.0,0.0,0.0
2872,12.07268119661408,11.882714,12.264858,12.006194705697977,11.949288,12.065864,0.0,0.0,0.0
2873,12.078524365450228,11.888612,12.270936,12.010375135609431,11.953449,12.0700655,0.0,0.0,0.0
2874,12.082696330479093,11.891982,12.275451,12.014555565520885,11.957609,12.074266,0.0,0.0,0.0
2875,12.0911918497172,11.901861,12.283741,12.018735995432342,11.96177,12.078467,0.0,0.0,0.0
2876,12.097260027352783,11.907086,12.2904415,12.022916425343796,11.965931,12.082668,0.0,0.0,0.0
2877,12.104907591405258,11.913481,12.298542,12.027096855255252,11.970091,12.08687,0.0,0.0,0.0
2878,12.109533163036112,11.917991,12.30321,12.031277285166704,11.974252,12.091071,0.0,0.0,0.0
2879,12.111239696603844,11.919397,12.305657,12.035457715078158,11.978413,12.095272,0.0,0.0,0.0
2880,12.11305674537678,11.921178,12.306782,12.039638144989617,11.9825735,12.099474,0.0,0.0,0.0
2881,12.118808610027687,11.927533,12.312,12.04381857490107,11.986733,12.103675,0.0,0.0,0.0
2882,12.124164744222552,11.93217,12.317533,12.047999004812526,11.990894,12.107876,0.0,0.0,0.0
2883,12.128385101685868,11.938465,12.321063,12.052179434723977,11.995055,12.112077,0.0,0.0,0.0
2884,12.131492701238699,11.942303,12.322887,12.056359864635432,11.999216,12.116279,0.0,0.0,0.0
2885,12.136880874245271,11.948603,12.328923,12.060540294546886,12.003376,12.12048,0.0,0.0,0.0
2886,12.143433597352558,11.95384,12.336698,12.064720724458343,12.007537,12.1246805,0.0,0.0,0.0
2887,12.14781552568971,11.95836,12.341165,12.068901154369799,12.011698,12.128882,0.0,0.0,0.0
2888,12.148839619856869,11.958905,12.341928,12.073081584281253,12.015858,12.133083,0.0,0.0,0.0
2889,12.152511102566255,11.962906,12.345526,12.077262014192709,12.020019,12.137284,0.0,0.0,0.0
2890,12.15558719103975,11.965981,12.348727,12.081442444104164,12.024179,12.141485,0.0,0.0,0.0
2891,12.158563962523022,11.969034,12.351724,12.085622874015618,12.02834,12.145687,0.0,0.0,0.0
2892,12.16283320031433,11.973286,12.355631,12.089803303927074,12.0325,12.149888,0.0,0.0,0.0
2893,12.16727325636717,11.978005,12.359961,12.093983733838526,12.036661,12.154089,0.0,0.0,0.0
2894,12.17076577495897,11.981611,12.363391,12.09816416374998,12.040822,12.158291,0.0,0.0,0.0
2895,12.173355750265964,11.984104,12.36613,12.102344593661437,12.044982,12.162492,0.0,0.0,0.0
2896,12.176606862611333,11.988036,12.368877,12.10652502357289,12.049143,12.166693,0.0,0.0,0.0
2897,12.182736782226401,11.993247,12.375288,12.110705453484345,12.053304,12.170894,0.0,0.0,0.0
2898,12.18650015849946,11.996651,12.379142,12.114885883395802,12.057465,12.175096,0.0,0.0,0.0
2899,12.190549864921103,12.001125,12.382994,12.119066313307252,12.061625,12.1792965,0.0,0.0,0.0
2900,12.194648047995685,12.006956,12.3861475,12.12324674321871,12.065785,12.183497,0.0,0.0,0.0
2901,12.198133619886685,12.00955,12.390597,12.127427173130163,12.069946,12.187699,0.0,0.0,0.0
2902,12.20274503857698,12.013711,12.39575,12.131607603041621,12.074107,12.1919,0.0,0.0,0.0
2903,12.2061397009707,12.017071,12.399033,12.135788032953078,12.078267,12.196101,0.0,0.0,0.0
2904,12.208467758260252,12.019371,12.401613,12.139968462864525,12.082428,12.200302,0.0,0.0,0.0
2905,12.214112036600655,12.026374,12.4057,12.144148892775982,12.086589,12.204504,0.0,0.0,0.0
2906,12.218463442255455,12.0299635,12.409316,12.148329322687438,12.090749,12.208705,0.0,0.0,0.0
2907,12.222036856003406,12.033554,12.41337,12.152509752598892,12.09491,12.212906,0.0,0.0,0.0
2908,12.224214834136406,12.036871,12.414599,12.15669018251035,12.099071,12.217108,0.0,0.0,0.0
2909,12.226613582417674,12.037465,12.418667,12.160870612421803,12.103231,12.221309,0.0,0.0,0.0
2910,12.233109135938308,12.043709,12.426005,12.165051042333253,12.107391,12.22551,0.0,0.0,0.0
2911,12.235087497974082,12.045427,12.428605,12.169231472244713,12.111552,12.229711,0.0,0.0,0.0
2912,12.240105158053133,12.050577,12.433177,12.173411902156165,12.115713,12.233912,0.0,0.0,0.0
2913,12.247213458208625,12.057026,12.441385,12.17759233206762,12.119873,12.238113,0.0,0.0,0.0
2914,12.251235120556997,12.061373,12.446264,12.181772761979072,12.124034,12.242314,0.0,0.0,0.0
2915,12.256753854473846,12.066007,12.452774,12.185953191890528,12.128195,12.246516,0.0,0.0,0.0
2916,12.261944945540021,12.071014,12.458457,12.190133621801985,12.132356,12.250717,0.0,0.0,0.0
2917,12.266150314554586,12.075649,12.462771,12.19431405171344,12.136516,12.254918,0.0,0.0,0.0
2918,12.27134963389221,12.080976,12.465952,12.198494481624893,12.1406765,12.259119,0.0,0.0,0.0
2919,12.275985672177116,12.085317,12.4711895,12.20267491153635,12.144837,12.263321,0.0,0.0,0.0
2920,12.279798419058135,12.088859,12.474682,12.206855341447804,12.148998,12.267522,0.0,0.0,0.0
2921,12.280012141285708,12.088777,12.474981,12.211035771359258,12.153158,12.271723,0.0,0.0,0.0
2922,12.284199503473372,12.092091,12.481078,12.215216201270716,12.157319,12.275925,0.0,0.0,0.0
2923,12.289054783401648,12.098051,12.484753,12.219396631182168,12.16148,12.280126,0.0,0.0,0.0
2924,12.290444890982704,12.099719,12.486242,12.223577061093629,12.16564,12.284327,0.0,0.0,0.0
2925,12.291883955689382,12.100685,12.487927,12.227757491005073,12.169801,12.2885275,0.0,0.0,0.0
2926,12.298845904968982,12.106093,12.495276,12.231937920916533,12.173962,12.292729,0.0,0.0,0.0
2927,12.301376565647328,12.109449,12.497314,12.236118350827988,12.1781225,12.29693,0.0,0.0,0.0
2928,12.30564159416394,12.112948,12.50227,12.240298780739442,12.182282,12.301131,0.0,0.0,0.0
2929,12.309089138966685,12.116696,12.505744,12.244479210650898,12.186443,12.305332,0.0,0.0,0.0
2930,12.312325070164208,12.120513,12.508927,12.248659640562352,12.190604,12.309534,0.0,0.0,0.0
2931,12.317371908669168,12.124272,12.514407,12.252840070473807,12.194764,12.313735,0.0,0.0,0.0
2932,12.32011483215942,12.125971,12.518399,12.25702050038526,12.198925,12.317936,0.0,0.0,0.0
2933,12.323885150495927,12.128673,12.523197,12.261200930296718,12.203086,12.322138,0.0,0.0,0.0
2934,12.328530689832048,12.13345,12.527231,12.26538136020817,12.207247,12.326339,0.0,0.0,0.0
2935,12.331768754156219,12.137497,12.530979,12.269561790119626,12.211407,12.33054,0.0,0.0,0.0
2936,12.33718325689492,12.142407,12.535745,12.27374222003108,12.215568,12.334741,0.0,0.0,0.0
2937,12.341737042937131,12.145188,12.541203,12.277922649942532,12.219728,12.338943,0.0,0.0,0.0
2938,12.344758053258257,12.148406,12.5443945,12.28210307985399,12.223889,12.343143,0.0,0.0,0.0
2939,12.351174692771878,12.1541195,12.551012,12.286283509765443,12.228049,12.347344,0.0,0.0,0.0
2940,12.359150793950766,12.163837,12.5582905,12.290463939676897,12.23221,12.351546,0.0,0.0,0.0
2941,12.36553596220045,12.170759,12.56361,12.294644369588353,12.236371,12.355747,0.0,0.0,0.0
2942,12.367769734673931,12.173694,12.565688,12.298824799499808,12.240531,12.359948,0.0,0.0,0.0
2943,12.36766092036751,12.173605,12.565615,12.303005229411262,12.244692,12.364149,0.0,0.0,0.0
2944,12.371171025720269,12.177441,12.569529,12.307185659322723,12.248853,12.368351,0.0,0.0,0.0
2945,12.375431837373595,12.180854,12.573982,12.311366089234175,12.253014,12.372552,0.0,0.0,0.0
2946,12.378928166668357,12.184829,12.576872,12.315546519145622,12.257174,12.376753,0.0,0.0,0.0
2947,12.38195487966202,12.187221,12.580358,12.319726949057083,12.261334,12.380955,0.0,0.0,0.0
2948,12.389614031732627,12.196055,12.587101,12.323907378968537,12.265495,12.385156,0.0,0.0,0.0
2949,12.39278871059633,12.199265,12.590132,12.328087808879992,12.269655,12.389357,0.0,0.0,0.0
2950,12.397775516198124,12.20371,12.595307,12.332268238791448,12.273816,12.393558,0.0,0.0,0.0
2951,12.40345922299668,12.209553,12.601638,12.3364486687029,12.277977,12.397759,0.0,0.0,0.0
2952,12.406062575021162,12.211709,12.603645,12.34062909861436,12.282138,12.40196,0.0,0.0,0.0
2953,12.409468524956415,12.214991,12.607612,12.344809528525811,12.286298,12.406161,0.0,0.0,0.0
2954,12.410197205851514,12.215352,12.608004,12.348989958437263,12.290459,12.410363,0.0,0.0,0.0
2955,12.41408716112163,12.219266,12.612368,12.353170388348722,12.29462,12.414564,0.0,0.0,0.0
2956,12.417473295455158,12.223381,12.614882,12.357350818260175,12.29878,12.418765,0.0,0.0,0.0
2957,12.418292871333126,12.224022,12.615968,12.361531248171632,12.30294,12.422966,0.0,0.0,0.0
2958,12.421740355881049,12.226037,12.620344,12.36571167808308,12.307101,12.427168,0.0,0.0,0.0
2959,12.427795191594516,12.232636,12.627238,12.369892107994538,12.311262,12.431369,0.0,0.0,0.0
2960,12.432726494221985,12.235821,12.632972,12.374072537905993,12.315422,12.43557,0.0,0.0,0.0
2961,12.439754790718327,12.242399,12.641645,12.378252967817446,12.319583,12.439772,0.0,0.0,0.0
2962,12.442680016307628,12.245544,12.645204,12.382433397728896,12.323744,12.443973,0.0,0.0,0.0
2963,12.448583545474028,12.252711,12.650812,12.386613827640357,12.327905,12.4481735,0.0,0.0,0.0
2964,12.451428467456067,12.254814,12.654387,12.39079425755181,12.332065,12.452374,0.0,0.0,0.0
2965,12.456700061701497,12.259778,12.659607,12.394974687463266,12.3362255,12.456576,0.0,0.0,0.0
2966,12.461817122425847,12.264756,12.663876,12.39915511737472,12.340386,12.460777,0.0,0.0,0.0
2967,12.464463638386231,12.266421,12.666552,12.403335547286172,12.344546,12.464978,0.0,0.0,0.0
2968,12.468956212303052,12.270656,12.671432,12.407515977197628,12.348707,12.46918,0.0,0.0,0.0
2969,12.470875737198666,12.273026,12.672593,12.411696407109085,12.352868,12.473381,0.0,0.0,0.0
2970,12.476719061364458,12.278696,12.678888,12.41587683702054,12.357029,12.477582,0.0,0.0,0.0
2971,12.480910639002136,12.282879,12.683227,12.420057266931995,12.361189,12.481783,0.0,0.0,0.0
2972,12.485321431776024,12.286707,12.688006,12.424237696843447,12.36535,12.485985,0.0,0.0,0.0
2973,12.489019533807882,12.291405,12.691614,12.428418126754906,12.369511,12.490186,0.0,0.0,0.0
2974,12.492894291889042,12.294794,12.694649,12.43259855666636,12.373672,12.494387,0.0,0.0,0.0
2975,12.498434312322923,12.300345,12.700623,12.436778986577815,12.377831,12.498589,0.0,0.0,0.0
2976,12.50333496497705,12.304853,12.705484,12.44095941648927,12.381992,12.5027895,0.0,0.0,0.0
2977,12.505527046212936,12.306365,12.708824,12.445139846400725,12.386153,12.50699,0.0,0.0,0.0
2978,12.509863428057974,12.311149,12.712026,12.449320276312177,12.390313,12.511191,0.0,0.0,0.0
2979,12.516058544545256,12.318043,12.717352,12.453500706223632,12.394474,12.515393,0.0,0.0,0.0
2980,12.520306915770789,12.3230505,12.721186,12.45768113613509,12.398635,12.519594,0.0,0.0,0.0
2981,12.522991185049563,12.325877,12.72392,12.461861566046542,12.402796,12.523795,0.0,0.0,0.0
2982,12.52671444098235,12.328866,12.727606,12.466041995957998,12.406956,12.527997,0.0,0.0,0.0
2983,12.527881401167726,12.329539,12.729084,12.470222425869451,12.411117,12.532198,0.0,0.0,0.0
2984,12.534060472815758,12.335448,12.735344,12.474402855780907,12.4152775,12.536399,0.0,0.0,0.0
2985,12.538878833354484,12.340773,12.739884,12.478583285692364,12.419437,12.5406,0.0,0.0,0.0
2986,12.543221402724335,12.34472,12.744547,12.482763715603816,12.423598,12.544802,0.0,0.0,0.0
2987,12.547662634867448,12.349729,12.748973,12.48694414551527,12.427759,12.549003,0.0,0.0,0.0
2988,12.55461238844944,12.357031,12.755696,12.491124575426726,12.43192,12.553204,0.0,0.0,0.0
2989,12.558612622323317,12.36135,12.759703,12.495305005338183,12.43608,12.557405,0.0,0.0,0.0
2990,12.563643764959485,12.366446,12.763791,12.499485435249632,12.440241,12.561606,0.0,0.0,0.0
2991,12.567155485416768,12.370272,12.766469,12.503665865161091,12.444402,12.565807,0.0,0.0,0.0
2992,12.569948193499886,12.373937,12.769154,12.507846295072543,12.448563,12.570008,0.0,0.0,0.0
2993,12.572667159640298,12.375666,12.772643,12.512026724984002,12.452723,12.57421,0.0,0.0,0.0
2994,12.575729013239824,12.378663,12.774979,12.51620715489545,12.456883,12.578411,0.0,0.0,0.0
2995,12.580702025518182,12.383856,12.780555,12.520387584806908,12.461044,12.582612,0.0,0.0,0.0
2996,12.586544879335182,12.389668,12.785938,12.524568014718364,12.465204,12.586813,0.0,0.0,0.0
2997,12.590548409131989,12.393797,12.788671,12.528748444629818,12.469365,12.591015,0.0,0.0,0.0
2998,12.593930083459059,12.397005,12.792181,12.532928874541271,12.473526,12.595216,0.0,0.0,0.0
2999,12.596874728917564,12.399709,12.795005,12.537109304452729,12.477687,12.599417,0.0,0.0,0.0
3000,12.602705640684944,12.406265,12.799962,12.541289734364181,12.481847,12.603619,0.0,0.0,0.0
3001,12.607116036915386,12.410725,12.80486,12.545470164275638,12.486008,12.60782,0.0,0.0,0.0
3002,12.61210900248852,12.415458,12.810209,12.549650594187092,12.490169,12.6120205,0.0,0.0,0.0
3003,12.615036748818694,12.41771,12.813519,12.553831024098542,12.4943285,12.616221,0.0,0.0,0.0
3004,12.618982400449902,12.422156,12.817108,12.558011454010002,12.498489,12.620423,0.0,0.0,0.0
3005,12.620849871826342,12.423669,12.819212,12.562191883921455,12.50265,12.624624,0.0,0.0,0.0
3006,12.625789520091562,12.429551,12.823751,12.566372313832911,12.506811,12.628825,0.0,0.0,0.0
3007,12.62601001977674,12.430039,12.823826,12.570552743744368,12.510971,12.633027,0.0,0.0,0.0
3008,12.627479149937459,12.430469,12.825768,12.57473317365582,12.515132,12.637228,0.0,0.0,0.0
3009,12.631577174880004,12.43401,12.830555,12.578913603567276,12.519293,12.641429,0.0,0.0,0.0
3010,12.637000117506018,12.439136,12.837114,12.583094033478734,12.523454,12.64563,0.0,0.0,0.0
3011,12.639897421868792,12.441894,12.839491,12.587274463390184,12.527614,12.649832,0.0,0.0,0.0
3012,12.644042945097244,12.445577,12.843324,12.591454893301641,12.5317745,12.654033,0.0,0.0,0.0
3013,12.649262195252977,12.45036,12.848603,12.595635323213093,12.535935,12.658234,0.0,0.0,0.0
3014,12.651173782353116,12.452135,12.850963,12.59981575312455,12.540095,12.662436,0.0,0.0,0.0
3015,12.655609039507876,12.457271,12.854749,12.603996183036005,12.544256,12.666636,0.0,0.0,0.0
3016,12.65894391986134,12.461124,12.857803,12.608176612947458,12.548417,12.670837,0.0,0.0,0.0
3017,12.664488999970274,12.465865,12.863109,12.612357042858912,12.552578,12.675038,0.0,0.0,0.0
3018,12.667589016503939,12.469859,12.866377,12.616537472770366,12.556738,12.67924,0.0,0.0,0.0
3019,12.67090138832784,12.474182,12.869111,12.620717902681822,12.560899,12.683441,0.0,0.0,0.0
3020,12.67516004917012,12.477756,12.874275,12.624898332593277,12.56506,12.687642,0.0,0.0,0.0
3021,12.67820758658399,12.480309,12.877361,12.62907876250473,12.56922,12.691844,0.0,0.0,0.0
3022,12.685063352235746,12.486855,12.884363,12.633259192416187,12.57338,12.696045,0.0,0.0,0.0
3023,12.688803361511718,12.490837,12.888239,12.637439622327639,12.577541,12.700246,0.0,0.0,0.0
3024,12.691794659223184,12.493442,12.891337,12.641620052239094,12.581702,12.704447,0.0,0.0,0.0
3025,12.697399892794666,12.498069,12.898343,12.645800482150547,12.585862,12.708649,0.0,0.0,0.0
3026,12.70099859216628,12.501647,12.9022665,12.649980912062006,12.590023,12.71285,0.0,0.0,0.0
3027,12.705325119955262,12.506267,12.906055,12.65416134197346,12.594184,12.717051,0.0,0.0,0.0
3028,12.707599530152038,12.508255,12.908818,12.658341771884915,12.598345,12.721252,0.0,0.0,0.0
3029,12.713131771578393,12.513842,12.914584,12.662522201796367,12.602505,12.725453,0.0,0.0,0.0
3030,12.717202472082374,12.517166,12.919009,12.666702631707825,12.606666,12.729654,0.0,0.0,0.0
3031,12.721636163104062,12.522708,12.922193,12.670883061619275,12.6108265,12.733855,0.0,0.0,0.0
3032,12.724349115795603,12.524602,12.924516,12.675063491530732,12.614986,12.738057,0.0,0.0,0.0
3033,12.731041815342932,12.531974,12.931092,12.679243921442186,12.619147,12.742258,0.0,0.0,0.0
3034,12.735262918594602,12.536969,12.935154,12.683424351353642,12.623308,12.746459,0.0,0.0,0.0
3035,12.739314852072733,12.540896,12.939281,12.687604781265094,12.627469,12.750661,0.0,0.0,0.0
3036,12.744361134624977,12.54695,12.943845,12.69178521117655,12.631629,12.754862,0.0,0.0,0.0
3037,12.747287873139006,12.550049,12.946326,12.695965641088005,12.63579,12.759063,0.0,0.0,0.0
3038,12.75534517047362,12.556724,12.954967,12.700146070999464,12.639951,12.763264,0.0,0.0,0.0
3039,12.760138621909743,12.561622,12.959614,12.704326500910915,12.644111,12.767466,0.0,0.0,0.0
3040,12.766655946331474,12.567182,12.96623,12.708506930822374,12.648272,12.771667,0.0,0.0,0.0
3041,12.768360564497607,12.568946,12.968087,12.712687360733828,12.652432,12.775867,0.0,0.0,0.0
3042,12.773555839451658,12.574942,12.972611,12.716867790645283,12.656593,12.780069,0.0,0.0,0.0
3043,12.777694362466908,12.579118,12.975664,12.72104822055674,12.660753,12.78427,0.0,0.0,0.0
3044,12.781868058163157,12.583414,12.9805975,12.725228650468186,12.664914,12.788471,0.0,0.0,0.0
3045,12.78959930312725,12.5911045,12.988995,12.729409080379645,12.669075,12.792672,0.0,0.0,0.0
3046,12.79465176730251,12.595154,12.994714,12.733589510291099,12.673235,12.796874,0.0,0.0,0.0
3047,12.796510457282356,12.596811,12.996166,12.737769940202554,12.677396,12.801075,0.0,0.0,0.0
3048,12.800968776774626,12.601399,13.000159,12.741950370114008,12.681557,12.805276,0.0,0.0,0.0
3049,12.804822989500206,12.605425,13.003657,12.746130800025467,12.685718,12.809478,0.0,0.0,0.0
3050,12.810190062860316,12.610055,13.009804,12.75031122993692,12.6898775,12.813679,0.0,0.0,0.0
3051,12.812631163714988,12.612499,13.01219,12.754491659848373,12.694038,12.81788,0.0,0.0,0.0
3052,12.814222024644705,12.614156,13.013174,12.758672089759825,12.698199,12.822081,0.0,0.0,0.0
3053,12.816910518601166,12.616817,13.016322,12.762852519671288,12.70236,12.8262825,0.0,0.0,0.0
3054,12.821702870147751,12.620892,13.022081,12.767032949582736,12.70652,12.830483,0.0,0.0,0.0
3055,12.82841233457589,12.627516,13.029258,12.77121337949419,12.710681,12.834684,0.0,0.0,0.0
3056,12.836072510584199,12.637345,13.035667,12.775393809405648,12.714842,12.838886,0.0,0.0,0.0
3057,12.839696557146071,12.640928,13.039101,12.779574239317101,12.719002,12.843087,0.0,0.0,0.0
3058,12.8419447621552,12.643713,13.041174,12.783754669228557,12.723163,12.847288,0.0,0.0,0.0
3059,12.843974604420396,12.645527,13.0439,12.78793509914001,12.727324,12.851489,0.0,0.0,0.0
3060,12.84873051568263,12.650262,13.049075,12.792115529051465,12.731484,12.855691,0.0,0.0,0.0
3061,12.852683059755778,12.655586,13.052475,12.79629595896292,12.735644,12.859892,0.0,0.0,0.0
3062,12.857603094745622,12.661665,13.056214,12.800476388874378,12.739805,12.864093,0.0,0.0,0.0
3063,12.859314610304525,12.663827,13.057253,12.804656818785828,12.743966,12.868294,0.0,0.0,0.0
3064,12.861378585143253,12.665303,13.059778,12.808837248697284,12.748126,12.872496,0.0,0.0,0.0
3065,12.863372950928104,12.667071,13.061362,12.813017678608734,12.752287,12.876697,0.0,0.0,0.0
3066,12.868787691359548,12.672229,13.067314,12.817198108520191,12.756448,12.8808975,0.0,0.0,0.0
3067,12.873617315432432,12.677278,13.071291,12.82137853843165,12.760609,12.885099,0.0,0.0,0.0
3068,12.876012419868653,12.678813,13.074008,12.825558968343103,12.764769,12.8893,0.0,0.0,0.0
3069,12.880685716222496,12.683298,13.079072,12.82973939825456,12.7689295,12.893501,0.0,0.0,0.0
3070,12.885856614927523,12.689025,13.084197,12.833919828166014,12.77309,12.897702,0.0,0.0,0.0
3071,12.890539954402124,12.693819,13.089486,12.838100258077471,12.777251,12.901904,0.0,0.0,0.0
3072,12.894107401263826,12.697399,13.093411,12.842280687988922,12.781411,12.906105,0.0,0.0,0.0
3073,12.901886573164166,12.704424,13.101809,12.84646111790038,12.785572,12.910306,0.0,0.0,0.0
3074,12.905023225474453,12.708368,13.104014,12.850641547811831,12.789733,12.914508,0.0,0.0,0.0
3075,12.907145585675432,12.710458,13.105964,12.854821977723288,12.793893,12.918709,0.0,0.0,0.0
3076,12.910570261221936,12.71412,13.108229,12.859002407634742,12.798054,12.92291,0.0,0.0,0.0
3077,12.913929997275018,12.717217,13.112997,12.863182837546196,12.802215,12.927111,0.0,0.0,0.0
3078,12.919312076665614,12.7232685,13.117237,12.86736326745765,12.8063755,12.931313,0.0,0.0,0.0
3079,12.923046595715489,12.727366,13.120605,12.871543697369107,12.810535,12.9355135,0.0,0.0,0.0
3080,12.927256350606404,12.731855,13.125004,12.875724127280561,12.814696,12.939714,0.0,0.0,0.0
3081,12.931960352808716,12.735946,13.130379,12.879904557192013,12.818857,12.943916,0.0,0.0,0.0
3082,12.939029747860111,12.742146,13.137586,12.884084987103472,12.823017,12.948117,0.0,0.0,0.0
3083,12.941801569854091,12.744916,13.140434,12.888265417014924,12.827178,12.952318,0.0,0.0,0.0
3084,12.946857489821694,12.749091,13.14623,12.892445846926377,12.831339,12.956519,0.0,0.0,0.0
3085,12.949671688262612,12.752058,13.149571,12.896626276837834,12.8355,12.960721,0.0,0.0,0.0
3086,12.952636628810795,12.754703,13.153045,12.900806706749288,12.83966,12.964922,0.0,0.0,0.0
3087,12.956257975389553,12.75835,13.155878,12.90498713666074,12.843821,12.969123,0.0,0.0,0.0
3088,12.958667166145926,12.761026,13.157646,12.909167566572195,12.847981,12.973325,0.0,0.0,0.0
3089,12.963059712922028,12.765591,13.162607,12.913347996483653,12.852142,12.977526,0.0,0.0,0.0
3090,12.965613434887224,12.768619,13.164047,12.917528426395108,12.856302,12.981727,0.0,0.0,0.0
3091,12.971667726109988,12.772525,13.172668,12.921708856306564,12.860463,12.985928,0.0,0.0,0.0
3092,12.973605974220295,12.7743845,13.174414,12.925889286218016,12.864624,12.990129,0.0,0.0,0.0
3093,12.975724680647932,12.776549,13.176775,12.930069716129468,12.868784,12.99433,0.0,0.0,0.0
3094,12.977651646446189,12.778358,13.178251,12.934250146040927,12.872945,12.998531,0.0,0.0,0.0
3095,12.983067138435493,12.783598,13.183409,12.93843057595238,12.877106,13.002733,0.0,0.0,0.0
3096,12.989383434845529,12.790252,13.189912,12.942611005863832,12.881267,13.006934,0.0,0.0,0.0
3097,12.99429667051646,12.795793,13.193678,12.94679143577529,12.8854265,13.011135,0.0,0.0,0.0
3098,12.998929500903644,12.80031,13.198407,12.950971865686746,12.889587,13.015336,0.0,0.0,0.0
3099,13.001944214085098,12.802316,13.202238,12.955152295598202,12.893748,13.019538,0.0,0.0,0.0
3100,13.005918141556855,12.805777,13.2064295,12.959332725509656,12.897908,13.023739,0.0,0.0,0.0
3101,13.007615750648904,12.8069935,13.208404,12.963513155421108,12.902069,13.02794,0.0,0.0,0.0
3102,13.010476078979758,12.809847,13.21135,12.967693585332565,12.90623,13.032142,0.0,0.0,0.0
3103,13.01346671946688,12.812177,13.213781,12.971874015244019,12.910391,13.036343,0.0,0.0,0.0
3104,13.017059523928493,12.816262,13.217617,12.976054445155473,12.914551,13.040544,0.0,0.0,0.0
3105,13.018836936347693,12.817024,13.219525,12.98023487506693,12.918712,13.0447445,0.0,0.0,0.0
3106,13.026138240782437,12.825041,13.226648,12.984415304978382,12.922873,13.048946,0.0,0.0,0.0
3107,13.030012107632022,12.827258,13.231698,12.988595734889836,12.927033,13.053147,0.0,0.0,0.0
3108,13.036035177085864,12.834023,13.237078,12.992776164801292,12.931193,13.057348,0.0,0.0,0.0
3109,13.041591874944581,12.839448,13.24466,12.996956594712746,12.935354,13.06155,0.0,0.0,0.0
3110,13.04567186469611,12.843934,13.247608,13.001137024624201,12.939515,13.065751,0.0,0.0,0.0
3111,13.049463111377523,12.848831,13.250613,13.005317454535659,12.943675,13.069952,0.0,0.0,0.0
3112,13.055559062755075,12.85461,13.255433,13.009497884447113,12.947836,13.074153,0.0,0.0,0.0
3113,13.059795664529217,12.85854,13.26034,13.013678314358565,12.951997,13.078355,0.0,0.0,0.0
3114,13.063188234200634,12.860998,13.264633,13.01785874427002,12.956158,13.082556,0.0,0.0,0.0
3115,13.066482528121385,12.86471,13.267623,13.022039174181476,12.960318,13.086757,0.0,0.0,0.0
3116,13.068552890517003,12.865912,13.270272,13.026219604092928,12.9644785,13.090959,0.0,0.0,0.0
3117,13.071218512444316,12.8693905,13.273308,13.030400034004382,12.968639,13.09516,0.0,0.0,0.0
3118,13.076082303496088,12.874083,13.278076,13.03458046391584,12.972799,13.09936,0.0,0.0,0.0
3119,13.080537978879713,12.879619,13.282453,13.038760893827291,12.97696,13.103561,0.0,0.0,0.0
3120,13.084349625392708,12.882045,13.287013,13.042941323738749,12.981121,13.107763,0.0,0.0,0.0
3121,13.089797946053796,12.889058,13.291058,13.047121753650202,12.985282,13.111964,0.0,0.0,0.0
3122,13.092383279042686,12.891287,13.29271,13.051302183561658,12.989442,13.116165,0.0,0.0,0.0
3123,13.09496983240405,12.892624,13.297403,13.055482613473114,12.993603,13.120366,0.0,0.0,0.0
3124,13.096662891470737,12.894986,13.298743,13.059663043384568,12.997764,13.124568,0.0,0.0,0.0
3125,13.10324898623828,12.902414,13.304721,13.063843473296025,13.0019245,13.128769,0.0,0.0,0.0
3126,13.104686880229671,12.903003,13.306737,13.068023903207477,13.006084,13.13297,0.0,0.0,0.0
3127,13.106376945659198,12.904429,13.308073,13.072204333118938,13.010245,13.137172,0.0,0.0,0.0
3128,13.112392445788165,12.9101305,13.314608,13.076384763030385,13.014406,13.141373,0.0,0.0,0.0
3129,13.117085472386897,12.915721,13.31868,13.080565192941842,13.018566,13.145574,0.0,0.0,0.0
3130,13.121081241714478,12.918435,13.323326,13.084745622853298,13.022727,13.149775,0.0,0.0,0.0
3131,13.125517272084316,12.923603,13.328198,13.088926052764753,13.026888,13.153976,0.0,0.0,0.0
3132,13.131841827528573,12.930383,13.333749,13.093106482676205,13.031049,13.158177,0.0,0.0,0.0
3133,13.135029743529149,12.933386,13.336783,13.097286912587661,13.035209,13.162378,0.0,0.0,0.0
3134,13.140669799624106,12.937732,13.3434,13.101467342499117,13.03937,13.16658,0.0,0.0,0.0
3135,13.144475677905413,12.941066,13.347095,13.105647772410572,13.04353,13.170781,0.0,0.0,0.0
3136,13.149349648843835,12.945385,13.352986,13.109828202322024,13.04769,13.174982,0.0,0.0,0.0
3137,13.15413152263753,12.949633,13.358317,13.114008632233482,13.051851,13.179183,0.0,0.0,0.0
3138,13.158473376908036,12.954882,13.362094,13.118189062144934,13.056012,13.183385,0.0,0.0,0.0
3139,13.162662466566074,12.958675,13.367516,13.122369492056388,13.060173,13.187586,0.0,0.0,0.0
3140,13.166467984565683,12.961897,13.371241,13.126549921967845,13.064333,13.191787,0.0,0.0,0.0
3141,13.169177841714383,12.964872,13.373493,13.1307303518793,13.068494,13.195989,0.0,0.0,0.0
3142,13.174131641302393,12.969157,13.378372,13.134910781790751,13.072655,13.20019,0.0,0.0,0.0
3143,13.179044195313281,12.974512,13.383551,13.139091211702208,13.076816,13.204391,0.0,0.0,0.0
3144,13.182166447972692,12.977915,13.386456,13.14327164161366,13.080976,13.208591,0.0,0.0,0.0
3145,13.184335414048652,12.980831,13.388601,13.147452071525116,13.085136,13.212793,0.0,0.0,0.0
3146,13.187970004756881,12.983706,13.392402,13.151632501436573,13.089297,13.216994,0.0,0.0,0.0
3147,13.193541516361302,12.989364,13.397662,13.155812931348027,13.093457,13.221195,0.0,0.0,0.0
3148,13.19846269884425,12.994346,13.403133,13.159993361259483,13.097618,13.225397,0.0,0.0,0.0
3149,13.204441944749068,12.998293,13.41053,13.164173791170937,13.101779,13.229598,0.0,0.0,0.0
3150,13.20889545570199,13.002247,13.414818,13.168354221082387,13.10594,13.233799,0.0,0.0,0.0
3151,13.21377574376125,13.00827,13.419327,13.172534650993846,13.1101,13.238,0.0,0.0,0.0
3152,13.218661942779184,13.01248,13.425198,13.176715080905302,13.114261,13.242202,0.0,0.0,0.0
3153,13.223521636646057,13.017233,13.429997,13.180895510816752,13.118422,13.246403,0.0,0.0,0.0
3154,13.225853889217616,13.018995,13.431871,13.18507594072821,13.1225815,13.250604,0.0,0.0,0.0
3155,13.22935087321224,13.022856,13.43614,13.189256370639663,13.126742,13.254806,0.0,0.0,0.0
3156,13.23225752874835,13.026043,13.439065,13.193436800551117,13.130903,13.2590065,0.0,0.0,0.0
3157,13.239053096473874,13.032026,13.446937,13.197617230462575,13.135064,13.263207,0.0,0.0,0.0
3158,13.242131145876597,13.034896,13.450872,13.20179766037403,13.139224,13.267408,0.0,0.0,0.0
3159,13.246509672943045,13.038574,13.455117,13.205978090285482,13.143385,13.27161,0.0,0.0,0.0
3160,13.24993344688167,13.041148,13.459228,13.210158520196943,13.147546,13.275811,0.0,0.0,0.0
3161,13.254852666216642,13.045246,13.464655,13.214338950108393,13.151707,13.280012,0.0,0.0,0.0
3162,13.261715071461342,13.052701,13.470656,13.218519380019849,13.155867,13.284214,0.0,0.0,0.0
3163,13.26352159535875,13.053399,13.473032,13.222699809931305,13.1600275,13.288415,0.0,0.0,0.0
3164,13.266740821785305,13.057613,13.47607,13.226880239842759,13.164188,13.292616,0.0,0.0,0.0
3165,13.268925690095243,13.05929,13.478005,13.23106066975421,13.168348,13.296817,0.0,0.0,0.0
3166,13.272903816515196,13.063618,13.482016,13.235241099665666,13.172509,13.301019,0.0,0.0,0.0
3167,13.278316264246172,13.069298,13.487733,13.239421529577122,13.17667,13.30522,0.0,0.0,0.0
3168,13.283850331975977,13.073588,13.493967,13.24360195948858,13.180831,13.309421,0.0,0.0,0.0
3169,13.287235898372687,13.07655,13.497434,13.247782389400033,13.184991,13.313622,0.0,0.0,0.0
3170,13.289437969058287,13.07974,13.499169,13.251962819311483,13.189152,13.317823,0.0,0.0,0.0
3171,13.294832989596834,13.085291,13.504399,13.256143249222939,13.193313,13.322024,0.0,0.0,0.0
3172,13.298829472532523,13.090867,13.50747,13.260323679134396,13.197473,13.326225,0.0,0.0,0.0
3173,13.30419309490154,13.095586,13.513343,13.264504109045848,13.201633,13.330427,0.0,0.0,0.0
3174,13.309132126362814,13.099275,13.518667,13.268684538957306,13.205794,13.334628,0.0,0.0,0.0
3175,13.316043070687362,13.107051,13.525434,13.272864968868758,13.209955,13.338829,0.0,0.0,0.0
3176,13.319868334995082,13.110532,13.529247,13.277045398780215,13.214115,13.343031,0.0,0.0,0.0
3177,13.325559991738457,13.116593,13.534093,13.281225828691667,13.218276,13.347232,0.0,0.0,0.0
3178,13.330307850138352,13.121768,13.539402,13.285406258603125,13.222437,13.351433,0.0,0.0,0.0
3179,13.336309566063436,13.126978,13.547042,13.289586688514579,13.226598,13.355634,0.0,0.0,0.0
3180,13.340070829390994,13.13118,13.550788,13.29376711842603,13.230758,13.359836,0.0,0.0,0.0
3181,13.3450228841075,13.136668,13.554471,13.297947548337486,13.234919,13.364037,0.0,0.0,0.0
3182,13.348392870140485,13.139141,13.55886,13.302127978248942,13.239079,13.3682375,0.0,0.0,0.0
3183,13.35317145936063,13.143075,13.564873,13.306308408160398,13.243239,13.372439,0.0,0.0,0.0
3184,13.35548086874573,13.1448,13.566698,13.310488838071853,13.2474,13.37664,0.0,0.0,0.0
3185,13.360599803269979,13.150254,13.571763,13.314669267983305,13.251561,13.380841,0.0,0.0,0.0
3186,13.362080514746516,13.1524105,13.57225,13.318849697894755,13.255722,13.385042,0.0,0.0,0.0
3187,13.367449393162028,13.1575165,13.577929,13.323030127806218,13.259882,13.389244,0.0,0.0,0.0
3188,13.371522988622939,13.160354,13.583345,13.327210557717668,13.264043,13.393445,0.0,0.0,0.0
3189,13.376612052166381,13.165998,13.58736,13.331390987629126,13.268204,13.397646,0.0,0.0,0.0
3190,13.379993903946712,13.167958,13.591105,13.335571417540583,13.272364,13.401847,0.0,0.0,0.0
3191,13.382908412076508,13.170077,13.594902,13.339751847452037,13.276525,13.406049,0.0,0.0,0.0
3192,13.387291066387473,13.175148,13.597952,13.343932277363491,13.280685,13.41025,0.0,0.0,0.0
3193,13.391300579463879,13.179432,13.601971,13.348112707274941,13.284846,13.414451,0.0,0.0,0.0
3194,13.39697120260032,13.185558,13.607047,13.352293137186399,13.289006,13.418653,0.0,0.0,0.0
3195,13.40357542874302,13.191075,13.615591,13.356473567097856,13.293167,13.422853,0.0,0.0,0.0
3196,13.409491405094515,13.195633,13.623004,13.36065399700931,13.297328,13.427054,0.0,0.0,0.0
3197,13.413993387083393,13.199811,13.627312,13.364834426920764,13.301489,13.431255,0.0,0.0,0.0
3198,13.418543227272203,13.203886,13.633222,13.369014856832223,13.305649,13.435457,0.0,0.0,0.0
3199,13.42126511868008,13.208087,13.635212,13.373195286743673,13.30981,13.439658,0.0,0.0,0.0
3200,13.42486589923305,13.211848,13.63898,13.37737571665513,13.313971,13.443859,0.0,0.0,0.0
3201,13.428352274645269,13.215262,13.641176,13.381556146566583,13.3181305,13.448061,0.0,0.0,0.0
3202,13.433840112055503,13.2203865,13.646356,13.385736576478033,13.322291,13.452262,0.0,0.0,0.0
3203,13.438593987366971,13.225403,13.650263,13.389917006389492,13.326452,13.456463,0.0,0.0,0.0
3204,13.441953454596067,13.229644,13.653522,13.394097436300948,13.330613,13.460664,0.0,0.0,0.0
3205,13.443987813888928,13.230892,13.656452,13.398277866212405,13.334773,13.464866,0.0,0.0,0.0
3206,13.447365668051836,13.235327,13.658806,13.402458296123854,13.338934,13.469067,0.0,0.0,0.0
3207,13.451594061894546,13.239358,13.663064,13.40663872603531,13.343095,13.473268,0.0,0.0,0.0
3208,13.456013730658151,13.244052,13.668035,13.410819155946763,13.347255,13.477469,0.0,0.0,0.0
3209,13.45870378675307,13.247211,13.669816,13.41499958585822,13.351416,13.48167,0.0,0.0,0.0
3210,13.465015511175304,13.25416,13.6756935,13.419180015769674,13.3555765,13.485871,0.0,0.0,0.0
3211,13.46722017230465,13.256793,13.677893,13.423360445681125,13.359737,13.490072,0.0,0.0,0.0
3212,13.470626810663703,13.260795,13.680497,13.427540875592582,13.363897,13.494274,0.0,0.0,0.0
3213,13.475800277668153,13.265152,13.68604,13.431721305504036,13.368058,13.498475,0.0,0.0,0.0
3214,13.479541865632504,13.26929,13.689594,13.43590173541549,13.372219,13.502676,0.0,0.0,0.0
3215,13.484234947651755,13.273017,13.695296,13.440082165326947,13.37638,13.506878,0.0,0.0,0.0
3216,13.489200814624702,13.277696,13.700772,13.4442625952384,13.38054,13.511079,0.0,0.0,0.0
3217,13.49359031311318,13.2816925,13.704899,13.448443025149858,13.384701,13.51528,0.0,0.0,0.0
3218,13.49665248666089,13.283503,13.708247,13.452623455061312,13.388862,13.519481,0.0,0.0,0.0
3219,13.500019427360682,13.28708,13.7116375,13.456803884972768,13.393022,13.523683,0.0,0.0,0.0
3220,13.502920282004784,13.28979,13.71491,13.460984314884223,13.397182,13.527884,0.0,0.0,0.0
3221,13.505442584844218,13.291105,13.718103,13.465164744795677,13.401343,13.532084,0.0,0.0,0.0
3222,13.508602011964008,13.293766,13.722015,13.469345174707128,13.405504,13.536286,0.0,0.0,0.0
3223,13.515096894209693,13.300227,13.729671,13.47352560461859,13.409664,13.540487,0.0,0.0,0.0
3224,13.517997850847319,13.302833,13.733244,13.477706034530042,13.413825,13.544688,0.0,0.0,0.0
3225,13.525736920863157,13.309703,13.739954,13.481886464441496,13.417986,13.548889,0.0,0.0,0.0
3226,13.529931699256425,13.314851,13.744701,13.48606689435295,13.422146,13.553091,0.0,0.0,0.0
3227,13.532603491854553,13.317555,13.747401,13.490247324264404,13.426307,13.557292,0.0,0.0,0.0
3228,13.536369328424545,13.320956,13.75118,13.49442775417586,13.430468,13.561493,0.0,0.0,0.0
3229,13.540910566194786,13.32502,13.755327,13.498608184087315,13.4346285,13.565695,0.0,0.0,0.0
3230,13.546287140427436,13.331919,13.759992,13.502788613998767,13.438788,13.569896,0.0,0.0,0.0
3231,13.54909504800327,13.333848,13.762811,13.506969043910225,13.442949,13.574097,0.0,0.0,0.0
3232,13.555175063664588,13.340988,13.768851,13.511149473821677,13.44711,13.578298,0.0,0.0,0.0
3233,13.558357411114661,13.344658,13.770938,13.515329903733134,13.451271,13.5824995,0.0,0.0,0.0
3234,13.561889513276025,13.349506,13.773594,13.519510333644586,13.455431,13.5867,0.0,0.0,0.0
3235,13.565787930509016,13.353117,13.776177,13.52369076355604,13.459592,13.590901,0.0,0.0,0.0
3236,13.571374869459824,13.35959,13.781478,13.527871193467499,13.463753,13.595103,0.0,0.0,0.0
3237,13.574179395990019,13.362705,13.7840395,13.532051623378951,13.467913,13.599304,0.0,0.0,0.0
3238,13.576381358515649,13.36401,13.786322,13.536232053290407,13.472074,13.603505,0.0,0.0,0.0
3239,13.5792960884693,13.367121,13.78953,13.540412483201862,13.476234,13.607706,0.0,0.0,0.0
3240,13.586121180797713,13.373491,13.7976055,13.544592913113316,13.480395,13.611908,0.0,0.0,0.0
3241,13.593186440268932,13.381252,13.803767,13.548773343024772,13.484555,13.616109,0.0,0.0,0.0
3242,13.59619276165298,13.384306,13.807445,13.552953772936224,13.488716,13.62031,0.0,0.0,0.0
3243,13.598463628304968,13.386869,13.809675,13.55713420284768,13.492877,13.624512,0.0,0.0,0.0
3244,13.600032951772304,13.388273,13.810913,13.561314632759137,13.497037,13.628713,0.0,0.0,0.0
3245,13.604202305061444,13.392978,13.814003,13.565495062670589,13.501198,13.632914,0.0,0.0,0.0
3246,13.606807811239559,13.395954,13.817037,13.569675492582046,13.505359,13.637115,0.0,0.0,0.0
3247,13.611179893836448,13.400608,13.820495,13.573855922493502,13.50952,13.641316,0.0,0.0,0.0
3248,13.613280255486327,13.402151,13.822823,13.57803635240495,13.5136795,13.645517,0.0,0.0,0.0
3249,13.614363218887288,13.403601,13.824132,13.58221678231641,13.51784,13.649718,0.0,0.0,0.0
3250,13.620034781914237,13.409121,13.830062,13.586397212227865,13.522001,13.65392,0.0,0.0,0.0
3251,13.623152607874195,13.412145,13.833213,13.590577642139317,13.526162,13.658121,0.0,0.0,0.0
3252,13.627352436116979,13.416368,13.836248,13.594758072050777,13.530322,13.662322,0.0,0.0,0.0
3253,13.631811531548774,13.420161,13.842188,13.598938501962229,13.534483,13.666523,0.0,0.0,0.0
3254,13.635038107123178,13.423585,13.845362,13.603118931873684,13.538644,13.670725,0.0,0.0,0.0
3255,13.640118829703285,13.429595,13.849167,13.607299361785135,13.542804,13.674926,0.0,0.0,0.0
3256,13.641715776772363,13.431301,13.850241,13.611479791696594,13.546965,13.679127,0.0,0.0,0.0
3257,13.647691458489849,13.437331,13.85657,13.615660221608048,13.551126,13.683328,0.0,0.0,0.0
3258,13.651728615514347,13.441025,13.86047,13.6198406515195,13.555286,13.68753,0.0,0.0,0.0
3259,13.654081480952408,13.442935,13.863284,13.624021081430955,13.559446,13.6917305,0.0,0.0,0.0
3260,13.66129382276181,13.449785,13.87033,13.62820151134241,13.563607,13.695931,0.0,0.0,0.0
3261,13.667002576999465,13.454949,13.877206,13.632381941253868,13.567768,13.700133,0.0,0.0,0.0
3262,13.671700473280088,13.457616,13.883315,13.636562371165319,13.571928,13.704334,0.0,0.0,0.0
3263,13.673049240644083,13.458448,13.884865,13.640742801076774,13.576089,13.708535,0.0,0.0,0.0
3264,13.675597322230534,13.462401,13.886589,13.644923230988228,13.58025,13.712736,0.0,0.0,0.0
3265,13.679307716774247,13.465149,13.890673,13.649103660899687,13.584411,13.716938,0.0,0.0,0.0
3266,13.685013710607926,13.471619,13.895395,13.653284090811137,13.588571,13.721139,0.0,0.0,0.0
3267,13.689878979062826,13.476335,13.901248,13.657464520722593,13.592731,13.72534,0.0,0.0,0.0
3268,13.691544785488437,13.477938,13.902183,13.661644950634045,13.596892,13.729542,0.0,0.0,0.0
3269,13.69535532135589,13.481617,13.9057045,13.6658253805455,13.601053,13.733743,0.0,0.0,0.0
3270,13.699075191576098,13.486559,13.908597,13.670005810456955,13.605213,13.737944,0.0,0.0,0.0
3271,13.70237380361656,13.489924,13.911908,13.67418624036841,13.609374,13.742145,0.0,0.0,0.0
3272,13.705250572883745,13.493742,13.914124,13.678366670279866,13.613535,13.746346,0.0,0.0,0.0
3273,13.710707525215602,13.498553,13.920527,13.68254710019132,13.617695,13.750547,0.0,0.0,0.0
3274,13.714324718753337,13.501229,13.923923,13.686727530102777,13.621856,13.754748,0.0,0.0,0.0
3275,13.720523335146064,13.508175,13.930092,13.690907960014233,13.626017,13.75895,0.0,0.0,0.0
3276,13.722918524110336,13.510447,13.93303,13.695088389925683,13.6301775,13.763151,0.0,0.0,0.0
3277,13.726869826657484,13.513778,13.938117,13.69926881983714,13.634337,13.767352,0.0,0.0,0.0
3278,13.728723787244984,13.515482,13.9396715,13.703449249748598,13.638498,13.771553,0.0,0.0,0.0
3279,13.7318563448696,13.518616,13.942918,13.707629679660048,13.642659,13.775755,0.0,0.0,0.0
3280,13.735291717591487,13.522443,13.946136,13.711810109571507,13.646819,13.779956,0.0,0.0,0.0
3281,13.743228915496493,13.530174,13.953737,13.71599053948296,13.65098,13.784157,0.0,0.0,0.0
3282,13.74761215181204,13.533043,13.958318,13.720170969394415,13.655141,13.788359,0.0,0.0,0.0
3283,13.751422553811588,13.538339,13.9616375,13.724351399305869,13.659302,13.79256,0.0,0.0,0.0
3284,13.756993083974235,13.543986,13.966589,13.728531829217324,13.663462,13.796761,0.0,0.0,0.0
3285,13.761819819287968,13.549148,13.971966,13.73271225912878,13.667623,13.8009615,0.0,0.0,0.0
3286,13.766901608258184,13.554844,13.976053,13.736892689040237,13.671783,13.805163,0.0,0.0,0.0
3287,13.769656257856132,13.558246,13.978533,13.741073118951691,13.675944,13.809364,0.0,0.0,0.0
3288,13.773909871503848,13.561999,13.983478,13.745253548863145,13.680104,13.813565,0.0,0.0,0.0
3289,13.778679819221365,13.567585,13.987306,13.749433978774599,13.684265,13.817767,0.0,0.0,0.0
3290,13.779194341857629,13.568545,13.987504,13.753614408686053,13.688426,13.821968,0.0,0.0,0.0
3291,13.7855813898103,13.57597,13.992786,13.757794838597507,13.692586,13.826169,0.0,0.0,0.0
3292,13.790801605966832,13.583093,13.99675,13.761975268508962,13.696747,13.83037,0.0,0.0,0.0
3293,13.793822559136787,13.586323,13.9995985,13.76615569842042,13.700908,13.834572,0.0,0.0,0.0
3294,13.799469673878873,13.590774,14.005929,13.770336128331875,13.705069,13.838773,0.0,0.0,0.0
3295,13.805763697649272,13.59708,14.011747,13.774516558243324,13.7092285,13.842974,0.0,0.0,0.0
3296,13.809144334607488,13.601096,14.014879,13.778696988154785,13.713389,13.847176,0.0,0.0,0.0
3297,13.813720574953663,13.604399,14.0195675,13.782877418066237,13.71755,13.851377,0.0,0.0,0.0
3298,13.818014561521075,13.609297,14.022728,13.787057847977694,13.72171,13.855577,0.0,0.0,0.0
3299,13.820081306119796,13.611204,14.025494,13.791238277889144,13.725871,13.859778,0.0,0.0,0.0
3300,13.822835186479153,13.61364,14.027696,13.795418707800597,13.730032,13.86398,0.0,0.0,0.0
3301,13.827176868591122,13.618757,14.031069,13.799599137712054,13.734193,13.868181,0.0,0.0,0.0
3302,13.83394386534976,13.6255045,14.037068,13.803779567623511,13.738353,13.872382,0.0,0.0,0.0
3303,13.835423049036242,13.626831,14.038781,13.807959997534965,13.742514,13.876584,0.0,0.0,0.0
3304,13.84342265460169,13.636561,14.045927,13.812140427446417,13.746675,13.880785,0.0,0.0,0.0
3305,13.848322025513392,13.6417,14.051395,13.816320857357873,13.750835,13.884986,0.0,0.0,0.0
3306,13.852745316806654,13.6471615,14.055445,13.82050128726933,13.754995,13.889187,0.0,0.0,0.0
3307,13.85570994079267,13.649907,14.0587845,13.824681717180786,13.759156,13.893389,0.0,0.0,0.0
3308,13.860524249696917,13.654133,14.063543,13.82886214709224,13.763317,13.89759,0.0,0.0,0.0
3309,13.864538473488873,13.656654,14.068151,13.833042577003692,13.767477,13.901791,0.0,0.0,0.0
3310,13.87054924587169,13.663445,14.074663,13.837223006915151,13.771638,13.9059925,0.0,0.0,0.0
3311,13.874411596724848,13.667866,14.077389,13.8414034368266,13.775799,13.910193,0.0,0.0,0.0
3312,13.880680372669202,13.674127,14.083983,13.845583866738055,13.77996,13.914394,0.0,0.0,0.0
3313,13.883613198194455,13.676545,14.086933,13.849764296649514,13.78412,13.918595,0.0,0.0,0.0
3314,13.890132280793255,13.682559,14.093906,13.853944726560972,13.7882805,13.922797,0.0,0.0,0.0
3315,13.895711571933514,13.688356,14.1006,13.85812515647242,13.792441,13.926998,0.0,0.0,0.0
3316,13.900126351469291,13.6916485,14.1057005,13.862305586383881,13.796601,13.931199,0.0,0.0,0.0
3317,13.903867044290543,13.696232,14.109409,13.866486016295335,13.800762,13.935401,0.0,0.0,0.0
3318,13.907626885772315,13.699011,14.112842,13.870666446206787,13.804923,13.939602,0.0,0.0,0.0
3319,13.909903935165955,13.701407,14.114968,13.874846876118243,13.809084,13.943803,0.0,0.0,0.0
3320,13.913875413856166,13.70451,14.11962,13.879027306029695,13.813244,13.948004,0.0,0.0,0.0
3321,13.917744203556042,13.707742,14.123597,13.883207735941152,13.817405,13.952206,0.0,0.0,0.0
3322,13.921568318122418,13.711179,14.128048,13.887388165852604,13.821566,13.956407,0.0,0.0,0.0
3323,13.923030159446926,13.71293,14.129214,13.89156859576406,13.8257265,13.960608,0.0,0.0,0.0
3324,13.926406155758857,13.717079,14.130773,13.895749025675515,13.829886,13.964808,0.0,0.0,0.0
3325,13.931306625528602,13.720812,14.137055,13.899929455586971,13.834047,13.96901,0.0,0.0,0.0
3326,13.935790710211352,13.724671,14.141619,13.904109885498423,13.838208,13.973211,0.0,0.0,0.0
3327,13.939695258487113,13.729154,14.144709,13.908290315409879,13.842368,13.977412,0.0,0.0,0.0
3328,13.945159751779592,13.734932,14.150417,13.912470745321334,13.846529,13.981614,0.0,0.0,0.0
3329,13.952948950527677,13.742071,14.158749,13.916651175232792,13.85069,13.985815,0.0,0.0,0.0
3330,13.955466104850633,13.744791,14.162498,13.920831605144242,13.854851,13.990016,0.0,0.0,0.0
3331,13.959165470952712,13.748975,14.165578,13.92501203505569,13.859011,13.994217,0.0,0.0,0.0
3332,13.963302790318705,13.753065,14.169337,13.92919246496715,13.863172,13.998419,0.0,0.0,0.0
3333,13.965599231841487,13.75547,14.171965,13.933372894878604,13.867332,14.00262,0.0,0.0,0.0
3334,13.970567988399457,13.76068,14.176838,13.937553324790061,13.871492,14.006821,0.0,0.0,0.0
3335,13.974470052825405,13.764613,14.180112,13.941733754701513,13.875653,14.011023,0.0,0.0,0.0
3336,13.979299999155925,13.769172,14.184624,13.945914184612967,13.879814,14.0152235,0.0,0.0,0.0
3337,13.983155698691686,13.77417,14.187989,13.950094614524424,13.883975,14.019424,0.0,0.0,0.0
3338,13.987000526831338,13.7781105,14.191149,13.95427504443588,13.888135,14.023625,0.0,0.0,0.0
3339,13.990059021791604,13.78114,14.194066,13.95845547434733,13.892296,14.027827,0.0,0.0,0.0
3340,13.993478399132295,13.784518,14.196998,13.962635904258791,13.896457,14.032028,0.0,0.0,0.0
3341,13.99655478567713,13.787259,14.20007,13.966816334170238,13.900618,14.036229,0.0,0.0,0.0
3342,14.00199755287041,13.792436,14.20599,13.970996764081697,13.904778,14.040431,0.0,0.0,0.0
3343,14.00538034852686,13.795362,14.210099,13.975177193993154,13.908938,14.044632,0.0,0.0,0.0
3344,14.008303247660852,13.798904,14.212272,13.979357623904606,13.913099,14.048833,0.0,0.0,0.0
3345,14.013139220716916,13.804851,14.215416,13.983538053816064,13.917259,14.053034,0.0,0.0,0.0
3346,14.016385103462541,13.806866,14.219625,13.987718483727518,13.92142,14.057236,0.0,0.0,0.0
3347,14.01985481951112,13.810674,14.222827,13.991898913638973,13.925581,14.061437,0.0,0.0,0.0
3348,14.024853248810896,13.817078,14.227597,13.996079343550427,13.929742,14.065638,0.0,0.0,0.0
3349,14.027834706759153,13.81925,14.23112,14.000259773461881,13.933902,14.0698395,0.0,0.0,0.0
3350,14.034055120564078,13.823762,14.237951,14.004440203373337,13.938063,14.07404,0.0,0.0,0.0
3351,14.0379026507238,13.827313,14.242283,14.008620633284796,13.942224,14.078241,0.0,0.0,0.0
3352,14.042126006160727,13.8322935,14.245544,14.012801063196246,13.946383,14.082442,0.0,0.0,0.0
3353,14.047207263725896,13.8361,14.251285,14.0169814931077,13.950544,14.086644,0.0,0.0,0.0
3354,14.051162395205548,13.840718,14.255664,14.021161923019156,13.954705,14.090845,0.0,0.0,0.0
3355,14.056804969093873,13.847556,14.259101,14.025342352930611,13.958866,14.095046,0.0,0.0,0.0
3356,14.06118504196339,13.853011,14.262706,14.029522782842065,13.963026,14.099248,0.0,0.0,0.0
3357,14.066893553621698,13.858536,14.268355,14.03370321275352,13.967187,14.103449,0.0,0.0,0.0
3358,14.070333271792139,13.862123,14.271533,14.037883642664976,13.971348,14.10765,0.0,0.0,0.0
3359,14.07228302818458,13.864217,14.273452,14.04206407257643,13.975509,14.111851,0.0,0.0,0.0
3360,14.073692241638367,13.866224,14.274412,14.046244502487879,13.979669,14.116053,0.0,0.0,0.0
3361,14.079461950751547,13.873156,14.279897,14.050424932399341,13.9838295,14.120254,0.0,0.0,0.0
3362,14.080656412864636,13.874297,14.28046,14.054605362310792,13.98799,14.1244545,0.0,0.0,0.0
3363,14.085296365557602,13.879299,14.285067,14.058785792222249,13.99215,14.128656,0.0,0.0,0.0
3364,14.0884037298286,13.882661,14.28807,14.0629662221337,13.996311,14.132857,0.0,0.0,0.0
3365,14.092718099760052,13.886599,14.292165,14.067146652045158,14.000472,14.137058,0.0,0.0,0.0
3366,14.097908490744798,13.8921,14.296686,14.07132708195661,14.004633,14.141259,0.0,0.0,0.0
3367,14.10221689841513,13.896419,14.301157,14.075507511868064,14.008793,14.145461,0.0,0.0,0.0
3368,14.107968518958005,13.901995,14.307209,14.079687941779518,14.012954,14.149662,0.0,0.0,0.0
3369,14.11255688581925,13.906773,14.31118,14.083868371690974,14.017115,14.153863,0.0,0.0,0.0
3370,14.116083049729527,13.911268,14.3134575,14.088048801602435,14.021275,14.158065,0.0,0.0,0.0
3371,14.120434572153036,13.916426,14.318119,14.092229231513889,14.025435,14.162266,0.0,0.0,0.0
3372,14.128929992227674,13.924698,14.326727,14.096409661425342,14.029596,14.166467,0.0,0.0,0.0
3373,14.132158021432634,13.927847,14.330162,14.100590091336795,14.033757,14.170668,0.0,0.0,0.0
3374,14.138974823599687,13.935032,14.336174,14.104770521248248,14.037917,14.17487,0.0,0.0,0.0
3375,14.143103553030652,13.938213,14.341375,14.108950951159706,14.042078,14.17907,0.0,0.0,0.0
3376,14.14568824626504,13.940587,14.343868,14.113131381071161,14.046239,14.183271,0.0,0.0,0.0
3377,14.148867792419452,13.944864,14.34667,14.117311810982615,14.0504,14.187473,0.0,0.0,0.0
3378,14.152283707161656,13.948768,14.349771,14.121492240894069,14.05456,14.191674,0.0,0.0,0.0
3379,14.157980593619302,13.953478,14.356738,14.125672670805526,14.058721,14.195875,0.0,0.0,0.0
3380,14.162874357969685,13.95902,14.361662,14.129853100716977,14.062881,14.200076,0.0,0.0,0.0
3381,14.165519829689694,13.962228,14.363486,14.134033530628436,14.067041,14.204278,0.0,0.0,0.0
3382,14.173514418043352,13.968973,14.371405,14.138213960539884,14.071202,14.208479,0.0,0.0,0.0
3383,14.176684367553316,13.972577,14.374854,14.14239439045134,14.075363,14.21268,0.0,0.0,0.0
3384,14.17838646082588,13.974316,14.376135,14.146574820362796,14.079524,14.216882,0.0,0.0,0.0
3385,14.185126472752,13.981934,14.381563,14.150755250274251,14.083684,14.221083,0.0,0.0,0.0
3386,14.190484226983694,13.988109,14.38611,14.154935680185709,14.087845,14.225284,0.0,0.0,0.0
3387,14.196673685028498,13.994216,14.39142,14.159116110097163,14.092006,14.229485,0.0,0.0,0.0
3388,14.202688357641007,14.000573,14.397925,14.163296540008616,14.096166,14.233686,0.0,0.0,0.0
3389,14.205311755171662,14.003913,14.399369,14.167476969920068,14.100327,14.237887,0.0,0.0,0.0
3390,14.209553849484681,14.006702,14.404928,14.171657399831528,14.104487,14.242088,0.0,0.0,0.0
3391,14.2137792687544,14.012803,14.4074135,14.175837829742981,14.108648,14.246289,0.0,0.0,0.0
3392,14.21750508827009,14.017174,14.411384,14.180018259654435,14.112808,14.250491,0.0,0.0,0.0
3393,14.220169091771494,14.020188,14.41473,14.184198689565886,14.116969,14.254692,0.0,0.0,0.0
3394,14.228590739227819,14.027557,14.423635,14.188379119477345,14.12113,14.258893,0.0,0.0,0.0
3395,14.234062122536603,14.033192,14.429611,14.192559549388797,14.125291,14.263095,0.0,0.0,0.0
3396,14.239699535825599,14.039827,14.434421,14.196739979300249,14.129451,14.267296,0.0,0.0,0.0
3397,14.244642576944612,14.045519,14.438145,14.200920409211706,14.133612,14.271497,0.0,0.0,0.0
3398,14.249595225532923,14.050089,14.443157,14.205100839123162,14.137773,14.275698,0.0,0.0,0.0
3399,14.25304008766324,14.052879,14.446804,14.20928126903462,14.1419325,14.2799,0.0,0.0,0.0
3400,14.257435005172743,14.0576935,14.45115,14.213461698946073,14.146093,14.284101,0.0,0.0,0.0
3401,14.260770238287273,14.060859,14.454697,14.21764212885753,14.150254,14.288301,0.0,0.0,0.0
3402,14.265887124848918,14.065087,14.459681,14.22182255876898,14.154415,14.292503,0.0,0.0,0.0
3403,14.269440588541492,14.067863,14.4646845,14.22600298868044,14.158575,14.296704,0.0,0.0,0.0
3404,14.274527248785244,14.073924,14.469438,14.230183418591889,14.162736,14.300905,0.0,0.0,0.0
3405,14.27684112147685,14.076195,14.471333,14.234363848503344,14.166897,14.305106,0.0,0.0,0.0
3406,14.280707913188628,14.081312,14.474395,14.238544278414798,14.171057,14.309308,0.0,0.0,0.0
3407,14.284210365696545,14.083394,14.478226,14.242724708326257,14.175218,14.313509,0.0,0.0,0.0
3408,14.286398710384,14.085427,14.480405,14.246905138237711,14.1793785,14.31771,0.0,0.0,0.0
3409,14.290692205101418,14.089794,14.484263,14.251085568149165,14.183539,14.321912,0.0,0.0,0.0
3410,14.297194317337475,14.096119,14.490858,14.255265998060619,14.187699,14.326113,0.0,0.0,0.0
3411,14.30115687694383,14.100989,14.4951515,14.25944642797207,14.19186,14.330314,0.0,0.0,0.0
3412,14.308338478405668,14.108716,14.502328,14.26362685788353,14.196021,14.334515,0.0,0.0,0.0
3413,14.310890839042786,14.110474,14.505886,14.267807287794984,14.200182,14.3387165,0.0,0.0,0.0
3414,14.314289427360103,14.113226,14.510095,14.271987717706441,14.204342,14.342917,0.0,0.0,0.0
3415,14.318647298286068,14.116974,14.5145855,14.276168147617891,14.208503,14.347118,0.0,0.0,0.0
3416,14.323050958286768,14.120993,14.519791,14.280348577529344,14.212664,14.35132,0.0,0.0,0.0
3417,14.325957771592416,14.124449,14.522506,14.284529007440801,14.216824,14.355521,0.0,0.0,0.0
3418,14.329629203916905,14.128706,14.526639,14.288709437352258,14.220984,14.359722,0.0,0.0,0.0
3419,14.331949545440397,14.131201,14.527892,14.292889867263714,14.225145,14.363923,0.0,0.0,0.0
3420,14.337382411304224,14.13605,14.534474,14.297070297175166,14.229306,14.368125,0.0,0.0,0.0
3421,14.342877759224194,14.1427,14.539923,14.301250727086618,14.233466,14.372326,0.0,0.0,0.0
3422,14.345810639360302,14.145723,14.54237,14.305431156998077,14.237627,14.376527,0.0,0.0,0.0
3423,14.351367387482053,14.151358,14.546841,14.309611586909533,14.241788,14.380729,0.0,0.0,0.0
3424,14.359191543857492,14.161834,14.553561,14.313792016820985,14.245948,14.38493,0.0,0.0,0.0
3425,14.364178657190116,14.166643,14.557792,14.317972446732444,14.250109,14.389131,0.0,0.0,0.0
3426,14.36973910776373,14.172203,14.563793,14.322152876643894,14.25427,14.393332,0.0,0.0,0.0
3427,14.373368675687374,14.175522,14.567795,14.32633330655535,14.2584305,14.397533,0.0,0.0,0.0
3428,14.377839202723687,14.179384,14.573999,14.330513736466806,14.26259,14.401734,0.0,0.0,0.0
3429,14.382951447091317,14.18379,14.579799,14.334694166378261,14.266751,14.405935,0.0,0.0,0.0
3430,14.387590412047729,14.187724,14.5854,14.338874596289717,14.270912,14.410137,0.0,0.0,0.0
3431,14.393015151226244,14.191851,14.591314,14.34305502620117,14.275073,14.414338,0.0,0.0,0.0
3432,14.39729137543724,14.195495,14.595699,14.347235456112626,14.279233,14.418539,0.0,0.0,0.0
3433,14.401881179718323,14.200156,14.600091,14.35141588602408,14.283394,14.42274,0.0,0.0,0.0
3434,14.404799799873249,14.202567,14.603562,14.355596315935538,14.287555,14.426942,0.0,0.0,0.0
3435,14.405439126141891,14.203196,14.604378,14.35977674584699,14.291715,14.431143,0.0,0.0,0.0
3436,14.407653303293795,14.205613,14.60573,14.363957175758447,14.295876,14.435344,0.0,0.0,0.0
3437,14.410461986549363,14.2086735,14.608802,14.368137605669899,14.300036,14.439546,0.0,0.0,0.0
3438,14.414245106461502,14.212608,14.612715,14.372318035581351,14.304197,14.443747,0.0,0.0,0.0
3439,14.416734643891852,14.215248,14.614988,14.376498465492809,14.308357,14.4479475,0.0,0.0,0.0
3440,14.419593198387956,14.217819,14.617415,14.380678895404264,14.312518,14.452148,0.0,0.0,0.0
3441,14.42162123206472,14.220385,14.619368,14.384859325315718,14.316679,14.45635,0.0,0.0,0.0
3442,14.427161195399897,14.226613,14.624555,14.389039755227172,14.320839,14.460551,0.0,0.0,0.0
3443,14.429433185959727,14.228955,14.626405,14.393220185138627,14.325,14.464752,0.0,0.0,0.0
3444,14.434254078947573,14.235557,14.629267,14.397400615050083,14.329161,14.468954,0.0,0.0,0.0
3445,14.436963913923655,14.237339,14.632713,14.401581044961539,14.333322,14.473155,0.0,0.0,0.0
3446,14.439549535914276,14.239884,14.635902,14.40576147487299,14.3374815,14.477356,0.0,0.0,0.0
3447,14.445037435814028,14.244005,14.642838,14.409941904784443,14.341642,14.481557,0.0,0.0,0.0
3448,14.44986349776608,14.249358,14.646609,14.414122334695902,14.345803,14.485759,0.0,0.0,0.0
3449,14.451788880995391,14.252534,14.6482315,14.418302764607354,14.349964,14.48996,0.0,0.0,0.0
3450,14.454735207795814,14.254681,14.650928,14.422483194518811,14.354124,14.494161,0.0,0.0,0.0
3451,14.460419001114037,14.261656,14.655782,14.426663624430269,14.358285,14.498362,0.0,0.0,0.0
3452,14.46229149153906,14.263375,14.657563,14.43084405434172,14.362446,14.502563,0.0,0.0,0.0
3453,14.464808344668375,14.26576,14.660254,14.435024484253173,14.366606,14.506764,0.0,0.0,0.0
3454,14.465765710362978,14.266614,14.661284,14.439204914164629,14.370767,14.510965,0.0,0.0,0.0
3455,14.470685953571648,14.272306,14.666154,14.443385344076086,14.3749275,14.515167,0.0,0.0,0.0
3456,14.4719916981999,14.273428,14.667385,14.447565773987536,14.379088,14.519368,0.0,0.0,0.0
3457,14.474357016156437,14.275727,14.670351,14.451746203898994,14.383248,14.523569,0.0,0.0,0.0
3458,14.479837176269541,14.280087,14.6767845,14.455926633810444,14.387409,14.52777,0.0,0.0,0.0
3459,14.485163104410303,14.285405,14.681597,14.4601070637219,14.39157,14.531972,0.0,0.0,0.0
3460,14.488092128234591,14.288415,14.684789,14.464287493633355,14.39573,14.536173,0.0,0.0,0.0
3461,14.491566171113668,14.291784,14.688845,14.46846792354481,14.399891,14.540374,0.0,0.0,0.0
3462,14.496277241718701,14.29712,14.692957,14.472648353456265,14.404052,14.544576,0.0,0.0,0.0
3463,14.498782644493167,14.299265,14.695035,14.476828783367726,14.408213,14.548777,0.0,0.0,0.0
3464,14.501357973759571,14.301716,14.697402,14.481009213279178,14.412373,14.552978,0.0,0.0,0.0
3465,14.505780557809251,14.306501,14.702456,14.48518964319063,14.416533,14.5571785,0.0,0.0,0.0
3466,14.514147017593473,14.316145,14.710162,14.489370073102085,14.420694,14.56138,0.0,0.0,0.0
3467,14.520685110594481,14.322433,14.717491,14.493550503013536,14.424855,14.565581,0.0,0.0,0.0
3468,14.52545164239161,14.32636,14.722345,14.497730932924998,14.429015,14.569782,0.0,0.0,0.0
3469,14.530820407851653,14.332869,14.727508,14.501911362836449,14.433176,14.573984,0.0,0.0,0.0
3470,14.53332195372286,14.334581,14.72981,14.506091792747904,14.437337,14.578185,0.0,0.0,0.0
3471,14.536914079538082,14.337693,14.733211,14.510272222659358,14.441497,14.582386,0.0,0.0,0.0
3472,14.540685679971983,14.341085,14.738639,14.514452652570816,14.445658,14.586587,0.0,0.0,0.0
3473,14.544563654372219,14.345111,14.741133,14.518633082482264,14.449819,14.590789,0.0,0.0,0.0
3474,14.547239188195356,14.347471,14.744187,14.522813512393725,14.4539795,14.59499,0.0,0.0,0.0
3475,14.552717661944376,14.354332,14.749089,14.526993942305175,14.458139,14.599191,0.0,0.0,0.0
3476,14.555504348337738,14.357513,14.751408,14.531174372216633,14.4623,14.603393,0.0,0.0,0.0
3477,14.561938220743338,14.36246,14.759229,14.535354802128087,14.466461,14.607594,0.0,0.0,0.0
3478,14.568469723428596,14.369833,14.764907,14.539535232039542,14.470621,14.611794,0.0,0.0,0.0
3479,14.570890995596233,14.372904,14.767242,14.543715661951,14.474782,14.615995,0.0,0.0,0.0
3480,14.574447238866158,14.376038,14.771086,14.54789609186245,14.478943,14.620197,0.0,0.0,0.0
3481,14.577788117243612,14.379997,14.773657,14.552076521773907,14.483104,14.624398,0.0,0.0,0.0
3482,14.578477906493784,14.380822,14.774407,14.55625695168536,14.487264,14.628599,0.0,0.0,0.0
3483,14.584416869388793,14.385894,14.78017,14.560437381596815,14.491425,14.632801,0.0,0.0,0.0
3484,14.591084389796272,14.393324,14.7868,14.56461781150827,14.495585,14.637002,0.0,0.0,0.0
3485,14.595756020339818,14.398234,14.791576,14.568798241419726,14.499745,14.641203,0.0,0.0,0.0
3486,14.599062281802524,14.401759,14.79368,14.572978671331178,14.503906,14.645404,0.0,0.0,0.0
3487,14.6033233251647,14.405543,14.798148,14.577159101242634,14.508067,14.649606,0.0,0.0,0.0
3488,14.610498640063225,14.411999,14.806804,14.58133953115409,14.512228,14.653807,0.0,0.0,0.0
3489,14.617729133807295,14.418487,14.816065,14.58551996106554,14.516388,14.658008,0.0,0.0,0.0
3490,14.621569092262407,14.421263,14.81954,14.589700390976999,14.520549,14.6622095,0.0,0.0,0.0
3491,14.626268287379004,14.426302,14.824469,14.593880820888453,14.52471,14.66641,0.0,0.0,0.0
3492,14.628424753948696,14.428202,14.826983,14.598061250799908,14.528871,14.670611,0.0,0.0,0.0
3493,14.632015962195636,14.431854,14.831766,14.602241680711364,14.5330305,14.674812,0.0,0.0,0.0
3494,14.634084611572293,14.434193,14.832994,14.606422110622816,14.537191,14.679014,0.0,0.0,0.0
3495,14.636904137095552,14.437174,14.834892,14.610602540534272,14.541352,14.683215,0.0,0.0,0.0
3496,14.641129354104605,14.441524,14.840468,14.614782970445729,14.545512,14.687416,0.0,0.0,0.0
3497,14.643403036226973,14.443283,14.842432,14.618963400357186,14.549673,14.691618,0.0,0.0,0.0
3498,14.648384526232954,14.447663,14.847713,14.623143830268633,14.553834,14.695819,0.0,0.0,0.0
3499,14.652247138950253,14.450457,14.852303,14.627324260180092,14.557995,14.70002,0.0,0.0,0.0
3500,14.65717548237953,14.455423,14.858046,14.631504690091548,14.562155,14.704221,0.0,0.0,0.0
3501,14.659339942890837,14.457404,14.859862,14.635685120003002,14.566316,14.708423,0.0,0.0,0.0
3502,14.663350789412366,14.46089,14.864176,14.639865549914454,14.570477,14.712624,0.0,0.0,0.0
3503,14.665806754094726,14.4650135,14.8663225,14.64404597982591,14.574636,14.716825,0.0,0.0,0.0
3504,14.66816650392596,14.466433,14.868581,14.648226409737363,14.578797,14.721026,0.0,0.0,0.0
3505,14.671690934366122,14.47047,14.871942,14.652406839648819,14.582958,14.725227,0.0,0.0,0.0
3506,14.674073960899278,14.472495,14.873538,14.656587269560276,14.587119,14.729428,0.0,0.0,0.0
3507,14.67670670573434,14.474922,14.876822,14.660767699471732,14.591279,14.733629,0.0,0.0,0.0
3508,14.681378444552296,14.480003,14.882105,14.664948129383184,14.59544,14.737831,0.0,0.0,0.0
3509,14.686745914097685,14.484987,14.887272,14.669128559294638,14.599601,14.742032,0.0,0.0,0.0
3510,14.692776280634156,14.491187,14.893425,14.673308989206094,14.603762,14.746233,0.0,0.0,0.0
3511,14.697767127341688,14.496199,14.898736,14.677489419117551,14.607922,14.750435,0.0,0.0,0.0
3512,14.702425791113326,14.500847,14.903061,14.681669849029005,14.6120825,14.754636,0.0,0.0,0.0
3513,14.70626378305514,14.504492,14.9062195,14.685850278940457,14.616243,14.758837,0.0,0.0,0.0
3514,14.709281327562838,14.508322,14.908602,14.690030708851909,14.620403,14.763038,0.0,0.0,0.0
3515,14.713887411620489,14.513477,14.912209,14.694211138763368,14.624564,14.76724,0.0,0.0,0.0
3516,14.719137759930213,14.518177,14.91819,14.698391568674818,14.628725,14.7714405,0.0,0.0,0.0
3517,14.721173962775726,14.519352,14.921187,14.702571998586276,14.632886,14.775641,0.0,0.0,0.0
3518,14.722747387464572,14.520123,14.923355,14.706752428497731,14.637046,14.779842,0.0,0.0,0.0
3519,14.727582328336856,14.52523,14.928272,14.710932858409183,14.641207,14.784044,0.0,0.0,0.0
3520,14.729917733182443,14.527892,14.930363,14.71511328832064,14.645368,14.788245,0.0,0.0,0.0
3521,14.732049916606249,14.530642,14.93222,14.719293718232096,14.649528,14.792446,0.0,0.0,0.0
3522,14.734688013946345,14.533929,14.934671,14.723474148143545,14.653688,14.796648,0.0,0.0,0.0
3523,14.741030602540558,14.539341,14.94107,14.727654578055008,14.657849,14.800849,0.0,0.0,0.0
3524,14.743445253474498,14.541903,14.943345,14.73183500796646,14.66201,14.80505,0.0,0.0,0.0
3525,14.74696539357211,14.545761,14.946044,14.736015437877914,14.66617,14.809251,0.0,0.0,0.0
3526,14.753833405895133,14.552422,14.953058,14.74019586778937,14.670331,14.813453,0.0,0.0,0.0
3527,14.756748594500046,14.555423,14.954808,14.744376297700821,14.674492,14.817654,0.0,0.0,0.0
3528,14.760118244798548,14.558559,14.959114,14.74855672761228,14.678653,14.821855,0.0,0.0,0.0
3529,14.764036647930306,14.562466,14.963592,14.752737157523732,14.682813,14.8260565,0.0,0.0,0.0
3530,14.766877003320802,14.565027,14.966032,14.756917587435186,14.686974,14.830257,0.0,0.0,0.0
3531,14.767504577147882,14.565542,14.966473,14.761098017346638,14.691134,14.834458,0.0,0.0,0.0
3532,14.770440221770283,14.568889,14.969156,14.765278447258096,14.695294,14.838659,0.0,0.0,0.0
3533,14.77707717139565,14.57694,14.974735,14.769458877169553,14.699455,14.842861,0.0,0.0,0.0
3534,14.77862347239428,14.578248,14.97655,14.773639307081005,14.703616,14.847062,0.0,0.0,0.0
3535,14.781307149470383,14.580211,14.980733,14.77781973699246,14.707777,14.851263,0.0,0.0,0.0
3536,14.784322570522411,14.582449,14.983182,14.782000166903911,14.711937,14.855465,0.0,0.0,0.0
3537,14.78836264221972,14.5877695,14.986349,14.78618059681537,14.716098,14.859666,0.0,0.0,0.0
3538,14.791933435633863,14.592082,14.990043,14.790361026726822,14.720259,14.863867,0.0,0.0,0.0
3539,14.795992346410587,14.595872,14.992938,14.794541456638278,14.724419,14.868068,0.0,0.0,0.0
3540,14.799542635482771,14.598984,14.997917,14.798721886549732,14.7285795,14.87227,0.0,0.0,0.0
3541,14.804710401245622,14.604724,15.003216,14.802902316461193,14.73274,14.876471,0.0,0.0,0.0
3542,14.811114437666236,14.612016,15.008389,14.807082746372645,14.736901,14.8806715,0.0,0.0,0.0
3543,14.815659726736701,14.616906,15.013093,14.811263176284097,14.741061,14.884873,0.0,0.0,0.0
3544,14.819011006913172,14.620158,15.016678,14.815443606195549,14.745222,14.889074,0.0,0.0,0.0
3545,14.822981841179155,14.62429,15.020276,14.819624036107006,14.749383,14.893275,0.0,0.0,0.0
3546,14.829272729604718,14.630362,15.026436,14.82380446601846,14.753544,14.897476,0.0,0.0,0.0
3547,14.833222454076738,14.634514,15.030226,14.827984895929914,14.757704,14.901678,0.0,0.0,0.0
3548,14.832975249597078,14.63441,15.029962,14.832165325841373,14.761865,14.905879,0.0,0.0,0.0
3549,14.833655438604445,14.63501,15.03021,14.836345755752827,14.766026,14.91008,0.0,0.0,0.0
3550,14.83861673011715,14.64005,15.0354805,14.84052618566428,14.770185,14.914282,0.0,0.0,0.0
3551,14.842329755593012,14.643023,15.039391,14.844706615575737,14.774346,14.918483,0.0,0.0,0.0
3552,14.84659627627438,14.646408,15.044426,14.848887045487194,14.778507,14.922684,0.0,0.0,0.0
3553,14.851186758086254,14.650647,15.049594,14.853067475398644,14.782668,14.926885,0.0,0.0,0.0
3554,14.855216012857992,14.654715,15.053385,14.8572479053101,14.786828,14.931087,0.0,0.0,0.0
3555,14.85992614870949,14.659747,15.058101,14.861428335221554,14.790989,14.935287,0.0,0.0,0.0
3556,14.862981356995148,14.66252,15.060956,14.865608765133013,14.79515,14.939488,0.0,0.0,0.0
3557,14.865774921921219,14.664515,15.063689,14.869789195044465,14.79931,14.94369,0.0,0.0,0.0
3558,14.8681804750932,14.667107,15.065653,14.87396962495592,14.803471,14.947891,0.0,0.0,0.0
3559,14.870808373018054,14.6684885,15.068865,14.878150054867374,14.8076315,14.952092,0.0,0.0,0.0
3560,14.874387890503264,14.671159,15.072904,14.882330484778828,14.811792,14.956293,0.0,0.0,0.0
3561,14.879571470557059,14.677949,15.077042,14.886510914690287,14.815952,14.960495,0.0,0.0,0.0
3562,14.883624107949911,14.682712,15.079808,14.890691344601741,14.820113,14.964696,0.0,0.0,0.0
3563,14.890292231716352,14.689982,15.087294,14.894871774513193,14.824274,14.968897,0.0,0.0,0.0
3564,14.894758725653125,14.694559,15.092196,14.899052204424653,14.828435,14.973099,0.0,0.0,0.0
3565,14.897562380632696,14.697156,15.095491,14.903232634336101,14.832595,14.9773,0.0,0.0,0.0
3566,14.902662630352127,14.703155,15.100038,14.907413064247558,14.836756,14.981501,0.0,0.0,0.0
3567,14.905356202082354,14.705466,15.102763,14.911593494159012,14.840917,14.985702,0.0,0.0,0.0
3568,14.91099425584509,14.711734,15.10804,14.91577392407047,14.845077,14.989903,0.0,0.0,0.0
3569,14.913332907299198,14.7135935,15.111019,14.919954353981925,14.849237,14.994104,0.0,0.0,0.0
3570,14.918571097971562,14.718719,15.116488,14.92413478389338,14.853398,14.998305,0.0,0.0,0.0
3571,14.922713466449931,14.722328,15.121009,14.92831521380483,14.857559,15.002507,0.0,0.0,0.0
3572,14.924355016337591,14.723606,15.123287,14.932495643716289,14.861719,15.006708,0.0,0.0,0.0
3573,14.927679592032982,14.728227,15.126276,14.936676073627742,14.86588,15.010909,0.0,0.0,0.0
3574,14.92956281306715,14.729664,15.127391,14.9408565035392,14.870041,15.01511,0.0,0.0,0.0
3575,14.930608862223265,14.730563,15.1289015,14.945036933450654,14.874201,15.019312,0.0,0.0,0.0
3576,14.934498907803507,14.734127,15.132833,14.9492173633621,14.878362,15.023513,0.0,0.0,0.0
3577,14.935273738343078,14.735218,15.133999,14.95339779327356,14.882523,15.027714,0.0,0.0,0.0
3578,14.940600647359238,14.741682,15.139003,14.957578223185015,14.886683,15.031916,0.0,0.0,0.0
3579,14.945357723932558,14.746353,15.14344,14.96175865309647,14.890843,15.036117,0.0,0.0,0.0
3580,14.949714829649967,14.750741,15.147218,14.965939083007926,14.895004,15.040318,0.0,0.0,0.0
3581,14.95338390743614,14.75549,15.149431,14.970119512919378,14.899165,15.044518,0.0,0.0,0.0
3582,14.958560858211861,14.760955,15.154915,14.974299942830834,14.903326,15.04872,0.0,0.0,0.0
3583,14.96344938317415,14.76491,15.16006,14.97848037274229,14.907486,15.052921,0.0,0.0,0.0
3584,14.967639235128882,14.769248,15.164266,14.982660802653745,14.911647,15.057122,0.0,0.0,0.0
3585,14.972266519207135,14.775277,15.168416,14.9868412325652,14.915808,15.061323,0.0,0.0,0.0
3586,14.978726425605778,14.78075,15.17421,14.991021662476651,14.919968,15.065525,0.0,0.0,0.0
3587,14.983917339964517,14.786419,15.179553,14.995202092388105,14.924129,15.069726,0.0,0.0,0.0
3588,14.989624219072006,14.791017,15.1863,14.99938252229956,14.928289,15.073927,0.0,0.0,0.0
3589,14.995233610209299,14.796751,15.191659,15.00356295221102,14.93245,15.078129,0.0,0.0,0.0
3590,14.999179583301194,14.800214,15.196515,15.007743382122472,14.93661,15.08233,0.0,0.0,0.0
3591,15.005360174258096,14.806528,15.203235,15.011923812033926,14.940771,15.086531,0.0,0.0,0.0
3592,15.011457338823021,14.812131,15.209122,15.01610424194538,14.944932,15.090732,0.0,0.0,0.0
3593,15.015905274432349,14.816399,15.214126,15.020284671856835,14.949092,15.0949335,0.0,0.0,0.0
3594,15.0176105242952,14.8177595,15.216257,15.02446510176829,14.953253,15.099134,0.0,0.0,0.0
3595,15.020129960444251,14.821318,15.218333,15.028645531679745,14.957414,15.103335,0.0,0.0,0.0
3596,15.024159185224335,14.825395,15.222456,15.032825961591197,14.961575,15.107537,0.0,0.0,0.0
3597,15.029882019247223,14.830878,15.227018,15.037006391502661,14.9657345,15.111738,0.0,0.0,0.0
3598,15.034505056633494,14.836435,15.231031,15.041186821414108,14.969895,15.115939,0.0,0.0,0.0
3599,15.037307176422727,14.839778,15.234014,15.04536725132556,14.974056,15.12014,0.0,0.0,0.0
3600,15.044044369658671,14.846708,15.240661,15.04954768123702,14.978217,15.124342,0.0,0.0,0.0
3601,15.04683396831884,14.85047,15.243404,15.053728111148477,14.982377,15.128543,0.0,0.0,0.0
3602,15.049519203801225,14.853207,15.246063,15.057908541059929,14.986538,15.132744,0.0,0.0,0.0
3603,15.055501198349363,14.859601,15.253127,15.062088970971383,14.990699,15.136946,0.0,0.0,0.0
3604,15.057895281062834,14.862139,15.254744,15.066269400882838,14.994859,15.141147,0.0,0.0,0.0
3605,15.06371129004042,14.866144,15.261882,15.070449830794294,14.99902,15.145348,0.0,0.0,0.0
3606,15.067142019160332,14.869723,15.264536,15.07463026070575,15.0031805,15.149549,0.0,0.0,0.0
3607,15.073295146908585,14.87515,15.271229,15.078810690617198,15.007341,15.15375,0.0,0.0,0.0
3608,15.080594137162665,14.882541,15.2790365,15.082991120528657,15.011501,15.157951,0.0,0.0,0.0
3609,15.084708713916173,14.886329,15.282228,15.08717155044011,15.015662,15.162152,0.0,0.0,0.0
3610,15.086499518452106,14.8881,15.2833185,15.091351980351567,15.019823,15.166354,0.0,0.0,0.0
3611,15.090563357917416,14.893052,15.286315,15.095532410263024,15.023983,15.170555,0.0,0.0,0.0
3612,15.095143091721845,14.897308,15.291952,15.099712840174476,15.028144,15.174756,0.0,0.0,0.0
3613,15.098102922179537,14.899156,15.295787,15.103893270085932,15.032305,15.178957,0.0,0.0,0.0
3614,15.100215360660297,14.901147,15.298143,15.108073699997385,15.036466,15.183159,0.0,0.0,0.0
3615,15.103268605273751,14.90416,15.302082,15.11225412990884,15.040626,15.18736,0.0,0.0,0.0
3616,15.109236079450827,14.90998,15.307004,15.116434559820297,15.044786,15.191561,0.0,0.0,0.0
3617,15.114143242968872,14.915376,15.310821,15.12061498973175,15.048947,15.195763,0.0,0.0,0.0
3618,15.11720905094834,14.918559,15.314204,15.124795419643203,15.053108,15.199964,0.0,0.0,0.0
3619,15.119811102939217,14.92186,15.316615,15.12897584955466,15.057268,15.2041645,0.0,0.0,0.0
3620,15.126725691827428,14.92778,15.323875,15.133156279466112,15.061429,15.208365,0.0,0.0,0.0
3621,15.129805310558933,14.9308,15.327644,15.13733670937757,15.06559,15.212567,0.0,0.0,0.0
3622,15.131058603317804,14.932207,15.328845,15.141517139289023,15.06975,15.216768,0.0,0.0,0.0
3623,15.136106580129274,14.936706,15.333711,15.145697569200479,15.073911,15.220969,0.0,0.0,0.0
3624,15.139601326518806,14.940202,15.337556,15.149877999111935,15.078072,15.225171,0.0,0.0,0.0
3625,15.144145329388873,14.944162,15.342544,15.154058429023388,15.082232,15.229372,0.0,0.0,0.0
3626,15.14789063376013,14.948887,15.346443,15.158238858934844,15.086392,15.233573,0.0,0.0,0.0
3627,15.15119263014763,14.9527235,15.349027,15.162419288846298,15.090553,15.237774,0.0,0.0,0.0
3628,15.154557008912459,14.955959,15.3528,15.166599718757748,15.094714,15.241976,0.0,0.0,0.0
3629,15.160416906106292,14.959504,15.359838,15.170780148669204,15.098874,15.246177,0.0,0.0,0.0
3630,15.165804277529583,14.965427,15.3653,15.174960578580661,15.103035,15.250378,0.0,0.0,0.0
3631,15.170571917336009,14.969298,15.370274,15.179141008492117,15.107196,15.25458,0.0,0.0,0.0
3632,15.1745028081597,14.972759,15.374399,15.183321438403567,15.111357,15.2587805,0.0,0.0,0.0
3633,15.177713385200239,14.975832,15.376998,15.187501868315026,15.115517,15.262981,0.0,0.0,0.0
3634,15.185775469074185,14.984225,15.386392,15.19168229822648,15.119678,15.267182,0.0,0.0,0.0
3635,15.18918102392789,14.987056,15.389892,15.195862728137937,15.123838,15.271384,0.0,0.0,0.0
3636,15.194177164280847,14.990772,15.395141,15.20004315804939,15.127999,15.275585,0.0,0.0,0.0
3637,15.197829608475361,14.993428,15.400654,15.204223587960843,15.132159,15.279786,0.0,0.0,0.0
3638,15.203253842089968,14.998889,15.405935,15.208404017872295,15.13632,15.283988,0.0,0.0,0.0
3639,15.208367008230402,15.00342,15.411165,15.212584447783753,15.140481,15.288189,0.0,0.0,0.0
3640,15.21074245946307,15.00518,15.414428,15.216764877695205,15.144641,15.29239,0.0,0.0,0.0
3641,15.213138648307504,15.007439,15.417422,15.22094530760666,15.148802,15.296591,0.0,0.0,0.0
3642,15.21893414804645,15.013209,15.42238,15.225125737518116,15.152963,15.300793,0.0,0.0,0.0
3643,15.223201847834995,15.016162,15.4272375,15.22930616742957,15.157124,15.304994,0.0,0.0,0.0
3644,15.231207198550386,15.0260105,15.433873,15.233486597341027,15.1612835,15.309195,0.0,0.0,0.0
3645,15.234904095230414,15.029022,15.438533,15.237667027252478,15.165444,15.313396,0.0,0.0,0.0
3646,15.238793901189558,15.032616,15.442523,15.241847457163937,15.169605,15.317597,0.0,0.0,0.0
3647,15.24140705386269,15.0353775,15.444734,15.24602788707539,15.173765,15.321798,0.0,0.0,0.0
3648,15.247000944183567,15.041105,15.450911,15.250208316986845,15.177926,15.325999,0.0,0.0,0.0
3649,15.250045225205044,15.04386,15.453973,15.254388746898298,15.182087,15.330201,0.0,0.0,0.0
3650,15.255564224037192,15.049507,15.4595,15.258569176809754,15.186248,15.334402,0.0,0.0,0.0
3651,15.262369299483824,15.056456,15.465819,15.262749606721208,15.190408,15.338603,0.0,0.0,0.0
3652,15.267735322877037,15.06073,15.472631,15.266930036632663,15.194569,15.342804,0.0,0.0,0.0
3653,15.268705193353163,15.061995,15.47362,15.271110466544119,15.1987295,15.347006,0.0,0.0,0.0
3654,15.27514262575406,15.068677,15.480039,15.275290896455575,15.20289,15.351207,0.0,0.0,0.0
3655,15.280299726499063,15.072256,15.486848,15.279471326367027,15.20705,15.355408,0.0,0.0,0.0
3656,15.285344549687803,15.077484,15.491425,15.28365175627848,15.211211,15.35961,0.0,0.0,0.0
3657,15.289182974352332,15.08188,15.49554,15.287832186189938,15.215372,15.363811,0.0,0.0,0.0
3658,15.292260204715314,15.084467,15.498804,15.292012616101392,15.219532,15.368011,0.0,0.0,0.0
3659,15.295414978454414,15.087702,15.50237,15.296193046012844,15.223693,15.372212,0.0,0.0,0.0
3660,15.298443031732466,15.0915985,15.506296,15.3003734759243,15.227854,15.376414,0.0,0.0,0.0
3661,15.299983076046123,15.092661,15.507703,15.304553905835753,15.232015,15.380615,0.0,0.0,0.0
3662,15.305356799006253,15.099272,15.5127945,15.30873433574721,15.236175,15.384816,0.0,0.0,0.0
3663,15.309235907469391,15.1018095,15.517719,15.312914765658666,15.240335,15.389018,0.0,0.0,0.0
3664,15.311628095586265,15.104329,15.519515,15.317095195570117,15.244496,15.393219,0.0,0.0,0.0
3665,15.31365015089899,15.105905,15.521683,15.321275625481572,15.248656,15.39742,0.0,0.0,0.0
3666,15.317591562067328,15.109312,15.527177,15.32545605539303,15.252817,15.401621,0.0,0.0,0.0
3667,15.3206255808771,15.112385,15.529627,15.329636485304484,15.256978,15.405823,0.0,0.0,0.0
3668,15.327365833362133,15.120478,15.536463,15.333816915215941,15.261139,15.410024,0.0,0.0,0.0
3669,15.330044033881334,15.122866,15.539471,15.33799734512739,15.265299,15.414225,0.0,0.0,0.0
3670,15.335973545099774,15.128856,15.544485,15.342177775038847,15.26946,15.4184265,0.0,0.0,0.0
3671,15.339922265726893,15.133056,15.54732,15.346358204950302,15.273621,15.422627,0.0,0.0,0.0
3672,15.343882276959453,15.137116,15.551105,15.35053863486176,15.2777815,15.426828,0.0,0.0,0.0
3673,15.34475649803002,15.13809,15.552397,15.354719064773217,15.281941,15.431029,0.0,0.0,0.0
3674,15.34988642792947,15.142627,15.557928,15.358899494684668,15.286102,15.435231,0.0,0.0,0.0
3675,15.354493980402863,15.145523,15.564201,15.363079924596127,15.290263,15.439432,0.0,0.0,0.0
3676,15.357187491966991,15.147334,15.56719,15.367260354507575,15.294423,15.443633,0.0,0.0,0.0
3677,15.36098958374948,15.151316,15.570828,15.371440784419033,15.298584,15.447835,0.0,0.0,0.0
3678,15.366805618594428,15.157005,15.577094,15.375621214330486,15.302745,15.452036,0.0,0.0,0.0
3679,15.369810491804087,15.161118,15.580165,15.379801644241946,15.306906,15.456237,0.0,0.0,0.0
3680,15.3738250633219,15.16476,15.583986,15.383982074153396,15.311066,15.460438,0.0,0.0,0.0
3681,15.379258653226488,15.169937,15.589,15.388162504064853,15.315227,15.46464,0.0,0.0,0.0
3682,15.38328166403115,15.173883,15.592823,15.392342933976304,15.319387,15.468841,0.0,0.0,0.0
3683,15.390106353304024,15.180998,15.5986185,15.39652336388776,15.323547,15.473042,0.0,0.0,0.0
3684,15.394597068023863,15.185219,15.603485,15.400703793799217,15.327708,15.477243,0.0,0.0,0.0
3685,15.398792774800677,15.189362,15.606981,15.404884223710669,15.331869,15.481444,0.0,0.0,0.0
3686,15.403364358111338,15.195724,15.609906,15.409064653622124,15.33603,15.485645,0.0,0.0,0.0
3687,15.406466479444218,15.198105,15.613572,15.413245083533578,15.34019,15.489846,0.0,0.0,0.0
3688,15.412643887393434,15.2043495,15.619633,15.417425513445036,15.344351,15.494048,0.0,0.0,0.0
3689,15.41882003045037,15.210623,15.62634,15.421605943356491,15.348512,15.498249,0.0,0.0,0.0
3690,15.422927299200751,15.216027,15.628897,15.425786373267945,15.352673,15.50245,0.0,0.0,0.0
3691,15.4286954761975,15.220623,15.635339,15.429966803179399,15.3568325,15.506652,0.0,0.0,0.0
3692,15.437081738372251,15.228569,15.644125,15.43414723309085,15.360993,15.510853,0.0,0.0,0.0
3693,15.442299223536198,15.233274,15.649716,15.438327663002307,15.365154,15.515054,0.0,0.0,0.0
3694,15.446721719092073,15.237303,15.6544485,15.442508092913762,15.369314,15.519255,0.0,0.0,0.0
3695,15.45305841874923,15.243465,15.660529,15.446688522825218,15.373475,15.523457,0.0,0.0,0.0
3696,15.45772020665132,15.248566,15.664604,15.450868952736672,15.377636,15.5276575,0.0,0.0,0.0
3697,15.463220514443988,15.255397,15.6701,15.455049382648125,15.381797,15.531858,0.0,0.0,0.0
3698,15.466303337638,15.258468,15.672867,15.459229812559581,15.385957,15.53606,0.0,0.0,0.0
3699,15.473503452565037,15.264827,15.680493,15.463410242471037,15.390118,15.540261,0.0,0.0,0.0
3700,15.47569392649931,15.266517,15.682806,15.467590672382492,15.394279,15.544462,0.0,0.0,0.0
3701,15.479723864078021,15.271082,15.68697,15.471771102293946,15.398438,15.548663,0.0,0.0,0.0
3702,15.483812229183359,15.275099,15.691786,15.475951532205402,15.402599,15.552865,0.0,0.0,0.0
3703,15.487895736118253,15.278558,15.695354,15.480131962116856,15.40676,15.557066,0.0,0.0,0.0
3704,15.489954679122958,15.281711,15.696761,15.484312392028311,15.410921,15.561267,0.0,0.0,0.0
3705,15.49161697755922,15.283546,15.69779,15.488492821939762,15.415081,15.565469,0.0,0.0,0.0
3706,15.494202784405237,15.2855425,15.700784,15.49267325185122,15.419242,15.56967,0.0,0.0,0.0
3707,15.499487629680013,15.289965,15.707541,15.496853681762675,15.423403,15.573871,0.0,0.0,0.0
3708,15.501608606777081,15.291374,15.709725,15.50103411167413,15.427564,15.578072,0.0,0.0,0.0
3709,15.504293541592563,15.293703,15.712857,15.505214541585584,15.431724,15.5822735,0.0,0.0,0.0
3710,15.510211004583562,15.298903,15.7184515,15.50939497149704,15.435884,15.586474,0.0,0.0,0.0
3711,15.514546521656673,15.304979,15.722853,15.513575401408493,15.440045,15.590675,0.0,0.0,0.0
3712,15.516067422274451,15.306758,15.723989,15.517755831319949,15.444205,15.594877,0.0,0.0,0.0
3713,15.518527422375312,15.309016,15.726103,15.521936261231401,15.448366,15.599078,0.0,0.0,0.0
3714,15.52152787429973,15.31169,15.729329,15.526116691142857,15.452527,15.603279,0.0,0.0,0.0
3715,15.52425045583228,15.314421,15.732751,15.530297121054312,15.456688,15.60748,0.0,0.0,0.0
3716,15.528589032295152,15.318528,15.737773,15.534477550965768,15.460848,15.611682,0.0,0.0,0.0
3717,15.531064404291211,15.321253,15.739468,15.538657980877222,15.465009,15.615883,0.0,0.0,0.0
3718,15.534418380778648,15.325514,15.741812,15.542838410788677,15.46917,15.620084,0.0,0.0,0.0
3719,15.537772410494437,15.328783,15.745602,15.54701884070013,15.47333,15.624285,0.0,0.0,0.0
3720,15.541040974371997,15.331347,15.74989,15.551199270611587,15.47749,15.628487,0.0,0.0,0.0
3721,15.546352383776819,15.335749,15.755428,15.555379700523037,15.481651,15.632688,0.0,0.0,0.0
3722,15.55046431249256,15.339585,15.759439,15.559560130434495,15.485812,15.6368885,0.0,0.0,0.0
3723,15.552644723533144,15.341409,15.761765,15.56374056034595,15.489972,15.64109,0.0,0.0,0.0
3724,15.558229497133048,15.34713,15.768123,15.567920990257408,15.494133,15.645291,0.0,0.0,0.0
3725,15.561450222554305,15.349827,15.771499,15.572101420168854,15.498294,15.649492,0.0,0.0,0.0
3726,15.56701524491949,15.355894,15.776283,15.576281850080312,15.502455,15.653693,0.0,0.0,0.0
3727,15.572006018247396,15.361182,15.780498,15.58046227999177,15.506615,15.657895,0.0,0.0,0.0
3728,15.575996182580138,15.365375,15.784728,15.584642709903225,15.510776,15.662096,0.0,0.0,0.0
3729,15.580077619295112,15.368565,15.790396,15.588823139814679,15.514936,15.666297,0.0,0.0,0.0
3730,15.58799509978047,15.376373,15.798779,15.59300356972613,15.519096,15.670499,0.0,0.0,0.0
3731,15.590575768738104,15.37859,15.801336,15.597183999637588,15.523257,15.6747,0.0,0.0,0.0
3732,15.594240925920635,15.38146,15.805511,15.601364429549042,15.527418,15.678901,0.0,0.0,0.0
3733,15.596053503662954,15.383294,15.80725,15.605544859460498,15.531579,15.683102,0.0,0.0,0.0
3734,15.597646098156268,15.384666,15.808873,15.609725289371953,15.535739,15.687304,0.0,0.0,0.0
3735,15.599820322009608,15.3868265,15.811269,15.613905719283407,15.5399,15.6915045,0.0,0.0,0.0
3736,15.605510538257137,15.391636,15.816705,15.618086149194863,15.544061,15.695705,0.0,0.0,0.0
3737,15.60980543979767,15.39591,15.820316,15.622266579106316,15.548221,15.699907,0.0,0.0,0.0
3738,15.614753338198314,15.401162,15.825442,15.62644700901777,15.5523815,15.704108,0.0,0.0,0.0
3739,15.619067809670394,15.406496,15.828954,15.630627438929226,15.556542,15.708309,0.0,0.0,0.0
3740,15.626303010990192,15.4119215,15.83736,15.63480786884068,15.560703,15.71251,0.0,0.0,0.0
3741,15.629013530671132,15.415351,15.83976,15.638988298752132,15.564863,15.716712,0.0,0.0,0.0
3742,15.634232685095947,15.421266,15.8445835,15.643168728663593,15.569024,15.720913,0.0,0.0,0.0
3743,15.641116827325252,15.429498,15.850495,15.647349158575043,15.573185,15.725114,0.0,0.0,0.0
3744,15.647625129222767,15.436217,15.8557,15.651529588486502,15.577346,15.729316,0.0,0.0,0.0
3745,15.653817908464074,15.4427185,15.861879,15.655710018397953,15.581506,15.733517,0.0,0.0,0.0
3746,15.658815445924246,15.448326,15.86683,15.65989044830941,15.585667,15.737718,0.0,0.0,0.0
3747,15.663458632441655,15.453177,15.871422,15.664070878220862,15.589828,15.741919,0.0,0.0,0.0
3748,15.666644555082714,15.4554405,15.874782,15.668251308132318,15.593987,15.74612,0.0,0.0,0.0
3749,15.669168396044274,15.456687,15.8778105,15.672431738043773,15.598148,15.750321,0.0,0.0,0.0
3750,15.672747107989911,15.461116,15.881907,15.67661216795523,15.602309,15.754522,0.0,0.0,0.0
3751,15.67583590505957,15.464202,15.884016,15.680792597866684,15.60647,15.758724,0.0,0.0,0.0
3752,15.679123754004197,15.467467,15.8870535,15.68497302777814,15.61063,15.762925,0.0,0.0,0.0
3753,15.682877571232703,15.472899,15.89133,15.689153457689592,15.614791,15.767126,0.0,0.0,0.0
3754,15.686454228264267,15.476711,15.894421,15.693333887601044,15.618952,15.771327,0.0,0.0,0.0
3755,15.68890537507836,15.47796,15.897988,15.697514317512505,15.623112,15.775529,0.0,0.0,0.0
3756,15.693265889548652,15.482141,15.902886,15.701694747423955,15.627273,15.77973,0.0,0.0,0.0
3757,15.69571371287721,15.485061,15.904975,15.705875177335413,15.6314335,15.783931,0.0,0.0,0.0
3758,15.702325686831928,15.490951,15.911765,15.710055607246865,15.635594,15.788133,0.0,0.0,0.0
3759,15.705345274981227,15.493404,15.91456,15.714236037158319,15.639754,15.792334,0.0,0.0,0.0
3760,15.710455529885271,15.499757,15.919627,15.718416467069776,15.643915,15.796535,0.0,0.0,0.0
3761,15.715614475924943,15.5041065,15.924839,15.72259689698123,15.648076,15.800735,0.0,0.0,0.0
3762,15.72092629681677,15.509862,15.929891,15.726777326892686,15.652237,15.804937,0.0,0.0,0.0
3763,15.723858799656853,15.5124655,15.9324465,15.730957756804141,15.656397,15.809138,0.0,0.0,0.0
3764,15.726298687153726,15.514507,15.934853,15.735138186715595,15.660558,15.813339,0.0,0.0,0.0
3765,15.73081282368111,15.518603,15.93984,15.739318616627052,15.664719,15.817541,0.0,0.0,0.0
3766,15.733623488430556,15.520937,15.941878,15.743499046538505,15.668879,15.821742,0.0,0.0,0.0
3767,15.737084990695937,15.525833,15.945035,15.747679476449957,15.673039,15.825943,0.0,0.0,0.0
3768,15.739817729203388,15.527487,15.949638,15.751859906361412,15.6772,15.830144,0.0,0.0,0.0
3769,15.74606233736235,15.534537,15.954175,15.75604033627287,15.681361,15.834346,0.0,0.0,0.0
3770,15.749481625297706,15.537841,15.957717,15.760220766184318,15.685521,15.838547,0.0,0.0,0.0
3771,15.753935704593722,15.542294,15.961519,15.764401196095777,15.689682,15.842748,0.0,0.0,0.0
3772,15.760110901492755,15.548196,15.968242,15.768581626007233,15.693843,15.84695,0.0,0.0,0.0
3773,15.764255104257197,15.551242,15.973068,15.77276205591869,15.698003,15.8511505,0.0,0.0,0.0
3774,15.76980873937492,15.556563,15.979437,15.776942485830139,15.702164,15.855351,0.0,0.0,0.0
3775,15.774995664067347,15.561429,15.984427,15.781122915741594,15.706325,15.859552,0.0,0.0,0.0
3776,15.779168679518714,15.5668335,15.988385,15.78530334565305,15.710485,15.863754,0.0,0.0,0.0
3777,15.781371203119306,15.568895,15.990973,15.789483775564507,15.714645,15.867955,0.0,0.0,0.0
3778,15.787849393048537,15.575301,15.997292,15.793664205475961,15.718806,15.872156,0.0,0.0,0.0
3779,15.79144357101758,15.578814,16.000988,15.79784463538741,15.722967,15.876358,0.0,0.0,0.0
3780,15.793936493017068,15.581228,16.002935,15.802025065298869,15.727128,15.880559,0.0,0.0,0.0
3781,15.798326335126509,15.585548,16.00769,15.806205495210323,15.731288,15.88476,0.0,0.0,0.0
3782,15.8053571292881,15.593035,16.01457,15.810385925121778,15.735449,15.888961,0.0,0.0,0.0
3783,15.80829291824613,15.596192,16.016497,15.814566355033234,15.73961,15.893163,0.0,0.0,0.0
3784,15.810842817049444,15.5983515,16.019432,15.818746784944688,15.74377,15.897364,0.0,0.0,0.0
3785,15.812357162585872,15.600028,16.020914,15.82292721485614,15.747931,15.901565,0.0,0.0,0.0
3786,15.81409808829226,15.602394,16.022348,15.827107644767597,15.752091,15.905766,0.0,0.0,0.0
3787,15.817546156445284,15.606868,16.025192,15.831288074679053,15.756252,15.909967,0.0,0.0,0.0
3788,15.82243679986441,15.611083,16.029865,15.835468504590512,15.760412,15.914168,0.0,0.0,0.0
3789,15.827404412154129,15.614564,16.036152,15.839648934501959,15.764573,15.918369,0.0,0.0,0.0
3790,15.834074945784089,15.621327,16.042591,15.843829364413413,15.768734,15.922571,0.0,0.0,0.0
3791,15.837878060143629,15.625325,16.045937,15.84800979432487,15.772894,15.926772,0.0,0.0,0.0
3792,15.840094898683416,15.628491,16.046947,15.852190224236322,15.777055,15.930973,0.0,0.0,0.0
3793,15.84453542199126,15.633332,16.050495,15.856370654147781,15.781216,15.935174,0.0,0.0,0.0
3794,15.850826694772348,15.637466,16.058687,15.860551084059237,15.785377,15.939376,0.0,0.0,0.0
3795,15.855480244025138,15.642727,16.062555,15.864731513970689,15.789536,15.943577,0.0,0.0,0.0
3796,15.861813923889258,15.6508665,16.067404,15.868911943882146,15.793697,15.947778,0.0,0.0,0.0
3797,15.865416255982469,15.6540985,16.069712,15.873092373793602,15.797858,15.95198,0.0,0.0,0.0
3798,15.871832256380497,15.66005,16.075903,15.877272803705052,15.802019,15.956181,0.0,0.0,0.0
3799,15.872523085662404,15.660544,16.076464,15.88145323361651,15.806179,15.9603815,0.0,0.0,0.0
3800,15.878071123985377,15.666885,16.082098,15.885633663527962,15.81034,15.964582,0.0,0.0,0.0
3801,15.881383776205576,15.670413,16.08579,15.889814093439416,15.814501,15.968784,0.0,0.0,0.0
3802,15.887388680903205,15.675571,16.092384,15.893994523350873,15.818661,15.972985,0.0,0.0,0.0
3803,15.8907600533308,15.67893,16.095884,15.898174953262323,15.822822,15.977186,0.0,0.0,0.0
3804,15.895745881662517,15.682947,16.10239,15.902355383173784,15.8269825,15.981388,0.0,0.0,0.0
3805,15.899879910631576,15.686341,16.106432,15.906535813085236,15.831143,15.985589,0.0,0.0,0.0
3806,15.901102050537956,15.688052,16.107395,15.910716242996692,15.835303,15.98979,0.0,0.0,0.0
3807,15.909528691708262,15.695259,16.117613,15.914896672908148,15.839464,15.993991,0.0,0.0,0.0
3808,15.916612616309058,15.701832,16.12589,15.919077102819601,15.843625,15.998193,0.0,0.0,0.0
3809,15.920075914698414,15.705783,16.129095,15.923257532731059,15.847785,16.002396,0.0,0.0,0.0
3810,15.928488639009029,15.71423,16.137283,15.927437962642509,15.851946,16.006596,0.0,0.0,0.0
3811,15.931895630912472,15.718999,16.139519,15.931618392553965,15.856107,16.010798,0.0,0.0,0.0
3812,15.936330778841457,15.72406,16.14299,15.935798822465417,15.860268,16.014997,0.0,0.0,0.0
3813,15.942407989668617,15.729611,16.150047,15.939979252376876,15.864428,16.0192,0.0,0.0,0.0
3814,15.94874257326944,15.73574,16.156239,15.944159682288328,15.868588,16.023401,0.0,0.0,0.0
3815,15.951035136120273,15.73714,16.159336,15.948340112199785,15.872749,16.027601,0.0,0.0,0.0
3816,15.954397833036861,15.740582,16.162407,15.952520542111237,15.87691,16.031803,0.0,0.0,0.0
3817,15.956584206702164,15.742268,16.164663,15.956700972022695,15.88107,16.036005,0.0,0.0,0.0
3818,15.961117567012339,15.746052,16.169178,15.960881401934149,15.885231,16.040205,0.0,0.0,0.0
3819,15.964125268135522,15.748462,16.171785,15.9650618318456,15.889392,16.044407,0.0,0.0,0.0
3820,15.967885975767363,15.751557,16.17616,15.969242261757055,15.893552,16.048609,0.0,0.0,0.0
3821,15.971388620472728,15.755212,16.180195,15.973422691668514,15.897713,16.052809,0.0,0.0,0.0
3822,15.974766508649672,15.759118,16.182777,15.97760312157997,15.901874,16.05701,0.0,0.0,0.0
3823,15.977959830776257,15.762338,16.186234,15.981783551491423,15.906034,16.06121,0.0,0.0,0.0
3824,15.982383961711184,15.767516,16.190067,15.98596398140288,15.910194,16.065413,0.0,0.0,0.0
3825,15.987246523772711,15.772438,16.19539,15.990144411314336,15.914355,16.069614,0.0,0.0,0.0
3826,15.98942485181409,15.774979,16.197468,15.994324841225788,15.918516,16.073814,0.0,0.0,0.0
3827,15.993600529044818,15.777887,16.202587,15.998505271137246,15.922676,16.078016,0.0,0.0,0.0
3828,15.99956372525005,15.783354,16.208576,16.002685701048698,15.926837,16.082218,0.0,0.0,0.0
3829,16.003903566941155,15.788437,16.211485,16.006866130960155,15.930998,16.086418,0.0,0.0,0.0
3830,16.00664931652197,15.790703,16.215351,16.011046560871602,15.935159,16.09062,0.0,0.0,0.0
3831,16.013049756505684,15.796003,16.22202,16.015226990783056,15.939319,16.094822,0.0,0.0,0.0
3832,16.01678126310673,15.7997465,16.226032,16.019407420694517,15.94348,16.099022,0.0,0.0,0.0
3833,16.020246099488965,15.804657,16.228907,16.02358785060597,15.94764,16.103224,0.0,0.0,0.0
3834,16.028340737961877,15.813861,16.236061,16.027768280517424,15.951801,16.107426,0.0,0.0,0.0
3835,16.033599966037016,15.819629,16.240515,16.031948710428882,15.955961,16.111626,0.0,0.0,0.0
3836,16.038992050512636,15.823738,16.246737,16.036129140340332,15.960122,16.115828,0.0,0.0,0.0
3837,16.04450248354025,15.829046,16.253162,16.040309570251786,15.964283,16.120028,0.0,0.0,0.0
3838,16.049069450270792,15.834002,16.257309,16.044490000163243,15.968443,16.12423,0.0,0.0,0.0
3839,16.053884188246705,15.839128,16.261599,16.048670430074694,15.972604,16.128431,0.0,0.0,0.0
3840,16.05860284960374,15.842999,16.268051,16.05285085998615,15.976765,16.132631,0.0,0.0,0.0
3841,16.065416891708335,15.850442,16.273895,16.057031289897605,15.980926,16.136833,0.0,0.0,0.0
3842,16.069445690011577,15.855152,16.27785,16.061211719809062,15.9850855,16.141035,0.0,0.0,0.0
3843,16.07411917600124,15.858337,16.283337,16.06539214972052,15.989246,16.145235,0.0,0.0,0.0
3844,16.07976480699743,15.864903,16.288622,16.06957257963197,15.993407,16.149437,0.0,0.0,0.0
3845,16.083368187644005,15.868712,16.292202,16.07375300954343,15.997567,16.153639,0.0,0.0,0.0
3846,16.08774378437706,15.873918,16.295883,16.077933439454878,16.001728,16.157839,0.0,0.0,0.0
3847,16.089975126696967,15.875835,16.297972,16.08211386936633,16.005888,16.16204,0.0,0.0,0.0
3848,16.09655690631103,15.883538,16.30374,16.08629429927779,16.010048,16.166243,0.0,0.0,0.0
3849,16.100685545987307,15.8873,16.308138,16.090474729189246,16.01421,16.170443,0.0,0.0,0.0
3850,16.10328985673559,15.88885,16.310654,16.0946551591007,16.01837,16.174644,0.0,0.0,0.0
3851,16.108198819087306,15.894625,16.314245,16.098835589012157,16.02253,16.178844,0.0,0.0,0.0
3852,16.11321233902366,15.900957,16.319021,16.10301601892361,16.026691,16.183046,0.0,0.0,0.0
3853,16.11881163155508,15.906062,16.325674,16.107196448835065,16.030851,16.187248,0.0,0.0,0.0
3854,16.124663316436052,15.911608,16.331879,16.111376878746523,16.035011,16.191448,0.0,0.0,0.0
3855,16.129256030203713,15.916234,16.335993,16.115557308657976,16.039173,16.19565,0.0,0.0,0.0
3856,16.134447557096372,15.921812,16.339539,16.119737738569434,16.043333,16.199852,0.0,0.0,0.0
3857,16.137349760548194,15.924979,16.34254,16.12391816848088,16.047495,16.204052,0.0,0.0,0.0
3858,16.141435684594555,15.929226,16.346706,16.12809859839234,16.051655,16.208254,0.0,0.0,0.0
3859,16.145304343481744,15.932197,16.351692,16.13227902830379,16.055815,16.212456,0.0,0.0,0.0
3860,16.15045295065457,15.937027,16.357803,16.13645945821525,16.059977,16.216656,0.0,0.0,0.0
3861,16.153314097650153,15.9392185,16.360592,16.140639888126707,16.064137,16.220858,0.0,0.0,0.0
3862,16.156788724872573,15.943419,16.36347,16.14482031803816,16.068296,16.22506,0.0,0.0,0.0
3863,16.159767245309588,15.946436,16.366568,16.14900074794961,16.072458,16.22926,0.0,0.0,0.0
3864,16.16139400787419,15.948271,16.367802,16.153181177861068,16.076618,16.233461,0.0,0.0,0.0
3865,16.16611270801261,15.95292,16.372492,16.157361607772526,16.080778,16.237661,0.0,0.0,0.0
3866,16.172671400552588,15.959055,16.379108,16.16154203768398,16.08494,16.241863,0.0,0.0,0.0
3867,16.17635854470587,15.963713,16.381851,16.165722467595426,16.0891,16.246065,0.0,0.0,0.0
3868,16.180218199613865,15.967573,16.386763,16.169902897506883,16.093262,16.250265,0.0,0.0,0.0
3869,16.185390788601662,15.973116,16.39139,16.17408332741834,16.097422,16.254467,0.0,0.0,0.0
3870,16.190745484402274,15.978609,16.396864,16.1782637573298,16.101582,16.258669,0.0,0.0,0.0
3871,16.194540645794877,15.982915,16.399786,16.182444187241252,16.105743,16.262869,0.0,0.0,0.0
3872,16.200683169825652,15.988643,16.40584,16.186624617152702,16.109903,16.26707,0.0,0.0,0.0
3873,16.205415342914197,15.993089,16.410215,16.19080504706416,16.114063,16.271273,0.0,0.0,0.0
3874,16.210632948219565,15.998138,16.415703,16.194985476975617,16.118225,16.275473,0.0,0.0,0.0
3875,16.21420129855256,16.00167,16.41852,16.199165906887067,16.122385,16.279675,0.0,0.0,0.0
3876,16.22117201865153,16.008251,16.424828,16.203346336798525,16.126545,16.283876,0.0,0.0,0.0
3877,16.225103120260854,16.012022,16.428377,16.20752676670998,16.130707,16.288076,0.0,0.0,0.0
3878,16.227838884941942,16.015284,16.430273,16.21170719662143,16.134867,16.292278,0.0,0.0,0.0
3879,16.23270884579405,16.017742,16.436432,16.215887626532886,16.139029,16.296478,0.0,0.0,0.0
3880,16.23722543072823,16.023424,16.440512,16.22006805644434,16.143188,16.30068,0.0,0.0,0.0
3881,16.24194158317174,16.028475,16.445715,16.224248486355794,16.147348,16.304882,0.0,0.0,0.0
3882,16.246902951186385,16.034416,16.449507,16.228428916267255,16.15151,16.309082,0.0,0.0,0.0
3883,16.252962654958022,16.039993,16.456003,16.23260934617871,16.15567,16.313284,0.0,0.0,0.0
3884,16.25680084944017,16.04372,16.461662,16.236789776090163,16.15983,16.317486,0.0,0.0,0.0
3885,16.260434468255013,16.048416,16.463547,16.240970206001617,16.163992,16.321686,0.0,0.0,0.0
3886,16.263539080993088,16.051739,16.465553,16.245150635913067,16.168152,16.325888,0.0,0.0,0.0
3887,16.26700760499423,16.05524,16.469643,16.249331065824528,16.172312,16.33009,0.0,0.0,0.0
3888,16.27099229966751,16.059889,16.472725,16.253511495735978,16.176474,16.33429,0.0,0.0,0.0
3889,16.274595471364474,16.062735,16.47774,16.25769192564744,16.180634,16.338491,0.0,0.0,0.0
3890,16.27786192713029,16.067234,16.48082,16.26187235555889,16.184793,16.342691,0.0,0.0,0.0
3891,16.282754671940015,16.072945,16.484707,16.266052785470343,16.188955,16.346893,0.0,0.0,0.0
3892,16.28906171655488,16.078428,16.4915,16.270233215381797,16.193115,16.351095,0.0,0.0,0.0
3893,16.29255626520806,16.081593,16.495434,16.274413645293258,16.197277,16.355295,0.0,0.0,0.0
3894,16.295173989135368,16.08362,16.49845,16.27859407520471,16.201437,16.359497,0.0,0.0,0.0
3895,16.298734678358265,16.088263,16.501402,16.282774505116162,16.205597,16.363699,0.0,0.0,0.0
3896,16.304657136882934,16.094538,16.507008,16.286954935027616,16.209759,16.367899,0.0,0.0,0.0
3897,16.308960162741613,16.098219,16.5109,16.29113536493907,16.213919,16.3721,0.0,0.0,0.0
3898,16.312390709033178,16.100882,16.514687,16.29531579485053,16.218079,16.376303,0.0,0.0,0.0
3899,16.319317073034874,16.107578,16.522467,16.29949622476198,16.22224,16.380503,0.0,0.0,0.0
3900,16.323423331381655,16.112635,16.52495,16.30367665467344,16.2264,16.384705,0.0,0.0,0.0
3901,16.32615964425472,16.114168,16.528948,16.307857084584892,16.23056,16.388906,0.0,0.0,0.0
3902,16.331323138942327,16.119286,16.534128,16.312037514496346,16.234722,16.393106,0.0,0.0,0.0
3903,16.335153593531157,16.122297,16.539417,16.3162179444078,16.238882,16.397308,0.0,0.0,0.0
3904,16.339380552305297,16.126099,16.543276,16.320398374319254,16.243044,16.401508,0.0,0.0,0.0
3905,16.342457837927636,16.129236,16.54564,16.324578804230708,16.247204,16.40571,0.0,0.0,0.0
3906,16.343108636132737,16.129782,16.546843,16.328759234142165,16.251364,16.409912,0.0,0.0,0.0
3907,16.3508797298427,16.136475,16.555107,16.332939664053622,16.255526,16.414112,0.0,0.0,0.0
3908,16.353413447767444,16.139893,16.557026,16.337120093965073,16.259686,16.418314,0.0,0.0,0.0
3909,16.35667371286174,16.142923,16.56037,16.341300523876523,16.263845,16.422516,0.0,0.0,0.0
3910,16.363551137584288,16.149887,16.566566,16.345480953787984,16.268007,16.426716,0.0,0.0,0.0
3911,16.367589983707365,16.153877,16.571209,16.349661383699438,16.272167,16.430918,0.0,0.0,0.0
3912,16.37184990974721,16.15834,16.575638,16.353841813610895,16.276327,16.43512,0.0,0.0,0.0
3913,16.377676697731047,16.164293,16.581686,16.35802224352235,16.280489,16.43932,0.0,0.0,0.0
3914,16.381365681220778,16.167894,16.587034,16.362202673433803,16.284649,16.443521,0.0,0.0,0.0
3915,16.386307352503604,16.17231,16.591099,16.366383103345257,16.288809,16.447723,0.0,0.0,0.0
3916,16.394998318122962,16.18048,16.600859,16.37056353325671,16.29297,16.451923,0.0,0.0,0.0
3917,16.3988597943519,16.183962,16.604876,16.374743963168164,16.29713,16.456125,0.0,0.0,0.0
3918,16.403150486951247,16.188288,16.609415,16.378924393079622,16.301292,16.460325,0.0,0.0,0.0
3919,16.408172110574526,16.194017,16.614777,16.383104822991076,16.305452,16.464527,0.0,0.0,0.0
3920,16.41478765042549,16.19955,16.621061,16.387285252902537,16.309612,16.468729,0.0,0.0,0.0
3921,16.418171612636357,16.202408,16.624548,16.39146568281399,16.313774,16.472929,0.0,0.0,0.0
3922,16.420165601910504,16.204576,16.62587,16.39564611272544,16.317934,16.47713,0.0,0.0,0.0
3923,16.42546414012337,16.210224,16.631388,16.399826542636895,16.322094,16.481333,0.0,0.0,0.0
3924,16.429049279722285,16.214787,16.634268,16.40400697254835,16.326256,16.485533,0.0,0.0,0.0
3925,16.432544890163612,16.218906,16.636877,16.408187402459806,16.330416,16.489735,0.0,0.0,0.0
3926,16.43611741458718,16.222908,16.640686,16.41236783237126,16.334576,16.493937,0.0,0.0,0.0
3927,16.441656271462627,16.227251,16.647104,16.416548262282713,16.338737,16.498137,0.0,0.0,0.0
3928,16.447962470514206,16.23351,16.653692,16.420728692194167,16.342897,16.502338,0.0,0.0,0.0
3929,16.450639281721557,16.236496,16.655827,16.424909122105625,16.34706,16.50654,0.0,0.0,0.0
3930,16.453577513006795,16.239584,16.657812,16.42908955201708,16.35122,16.51074,0.0,0.0,0.0
3931,16.456114398772566,16.24194,16.660696,16.433269981928536,16.35538,16.514942,0.0,0.0,0.0
3932,16.45787223884647,16.243748,16.66221,16.437450411839986,16.35954,16.519142,0.0,0.0,0.0
3933,16.460438856152663,16.245874,16.665464,16.441630841751444,16.3637,16.523344,0.0,0.0,0.0
3934,16.462546934148886,16.247795,16.667294,16.445811271662897,16.36786,16.527546,0.0,0.0,0.0
3935,16.46466684521285,16.249807,16.66953,16.449991701574348,16.372023,16.531746,0.0,0.0,0.0
3936,16.472807365187712,16.2595,16.676577,16.454172131485805,16.376183,16.535948,0.0,0.0,0.0
3937,16.475166165941864,16.261585,16.680012,16.45835256139726,16.380342,16.54015,0.0,0.0,0.0
3938,16.479540312288282,16.265574,16.684416,16.462532991308716,16.384504,16.54435,0.0,0.0,0.0
3939,16.486354118143982,16.272568,16.689844,16.466713421220174,16.388664,16.548552,0.0,0.0,0.0
3940,16.489638827094968,16.277443,16.692303,16.470893851131628,16.392826,16.552753,0.0,0.0,0.0
3941,16.49198194901509,16.27975,16.695051,16.475074281043078,16.396986,16.556953,0.0,0.0,0.0
3942,16.49441802777553,16.282337,16.698145,16.479254710954535,16.401146,16.561155,0.0,0.0,0.0
3943,16.50077821240289,16.289135,16.704369,16.48343514086599,16.405308,16.565357,0.0,0.0,0.0
3944,16.50592275496783,16.295046,16.708717,16.487615570777447,16.409468,16.569557,0.0,0.0,0.0
3945,16.508666619386545,16.298141,16.711193,16.4917960006889,16.413628,16.57376,0.0,0.0,0.0
3946,16.512802505196074,16.300795,16.715355,16.495976430600354,16.41779,16.57796,0.0,0.0,0.0
3947,16.517970749609113,16.304613,16.721745,16.500156860511808,16.42195,16.58216,0.0,0.0,0.0
3948,16.523281190504257,16.310904,16.72775,16.504337290423265,16.42611,16.586363,0.0,0.0,0.0
3949,16.528830586960154,16.316269,16.73368,16.508517720334723,16.430271,16.590563,0.0,0.0,0.0
3950,16.53324080856155,16.31929,16.737707,16.512698150246173,16.434431,16.594765,0.0,0.0,0.0
3951,16.536853001861417,16.323128,16.740313,16.516878580157627,16.438591,16.598967,0.0,0.0,0.0
3952,16.54184886816166,16.32897,16.74538,16.521059010069084,16.442753,16.603167,0.0,0.0,0.0
3953,16.545947214374802,16.33326,16.749847,16.525239439980535,16.446913,16.607368,0.0,0.0,0.0
3954,16.548888802205614,16.336256,16.753292,16.529419869891992,16.451075,16.61157,0.0,0.0,0.0
3955,16.553592243708337,16.341038,16.757328,16.533600299803442,16.455235,16.61577,0.0,0.0,0.0
3956,16.55753747262168,16.345856,16.76024,16.537780729714896,16.459394,16.619972,0.0,0.0,0.0
3957,16.56132159067867,16.350693,16.763962,16.54196115962635,16.463556,16.624172,0.0,0.0,0.0
3958,16.564428931517902,16.354185,16.76703,16.54614158953781,16.467716,16.628374,0.0,0.0,0.0
3959,16.56719669933843,16.357008,16.76949,16.550322019449265,16.471876,16.632576,0.0,0.0,0.0
3960,16.571109488161106,16.360731,16.773819,16.55450244936072,16.476038,16.636776,0.0,0.0,0.0
3961,16.575762071427157,16.36452,16.779015,16.558682879272173,16.480198,16.640978,0.0,0.0,0.0
3962,16.580275924509543,16.369741,16.782984,16.56286330918363,16.484358,16.64518,0.0,0.0,0.0
3963,16.58641992788942,16.375748,16.788689,16.567043739095084,16.48852,16.64938,0.0,0.0,0.0
3964,16.590212012909078,16.378983,16.792608,16.571224169006538,16.49268,16.653582,0.0,0.0,0.0
3965,16.59515807752046,16.383717,16.798632,16.57540459891799,16.496841,16.657784,0.0,0.0,0.0
3966,16.597969805519693,16.38709,16.800627,16.579585028829445,16.501001,16.661983,0.0,0.0,0.0
3967,16.600719463703932,16.389156,16.80448,16.583765458740903,16.505161,16.666185,0.0,0.0,0.0
3968,16.606972727681086,16.39527,16.811178,16.587945888652353,16.509323,16.670387,0.0,0.0,0.0
3969,16.609424053473635,16.397766,16.81378,16.59212631856381,16.513483,16.674587,0.0,0.0,0.0
3970,16.617417499753575,16.405771,16.82178,16.596306748475264,16.517643,16.67879,0.0,0.0,0.0
3971,16.622635672355674,16.41051,16.827272,16.60048717838672,16.521805,16.68299,0.0,0.0,0.0
3972,16.628158182935543,16.41524,16.832596,16.604667608298175,16.525965,16.687191,0.0,0.0,0.0
3973,16.632659640434785,16.420662,16.836498,16.608848038209626,16.530125,16.691393,0.0,0.0,0.0
3974,16.640568824843893,16.429222,16.844025,16.613028468121083,16.534286,16.695593,0.0,0.0,0.0
3975,16.643635638515573,16.432646,16.846952,16.61720889803254,16.538446,16.699795,0.0,0.0,0.0
3976,16.64954823325531,16.43915,16.85215,16.621389327943998,16.542608,16.703997,0.0,0.0,0.0
3977,16.65542809307232,16.444178,16.857964,16.625569757855455,16.546768,16.708197,0.0,0.0,0.0
3978,16.661401672380247,16.45055,16.863438,16.629750187766906,16.550928,16.712399,0.0,0.0,0.0
3979,16.666637128450716,16.456718,16.868706,16.633930617678363,16.55509,16.7166,0.0,0.0,0.0
3980,16.67228926764241,16.462847,16.874187,16.638111047589817,16.55925,16.7208,0.0,0.0,0.0
3981,16.675441860517665,16.466938,16.876978,16.64229147750127,16.56341,16.725002,0.0,0.0,0.0
3982,16.67903806690397,16.470165,16.880379,16.646471907412728,16.567572,16.729204,0.0,0.0,0.0
3983,16.683651903738408,16.474834,16.884415,16.650652337324182,16.571732,16.733404,0.0,0.0,0.0
3984,16.688510441954826,16.478558,16.890144,16.65483276723563,16.575891,16.737606,0.0,0.0,0.0
3985,16.69211524969349,16.483728,16.893034,16.65901319714709,16.580053,16.741806,0.0,0.0,0.0
3986,16.695536194941518,16.486189,16.897202,16.66319362705854,16.584213,16.746008,0.0,0.0,0.0
3987,16.700508082943326,16.492683,16.901175,16.66737405697,16.588373,16.75021,0.0,0.0,0.0
3988,16.705031311985074,16.496038,16.906609,16.671554486881455,16.592535,16.75441,0.0,0.0,0.0
3989,16.712396716931902,16.50288,16.913807,16.67573491679291,16.596695,16.758612,0.0,0.0,0.0
3990,16.71641811696386,16.506989,16.918291,16.679915346704366,16.600857,16.762814,0.0,0.0,0.0
3991,16.718606820836513,16.50869,16.920279,16.68409577661582,16.605017,16.767014,0.0,0.0,0.0
3992,16.72159679000655,16.511328,16.923828,16.688276206527274,16.609177,16.771215,0.0,0.0,0.0
3993,16.726271661894927,16.515474,16.928974,16.692456636438724,16.613338,16.775417,0.0,0.0,0.0
3994,16.730794810529314,16.51954,16.933622,16.69663706635018,16.617498,16.779617,0.0,0.0,0.0
3995,16.73418451586368,16.523256,16.938364,16.70081749626163,16.621658,16.78382,0.0,0.0,0.0
3996,16.7374505206101,16.526205,16.941212,16.704997926173096,16.62582,16.788021,0.0,0.0,0.0
3997,16.741759202496358,16.530771,16.945053,16.709178356084543,16.62998,16.792221,0.0,0.0,0.0
3998,16.747673522203538,16.536112,16.95219,16.713358785996004,16.63414,16.796423,0.0,0.0,0.0
3999,16.753579911192965,16.542093,16.958256,16.717539215907454,16.638302,16.800623,0.0,0.0,0.0
4000,16.757696857379745,16.547096,16.9621,16.72171964581891,16.642462,16.804825,0.0,0.0,0.0
