horizon,raw_mean,raw_ci_lower,raw_ci_upper,centered_mean,centered_ci_lower,centered_ci_upper
1,0.04394326465126034,0.039605986,0.048310205,-0.001428899140963249,-0.0057666246,0.002955056
2,0.09037120767583784,0.08398374,0.09663502,-0.00018003813795348055,-0.0065350453,0.006062932
3,0.13357019760540914,0.1253978,0.14204124,-0.002258379345617171,-0.010523744,0.0061401306
4,0.17496630271459013,0.16651812,0.18386148,-0.0061780457786216785,-0.0146844555,0.0027043268
5,0.22314622839975334,0.21075857,0.23716174,-0.0030612749639199297,-0.015505025,0.010940866
6,0.2710098245981088,0.25702706,0.28614378,-0.00040801041477147145,-0.014286408,0.0147091625
7,0.31791078974699344,0.302785,0.33380765,0.0010615189929454529,-0.01412145,0.017154805
8,0.3618215240204312,0.3454263,0.3787121,-0.0005970043746235458,-0.016487202,0.016458461
9,0.4143885086002936,0.39862472,0.43046743,0.006559286595964382,-0.008504818,0.022720352
10,0.4549630245748205,0.43801162,0.47125044,0.0016976177514933346,-0.014476358,0.018233119
11,0.5015041250679104,0.48318657,0.5191557,0.0027153604752084845,-0.014202118,0.020565145
12,0.5450149037439174,0.52861035,0.56124234,0.0011294450834790776,-0.014706834,0.017701667
13,0.5867632293673064,0.5711445,0.60245544,-0.002362266945412225,-0.017630858,0.013769557
14,0.6295568732983429,0.6147572,0.6442167,-0.005046914961067276,-0.01935719,0.009992562
15,0.6765977518574723,0.6591372,0.6938247,-0.003321275015111508,-0.020662988,0.01430501
16,0.7191542977397289,0.69983304,0.7383013,-0.00606544841196151,-0.025254421,0.013225467
17,0.7630283150836942,0.74399865,0.7821933,-0.007698406149469286,-0.026808966,0.01140069
18,0.8138519447457336,0.7926163,0.8344749,-0.0020907706180003077,-0.023202157,0.018478438
19,0.8563292859147437,0.83417296,0.8779967,-0.005191560063811179,-0.027038136,0.01672716
20,0.9029394577073827,0.87993914,0.9253418,-0.00409427452596081,-0.026932659,0.018206699
21,0.9498670277196567,0.9260825,0.9732564,-0.0024646995513718686,-0.026128227,0.021013726
22,0.9961673161457352,0.9718525,1.020777,-0.0015210241004851518,-0.025532376,0.022476764
23,1.0382928388142458,1.0144821,1.0622475,-0.0046210724698610844,-0.027795786,0.0190524
24,1.085548511035458,1.0638021,1.1069794,-0.002827959855898357,-0.023802064,0.018915648
25,1.1333126458755198,1.1127154,1.1532577,-0.00030725056114799045,-0.020617891,0.019997535
26,1.180352444354907,1.1589464,1.2015857,0.0013311607804722824,-0.019595163,0.022956317
27,1.226397578273461,1.2039431,1.2487185,0.0020725234999900365,-0.019810336,0.024638865
28,1.2674277778749472,1.2446687,1.290321,-0.00236889601795326,-0.024934588,0.020856917
29,1.3169946880122465,1.2906736,1.3432027,0.0021745012053256945,-0.023846814,0.028369246
30,1.3616083801238177,1.3348076,1.3882537,0.001602641997889123,-0.024781251,0.028275061
31,1.4070357803958509,1.3787334,1.4355711,0.001586432034211674,-0.026673818,0.029956503
32,1.459500272345662,1.4305722,1.4883305,0.008849867201785148,-0.020101996,0.03726526
33,1.507471933271051,1.4778622,1.5369216,0.011767599319473777,-0.01731759,0.041094832
34,1.5512416006672785,1.5214801,1.5815827,0.010376904312384494,-0.019371685,0.04043578
35,1.5955396492199012,1.5626308,1.6278521,0.009449195027499857,-0.022806164,0.04167419
36,1.63804217459473,1.6065893,1.6697432,0.006640884447693759,-0.024020586,0.03759395
37,1.6862695869153148,1.6534982,1.7192459,0.009246140125798401,-0.022509677,0.041426145
38,1.7308672459818124,1.6960667,1.7656664,0.00829834632842623,-0.025352113,0.042348374
39,1.7789247986087657,1.7418605,1.8159192,0.011227009777301705,-0.024790214,0.04781009
40,1.8248198635111756,1.7872015,1.8624651,0.011847113166675076,-0.02463075,0.048768416
41,1.8725661897403845,1.8354094,1.909776,0.01412794487564554,-0.022244008,0.05115987
42,1.9205481412610212,1.8823552,1.9591202,0.017141790528486252,-0.02019488,0.05502242
43,1.9652876154068957,1.9255198,2.005707,0.016683413306397443,-0.021398112,0.05582555
44,2.013929929220913,1.9728788,2.05532,0.020061884469738236,-0.01947798,0.060491536
45,2.0576496453912587,2.016121,2.0999956,0.018450194859981714,-0.021927161,0.059781533
46,2.105413276379612,2.0614152,2.1499658,0.02088679142190986,-0.021978494,0.06384753
47,2.1495978098071387,2.1066854,2.192721,0.01955259989359271,-0.022347305,0.06161888
48,2.192315189788334,2.1482222,2.23627,0.017167128255871723,-0.025684614,0.059470695
49,2.237696970689218,2.1941524,2.2814434,0.017068516999305703,-0.025704136,0.059182394
50,2.284986754974889,2.24,2.329629,0.019030712395424577,-0.024699923,0.063173324
51,2.33582695958046,2.2899601,2.3805876,0.024910767012753816,-0.019715263,0.069130026
52,2.3792743730765364,2.3332238,2.4242294,0.02285607929889628,-0.0215641,0.067023635
53,2.4205084182704124,2.3746228,2.4659543,0.019029221743671648,-0.02568772,0.06322434
54,2.462537143854168,2.4164267,2.5077684,0.01606608747507319,-0.02845726,0.060614686
55,2.5098361373592017,2.4636056,2.554977,0.01822021891279605,-0.026873793,0.062940896
56,2.5566065513253724,2.5107126,2.6010263,0.019591714637400115,-0.025601044,0.064012714
57,2.6007324999097188,2.5545936,2.6457539,0.01857501954693024,-0.026039539,0.06323693
58,2.6522008581881793,2.6053135,2.6977265,0.024820360242582436,-0.021035142,0.06987421
59,2.6971032079860255,2.6488316,2.7437236,0.024449649274622468,-0.022857951,0.07072351
60,2.7415027784920913,2.692503,2.7905338,0.02379958644876614,-0.023957364,0.072110966
61,2.7909467787697095,2.7427197,2.8385606,0.027920038353223642,-0.018934194,0.07538323
62,2.8377656738519974,2.7889814,2.8850105,0.029320784998954564,-0.017998198,0.07697637
63,2.8813732431703456,2.8336916,2.9278803,0.027358464682923498,-0.018672748,0.07353901
64,2.9312075597008436,2.8844109,2.9777384,0.031954714624477305,-0.013094712,0.07805261
65,2.9728248643560518,2.9263783,3.0194416,0.0283977702799925,-0.016946929,0.074457064
66,3.019549488007804,2.9728975,3.0666547,0.030090163280299467,-0.015341315,0.0767984
67,3.069597224325811,3.0217335,3.117598,0.034755396727312586,-0.011346112,0.083144516
68,3.1110376920626805,3.06257,3.1593056,0.03101354836115202,-0.015094403,0.07923198
69,3.1601017645446223,3.11217,3.2076135,0.034615344607423104,-0.011664755,0.082507566
70,3.207630540486325,3.1611645,3.2536511,0.03667222037893479,-0.009121014,0.08275324
71,3.2511044170735244,3.2048814,3.2970932,0.03464804855120132,-0.010389541,0.08038005
72,3.2951134441997945,3.2498016,3.340718,0.033251148883888755,-0.010679906,0.07851139
73,3.339679807756918,3.2939863,3.3860586,0.032329702175512114,-0.012204758,0.07799843
74,3.3861749186076557,3.338646,3.4346614,0.0333275469710236,-0.012179735,0.08093478
75,3.4323159176005857,3.3854194,3.4798317,0.03402749678973005,-0.011679998,0.08127424
76,3.4772141080064114,3.4312367,3.523959,0.033795994274846725,-0.011193464,0.08017299
77,3.5222763253937375,3.4764807,3.568745,0.03378861666282655,-0.010903645,0.08014158
78,3.569073302617922,3.522123,3.616753,0.035316699014139814,-0.009931867,0.08288914
79,3.6158621235302624,3.568919,3.663605,0.03691260328864686,-0.00930013,0.08507924
80,3.66125580014038,3.6153865,3.708378,0.036810243340924836,-0.008140431,0.08401362
81,3.7067779709328827,3.6606016,3.7542624,0.03711081702962159,-0.0078195715,0.08411923
82,3.7533314895997925,3.7068226,3.8013504,0.03815369010443271,-0.007514063,0.08544166
83,3.799630997943886,3.7508864,3.8494055,0.03917093174704488,-0.0083719175,0.088649
84,3.8453884098022404,3.7946806,3.8980432,0.039335813077368095,-0.010143083,0.0913776
85,3.893113350771513,3.8434544,3.9445863,0.04174768010285108,-0.0073681823,0.093227826
86,3.9397373129137647,3.888924,3.9915392,0.042749200669605594,-0.0069132815,0.09514409
87,3.988695865929208,3.9371789,4.0412855,0.04641796928169219,-0.0041756253,0.09997145
88,4.037696358454115,3.985395,4.091233,0.04983252448413622,-0.0016684147,0.10386643
89,4.079060670025532,4.026391,4.132195,0.04615990494816788,-0.004989796,0.09957201
90,4.1209588759695475,4.0686307,4.173409,0.04272580442716191,-0.0072987694,0.095403895
91,4.165151431085539,4.112891,4.2177997,0.04184148936912582,-0.008422967,0.09433966
92,4.209939499005918,4.1569343,4.262868,0.04129941752101571,-0.009882856,0.09438126
93,4.253174277897371,4.1990786,4.3070583,0.0394681368628499,-0.013138319,0.09350919
94,4.302353390157624,4.2475348,4.3567586,0.04322130047050097,-0.010093919,0.09742416
95,4.345407401798268,4.290528,4.399939,0.04103196571612758,-0.012722792,0.094835386
96,4.39011640446834,4.3354235,4.4440536,0.04033299085780335,-0.013030181,0.0938798
97,4.435650984503005,4.3791337,4.4918222,0.04043217380826365,-0.014334312,0.09625771
98,4.48154397645491,4.4243007,4.5384583,0.04117077652183597,-0.014395233,0.09733767
99,4.5206786869967415,4.463996,4.576927,0.03531080264995454,-0.020324139,0.09066506
100,4.571013854954569,4.513121,4.6288376,0.040232026558744284,-0.01642833,0.09710147
101,4.613622371025342,4.554506,4.673118,0.037824531322014264,-0.020198928,0.09592661
102,4.6561431534494515,4.596475,4.715907,0.03478484800257597,-0.023317767,0.09271332
103,4.699696584002186,4.639797,4.7595267,0.03305278082263351,-0.02519368,0.091637835
104,4.741565415935246,4.6817193,4.801631,0.029909862217923643,-0.028801955,0.08886572
105,4.785540135655248,4.7261553,4.8442726,0.028730361048095183,-0.028680477,0.08649639
106,4.8292094431434,4.7686133,4.8891478,0.027094257256143013,-0.031978346,0.08608616
107,4.87065410767896,4.8089128,4.9310236,0.0231094969028666,-0.03735908,0.08324482
108,4.916417033397794,4.853008,4.979227,0.02338692060468261,-0.038873117,0.08594372
109,4.963342437146074,4.900221,5.026415,0.025002363697348474,-0.038211543,0.08626245
110,5.01373944471271,4.9490547,5.077663,0.029937444201487574,-0.03505581,0.093759604
111,5.0587266023033965,4.9934583,5.1228476,0.029454410300765718,-0.036160864,0.09310336
112,5.107347092384619,5.0437174,5.1695237,0.03283611460963718,-0.030307949,0.09427457
113,5.144991801824005,5.082066,5.207034,0.024783972681978742,-0.037415497,0.08574346
114,5.190363117777095,5.1274414,5.25253,0.02461270730813781,-0.03817019,0.085499465
115,5.242729916996483,5.1816096,5.3041754,0.031712485214610196,-0.02904286,0.091813415
116,5.290172110942635,5.228259,5.3511944,0.0336862432732933,-0.027095797,0.09397733
117,5.3351560652253,5.2716556,5.398099,0.03335052377490628,-0.02874792,0.095758036
118,5.380544338334398,5.318253,5.442661,0.03338756536221968,-0.027763065,0.095257126
119,5.422744778761876,5.359272,5.4858303,0.03024098657418716,-0.032304887,0.09304147
120,5.470241452807783,5.40737,5.5342736,0.03240090830800158,-0.03035146,0.096447706
121,5.515689728516363,5.450209,5.582675,0.03282369902784355,-0.03247304,0.10023802
122,5.563962433382896,5.4988065,5.630509,0.03575897445388496,-0.029224733,0.10254371
123,5.604332784923934,5.5391808,5.670636,0.031032070833714356,-0.033452813,0.097754285
124,5.642684624508119,5.5766315,5.709855,0.023980258828828482,-0.041286405,0.09149854
125,5.6861007318445695,5.618491,5.7563195,0.022132651830699134,-0.044607166,0.0916804
126,5.7361131002275165,5.667555,5.8056703,0.02682010074198573,-0.04069235,0.0964691
127,5.780607246336121,5.710943,5.851518,0.02589057130162228,-0.04332976,0.097132914
128,5.82771973809362,5.757817,5.899362,0.027681325063115634,-0.041211985,0.099473625
129,5.872847197572176,5.803198,5.9435053,0.027460990848263037,-0.04218614,0.099398494
130,5.919658052609421,5.849826,5.990308,0.029017732341034472,-0.040822152,0.10044262
131,5.969105508281157,5.898494,6.0402484,0.033247393394836566,-0.035902377,0.104498945
132,6.017592683067929,5.9477463,6.087404,0.036381016700734924,-0.03267714,0.10760247
133,6.067960482190364,5.997937,6.1382995,0.041467531487362326,-0.027793799,0.1130648
134,6.110729563039914,6.040098,6.18125,0.03905548453898663,-0.030355517,0.10983274
135,6.164244405085684,6.091793,6.236225,0.04718041107786485,-0.02493293,0.11948605
136,6.211127946542926,6.137846,6.2846317,0.048874685554600165,-0.024141291,0.122995436
137,6.258491570816108,6.184511,6.3315697,0.05081603189383048,-0.02184347,0.124179356
138,6.302733961856532,6.2275825,6.376877,0.049585534995537195,-0.024596086,0.12465981
139,6.35243719742262,6.2767572,6.426302,0.05386392868079335,-0.021115957,0.12809902
140,6.394913070435168,6.3191757,6.468904,0.05081135307780004,-0.024819419,0.12541945
141,6.4397551611309645,6.3662395,6.5123425,0.05045537427067417,-0.0231599,0.12350181
142,6.4842318788828495,6.409316,6.558271,0.04972449888180554,-0.025204057,0.12462759
143,6.5323194982127175,6.4573617,6.6062007,0.0527205919475022,-0.022351723,0.12821643
144,6.576371341576644,6.501047,6.650514,0.05142020495175528,-0.02417596,0.12634763
145,6.621046961063971,6.545191,6.696306,0.050726141315078195,-0.0248995,0.127054
146,6.67117217364603,6.593085,6.749241,0.05566603012192187,-0.022705529,0.13482814
147,6.713603748026058,6.636935,6.7907844,0.05295085248798774,-0.024137981,0.13071166
148,6.7597763722572735,6.6823688,6.836354,0.05379108207356082,-0.024011813,0.13100417
149,6.803127312351068,6.7254987,6.8818617,0.05179931659563643,-0.027115311,0.13047518
150,6.840769320474502,6.7623577,6.9200315,0.04398618100303413,-0.03569785,0.12293554
151,6.88697626257849,6.808233,6.967173,0.04481245029651267,-0.035370965,0.12433986
152,6.931673777077483,6.852476,7.0120354,0.044101703985935284,-0.036768373,0.12467629
153,6.971119621800418,6.8914886,7.050785,0.03845994398548856,-0.041785307,0.11884686
154,7.0140605264958,6.93398,7.0940137,0.03622072184962694,-0.044792864,0.11690951
155,7.060812124426849,6.982136,7.139558,0.037659249108769964,-0.042795338,0.117289856
156,7.104765320371012,7.0250597,7.1841846,0.03611970480053644,-0.0451637,0.11629754
157,7.149310814929078,7.069007,7.22892,0.035549654343361076,-0.045125358,0.11541956
158,7.190594876941881,7.110608,7.269966,0.03143704275081146,-0.050164312,0.111141056
159,7.240312566074807,7.1604643,7.319222,0.03550832983852932,-0.045235597,0.11450892
160,7.285039854468763,7.205809,7.363706,0.03483263079321221,-0.044867218,0.11313505
161,7.329514994015281,7.2505198,7.408184,0.03408004589873306,-0.04509822,0.1124142
162,7.371687139572544,7.292501,7.4506445,0.03119597594252138,-0.047533248,0.11002969
163,7.4171955799993,7.3371415,7.4970846,0.031539941535998546,-0.04899252,0.11136819
164,7.45762894931553,7.3761406,7.5389113,0.026479083361102884,-0.055614866,0.107791394
165,7.503504559130359,7.4222417,7.5848017,0.02707188789022915,-0.054946356,0.107928865
166,7.543561621671953,7.46174,7.6251593,0.021568892701347733,-0.0612084,0.10280077
167,7.587946361877403,7.505629,7.6689496,0.020371243684179894,-0.06338464,0.10076892
168,7.630651863829284,7.54946,7.7105474,0.017662968498635096,-0.063858196,0.09715543
169,7.677310677817924,7.597455,7.7567906,0.01888409166734096,-0.06153613,0.097362906
170,7.7236712351340895,7.643218,7.803653,0.019904932492646705,-0.0606869,0.09905758
171,7.767784355399955,7.6878276,7.8466244,0.01857807950179915,-0.06155183,0.096781544
172,7.815687419314005,7.735113,7.8956866,0.021254722206254552,-0.060419403,0.10038619
173,7.8593517677571985,7.7818913,7.9367723,0.019575933437464707,-0.05895094,0.09637026
174,7.902057649458249,7.824845,7.978857,0.016902957761901895,-0.06091096,0.09288476
175,7.9448909500975615,7.8675456,8.0227585,0.014325157790135086,-0.06346631,0.09133616
176,7.987228026421421,7.9082985,8.066135,0.011112627186998542,-0.06777043,0.08965644
177,8.03477831660583,7.956475,8.114028,0.01347781390219821,-0.0652043,0.09146249
178,8.078234664259538,7.9981833,8.159928,0.011734517611436948,-0.06849075,0.09116043
179,8.124023592821034,8.044999,8.204236,0.012028939567539532,-0.06775184,0.09053611
180,8.168457056615242,8.087986,8.24939,0.010865032227306693,-0.0702285,0.09021521
181,8.214008104761964,8.134214,8.295632,0.010987860147337125,-0.06970145,0.09016771
182,8.260306698742909,8.179809,8.342355,0.011904999251378057,-0.068302445,0.09150268
183,8.307522769248646,8.226742,8.390595,0.013773705883613294,-0.06679425,0.09477961
184,8.34946292430926,8.267925,8.433077,0.010584038049202682,-0.07033448,0.091370374
185,8.400197436561461,8.317474,8.484411,0.01610776744258208,-0.06520933,0.098393165
186,8.448291006593793,8.366035,8.532058,0.018851194655147178,-0.062340815,0.10103206
187,8.48837085867562,8.405748,8.5722275,0.013578619545454985,-0.068182,0.095489
188,8.53013566465073,8.4468155,8.615237,0.010090124339936005,-0.072169155,0.092467554
189,8.5757330637159,8.493236,8.65994,0.010381412189991857,-0.0707389,0.09172054
190,8.623164550719252,8.540844,8.707177,0.012372729725748271,-0.06883104,0.09451974
191,8.667084581863826,8.582336,8.753576,0.010964597206632669,-0.07216961,0.09568588
192,8.714467148102695,8.629531,8.801196,0.013203554736995252,-0.07003395,0.09820889
193,8.76464622156312,8.682127,8.85047,0.01823102659737683,-0.06280798,0.10244012
194,8.810467361151211,8.726687,8.89626,0.018922577484797625,-0.063201606,0.10371095
195,8.855584542344939,8.772595,8.940221,0.01885001381593322,-0.062321912,0.10290645
196,8.905760482246226,8.821831,8.991384,0.02370690133490279,-0.05881076,0.108472735
197,8.947200333184874,8.862119,9.033226,0.0198384051211734,-0.064175665,0.10566362
198,8.995966280788702,8.911487,9.081716,0.02301964786299898,-0.06006004,0.10836229
199,9.03747813107617,8.954472,9.122175,0.01919438088610464,-0.062685825,0.10372673
200,9.080531210372659,8.9973755,9.165155,0.017115002774686496,-0.064892925,0.10192684
201,9.125536485354987,9.041476,9.2117195,0.017175509980042473,-0.06581884,0.10320146
202,9.168469291872126,9.082837,9.255032,0.014524912211074352,-0.06980176,0.10087023
203,9.207823645210633,9.121986,9.294197,0.008516214265955835,-0.07533822,0.094485916
204,9.251480868994939,9.166918,9.336681,0.0067501018482715265,-0.07583316,0.09244269
205,9.296796865677319,9.212181,9.381376,0.006886679911333566,-0.076258965,0.091137104
206,9.338891722001797,9.254756,9.422879,0.003619467643001138,-0.07881013,0.086831264
207,9.38571765843216,9.303032,9.468241,0.005108177581628755,-0.075503044,0.08683104
208,9.428335131394094,9.344729,9.511816,0.0023890845858611535,-0.07970056,0.08554709
209,9.47158093043049,9.387878,9.554733,0.00045136390566100174,-0.081971824,0.083680816
210,9.516525472830534,9.433752,9.599024,-9.607459153941992e-05,-0.081265025,0.08330181
211,9.559995163568415,9.477123,9.642532,-0.0018455871642374237,-0.08372267,0.080766045
212,9.603867169487442,9.521187,9.686679,-0.003294039076960679,-0.08565848,0.0797462
213,9.649220149909151,9.568235,9.731247,-0.0034104335130611656,-0.08472509,0.0790366
214,9.691686578861152,9.609443,9.774309,-0.006035176716109929,-0.08854272,0.07736734
215,9.737975766271692,9.655805,9.820402,-0.005095203562426109,-0.0877737,0.077548236
216,9.781644366886432,9.699863,9.863505,-0.006787721686099305,-0.08767088,0.07516569
217,9.823795074826139,9.742816,9.905019,-0.009811319972405292,-0.09059203,0.071819045
218,9.870318780063466,9.789682,9.952012,-0.008388639526978893,-0.088522784,0.07322533
219,9.91634637378886,9.834327,9.999873,-0.007525998173907771,-0.0887058,0.074715234
220,9.957913946914726,9.875211,10.042416,-0.01135306033658724,-0.09291662,0.072477534
221,10.003637818481696,9.920147,10.08707,-0.010902701925012767,-0.09286456,0.073038004
222,10.05012340318442,9.966139,10.133995,-0.009730001442498618,-0.091437526,0.07358618
223,10.094165417637761,10.010889,10.176673,-0.011096382510848069,-0.091816776,0.07074178
224,10.139044898114372,10.057358,10.220098,-0.011487960947100775,-0.09110647,0.069726005
225,10.188929615081275,10.107513,10.270897,-0.006933948243601039,-0.08709304,0.07402334
226,10.231631852888126,10.14877,10.314369,-0.009453582472316063,-0.091256715,0.072499305
227,10.279188613423248,10.196484,10.363035,-0.0074599470780604095,-0.08944589,0.0756383
228,10.325879267700333,10.242983,10.409407,-0.005836234625073056,-0.0868453,0.07724201
229,10.37098032196141,10.288057,10.454643,-0.005855781545453032,-0.08785723,0.07740371
230,10.415346726619655,10.33181,10.500296,-0.007125340261885891,-0.08936088,0.07662815
231,10.46245492349661,10.377703,10.548234,-0.005218534725598941,-0.089191265,0.08013219
232,10.50444672736439,10.417789,10.592654,-0.008714939008223567,-0.09460097,0.07900935
233,10.547135114515365,10.461236,10.634388,-0.011386024477297163,-0.09658981,0.075139314
234,10.592812446037934,10.507011,10.6795845,-0.011039593314876858,-0.09608845,0.074635856
235,10.63685184433592,10.551175,10.723282,-0.01242822552256496,-0.09777011,0.072581835
236,10.68188172323249,10.595754,10.769083,-0.012522822008266012,-0.09817536,0.07407005
237,10.726071050020293,10.639345,10.813304,-0.013665400856524686,-0.099810444,0.07354522
238,10.772654714022073,10.686621,10.858635,-0.012285975775857211,-0.09783305,0.07413788
239,10.814128742748483,10.728518,10.900589,-0.016177858772992937,-0.10084977,0.070449
240,10.858412586776966,10.774787,10.943078,-0.01753413009297802,-0.100663275,0.06720924
241,10.90038676158868,10.816167,10.985436,-0.020708624241271394,-0.10467195,0.06451711
242,10.949512650133054,10.865636,11.034527,-0.016698938002975703,-0.099906266,0.06819184
243,10.992141381809278,10.908113,11.078041,-0.019303797948825977,-0.103075184,0.0666078
244,11.03799211134116,10.953828,11.1242285,-0.019041702021982625,-0.10337238,0.06669171
245,11.0826807393208,10.99653,11.169849,-0.01973534645581388,-0.105582565,0.06715927
246,11.124983271126963,11.039976,11.21074,-0.022716923485541773,-0.10741258,0.06338195
247,11.16710600746284,11.082087,11.252801,-0.0258595384410365,-0.11083198,0.059478424
248,11.216653643495373,11.132045,11.30177,-0.021350375834129465,-0.1058707,0.06305306
249,11.263018074232821,11.178629,11.348448,-0.020308417626871248,-0.105448745,0.06521234
250,11.30828544976781,11.225884,11.391866,-0.020289823074361557,-0.10231204,0.062970586
251,11.355614400221672,11.273558,11.437398,-0.018257357894009594,-0.10048603,0.0638632
252,11.40025128925207,11.321177,11.480012,-0.01920090011277893,-0.09794331,0.060872924
253,11.444161232161385,11.364319,11.524513,-0.020686068388199533,-0.10030221,0.05972294
254,11.486041326282406,11.405222,11.566958,-0.024144151731946995,-0.10508021,0.056819
255,11.53347361264603,11.452158,11.615253,-0.022031290012359643,-0.10340413,0.059857126
256,11.578835309795322,11.49579,11.661996,-0.02204691046289292,-0.10463312,0.06125671
257,11.625218096257857,11.541467,11.708719,-0.020965008041189986,-0.104179986,0.062679656
258,11.672210353679414,11.587804,11.756891,-0.019214393249775145,-0.10300777,0.06548801
259,11.71718229890919,11.632116,11.801519,-0.01947597588157035,-0.10388169,0.06486106
260,11.760931436968333,11.675334,11.846537,-0.02093433755980107,-0.10565191,0.06408214
261,11.806558679226145,11.722048,11.8913965,-0.020783797548332834,-0.10427342,0.06463139
262,11.854272841964745,11.76901,11.939494,-0.01846669202099415,-0.10225765,0.067837104
263,11.902432301660362,11.81809,11.987315,-0.015648459401493727,-0.09832627,0.06955065
264,11.949797212469855,11.867511,12.032815,-0.013513527814684666,-0.093999065,0.07040356
265,11.993589059365254,11.911848,12.0764265,-0.01492736218112158,-0.094957,0.06890924
266,12.044861162892637,11.961716,12.129021,-0.008913233312971381,-0.090551056,0.076031
267,12.090711255711794,12.006987,12.175295,-0.008256246505085791,-0.09040821,0.076984264
268,12.134533308856359,12.0512495,12.219573,-0.009890964168899508,-0.0913686,0.07503126
269,12.178988064494117,12.095352,12.263734,-0.010610090193525228,-0.09205228,0.074043736
270,12.222917405017233,12.1396885,12.30752,-0.01193159965119159,-0.09277755,0.07305023
271,12.265308242607379,12.184063,12.348492,-0.01490755567081925,-0.09311486,0.06739862
272,12.307957641871429,12.227417,12.390645,-0.017647305329829006,-0.0956829,0.064997256
273,12.350710644818074,12.269684,12.4339285,-0.02012462818410835,-0.098860316,0.06250513
274,12.398726404904528,12.319583,12.480561,-0.017504180240780234,-0.09416839,0.06405775
275,12.438566966430152,12.358227,12.520748,-0.02291924021591539,-0.10134395,0.059855357
276,12.48283310433491,12.401609,12.565878,-0.023953563594077885,-0.10307399,0.059391055
277,12.530293461107144,12.447636,12.615221,-0.022035519410889763,-0.10301971,0.06250954
278,12.575329548582456,12.490247,12.662048,-0.022549279760659433,-0.10527814,0.064789794
279,12.6238128619896,12.536733,12.712654,-0.019451902922653547,-0.10442278,0.06970803
280,12.677558095926413,12.593551,12.764131,-0.010931381077658371,-0.09269987,0.07614898
281,12.722880336963131,12.636016,12.811979,-0.010853976250418531,-0.094711415,0.07873691
282,12.768311054822503,12.68086,12.858343,-0.01067638058547122,-0.0950172,0.0792239
283,12.812030016292189,12.723835,12.903688,-0.01218801129492022,-0.09779747,0.07994037
284,12.85865404297881,12.769828,12.951305,-0.010884343793894451,-0.09722142,0.08251608
285,12.904409215837143,12.814669,12.998516,-0.010620665232035321,-0.0983658,0.08437495
286,12.946803586259103,12.856134,13.041628,-0.013680162681632297,-0.101841986,0.08182178
287,12.991743058822328,12.8991785,13.088491,-0.014087448583187872,-0.104756236,0.0834349
288,13.037893889129188,12.94472,13.1342,-0.013347752531358082,-0.10400957,0.08424951
289,13.083322865807515,12.989413,13.180239,-0.013043498468266794,-0.104652576,0.086352505
290,13.125651400792979,13.033953,13.220972,-0.016214212611714948,-0.106012866,0.080897026
291,13.176318786238573,13.0832205,13.272848,-0.010914500261572002,-0.10191511,0.087299995
292,13.221154260282763,13.128467,13.318704,-0.011621169581467397,-0.10231529,0.08641431
293,13.270356410255319,13.178395,13.367169,-0.007761945351828801,-0.097191006,0.08958625
294,13.31854117338278,13.225252,13.416425,-0.005027947035687675,-0.09578358,0.093573265
295,13.362978347670182,13.269566,13.461373,-0.005876423583255135,-0.09776151,0.09240499
296,13.404087572576621,13.310099,13.50257,-0.010318527179632546,-0.10268478,0.0887778
297,13.448752037460274,13.355698,13.546831,-0.011265041499548682,-0.102720775,0.08674135
298,13.492784259932579,13.399568,13.590645,-0.012341738132006714,-0.10400213,0.08516028
299,13.5387086300668,13.446535,13.634829,-0.011712403765487732,-0.1019765,0.08512703
300,13.586213999628008,13.495073,13.6812725,-0.009516355863998023,-0.09835674,0.085733846
301,13.625847548073093,13.534332,13.722089,-0.0153145995488368,-0.10469764,0.0809367
302,13.668213656309717,13.576965,13.763591,-0.018328638871406774,-0.10725406,0.07647935
303,13.712817673684187,13.620858,13.809468,-0.01940712379735935,-0.10963484,0.0770012
304,13.758611682388043,13.667866,13.855388,-0.018969541226021524,-0.10872601,0.0777508
305,13.803131679887832,13.712439,13.899152,-0.01963605606721961,-0.10885435,0.07675035
306,13.846559952709573,13.754461,13.9436455,-0.021819475107038508,-0.112117045,0.07596831
307,13.890536264310638,13.799397,13.98673,-0.02296497766570183,-0.112824984,0.0740205
308,13.940770409068142,13.848098,14.038958,-0.017918638567831078,-0.10987362,0.081098124
309,13.984183888314798,13.890076,14.082836,-0.019880992995425964,-0.112854585,0.078324765
310,14.032023638668425,13.937985,14.13079,-0.017134530805933763,-0.1099499,0.08159159
311,14.077552854702667,13.983538,14.176536,-0.01709125033123845,-0.11013223,0.082024366
312,14.115771353690617,14.020757,14.215638,-0.024527720301232802,-0.1186388,0.0761044
313,14.158574599157253,14.063985,14.256688,-0.02717332086807809,-0.12106176,0.07304983
314,14.205945327087969,14.110908,14.304401,-0.025306253146475846,-0.1193539,0.07494767
315,14.251721745979893,14.1569605,14.350115,-0.024896225876765002,-0.11895565,0.075732745
316,14.298885749018067,14.202144,14.400292,-0.022885056232708107,-0.11892496,0.07969247
317,14.347351916725746,14.252184,14.447542,-0.019713451292865357,-0.11469179,0.081710756
318,14.391993297495628,14.2964945,14.491737,-0.020667137266848233,-0.11607808,0.08130084
319,14.43942197534476,14.343983,14.539469,-0.018850269665300932,-0.1144661,0.08370818
320,14.488224686099464,14.393163,14.58695,-0.015424129480408437,-0.11040668,0.085911445
321,14.529587742048355,14.434548,14.628027,-0.01949482298882196,-0.114190646,0.08126088
322,14.574418146737218,14.479711,14.673108,-0.019972651590661455,-0.11380854,0.07997862
323,14.619366467337034,14.526499,14.716304,-0.02053441452306121,-0.11240345,0.07740643
324,14.663252412340093,14.571114,14.760764,-0.021926127070500772,-0.11336322,0.07649687
325,14.705112052072586,14.613537,14.802322,-0.025394703398712064,-0.11625242,0.07262906
326,14.751566883428588,14.6620655,14.847401,-0.024536694115221212,-0.1130221,0.07185283
327,14.80159098549891,14.710672,14.897382,-0.01991278094503418,-0.108806975,0.076393545
328,14.84387453855026,14.752899,14.939269,-0.0229675684613054,-0.1119712,0.07323255
329,14.892454501366412,14.800798,14.989889,-0.01962041835802705,-0.10978332,0.07878347
330,14.937390913265101,14.84467,15.0360565,-0.01972925299159196,-0.11087539,0.078817375
331,14.982085008596945,14.888813,15.081165,-0.020218128955842976,-0.1121352,0.079432264
332,15.0337165380361,14.940447,15.133308,-0.014043111489467859,-0.107651815,0.08596461
333,15.077368680930684,14.985079,15.1761675,-0.015530373129660208,-0.10797977,0.08314969
334,15.126118693721397,15.032013,15.225765,-0.012251004399168604,-0.106650606,0.08746003
335,15.170878438729527,15.077182,15.269856,-0.012823606339353042,-0.107165426,0.0856824
336,15.217731312324178,15.123708,15.316454,-0.011299567349955075,-0.104776025,0.08681308
337,15.267007118563134,15.173776,15.364342,-0.007360955549905592,-0.100581236,0.090234645
338,15.312885461084196,15.217879,15.411801,-0.0067220838065625305,-0.10032259,0.09142164
339,15.358289304533985,15.263422,15.458137,-0.006781445022230778,-0.1006878,0.092079625
340,15.40492218520488,15.311178,15.502262,-0.005502887909907478,-0.09856327,0.09149786
341,15.454797761861824,15.361883,15.551915,-0.0008759758599351713,-0.0936548,0.09464798
342,15.499807644517501,15.40786,15.595244,-0.0013816574324861774,-0.09370546,0.093108125
343,15.548044163207713,15.455649,15.642987,0.0016368543916915029,-0.088890046,0.09545588
344,15.59436420410189,15.499783,15.69089,0.0027249737190577403,-0.089386284,0.09939156
345,15.641693508188695,15.549702,15.737047,0.004642955055919133,-0.08654736,0.09957262
346,15.687297836017041,15.594172,15.783314,0.005021638798713072,-0.08660123,0.10036231
347,15.731635509188838,15.638862,15.827616,0.0037586071574366793,-0.08736837,0.098893456
348,15.780093771601097,15.68611,15.876816,0.0067593862244894,-0.086572945,0.10127281
349,15.823338911282788,15.730245,15.919129,0.004499176704604498,-0.088043086,0.098600775
350,15.868816080063386,15.773733,15.966704,0.004541497276215963,-0.09057653,0.10038247
351,15.915992931047828,15.819723,16.015022,0.00641411502210395,-0.08883585,0.1035096
352,15.96487692862403,15.868833,16.06325,0.009894176400218032,-0.08559672,0.107428074
353,16.010734529190948,15.914281,16.108606,0.010329335782839363,-0.08527105,0.108154885
354,16.0528621969756,15.9560175,16.150915,0.007186610054230161,-0.089044295,0.10515335
355,16.098052144302542,16.000462,16.19667,0.007062644046065603,-0.089001685,0.10591454
356,16.142159375404752,16.0452,16.241526,0.005941883158910518,-0.08985733,0.10496397
357,16.187350461832416,16.09146,16.286657,0.005824542172244295,-0.089559406,0.10417733
358,16.23060355956353,16.134527,16.329275,0.003545929665629392,-0.09136678,0.10201182
359,16.27541826834922,16.17802,16.374044,0.0031156156643136496,-0.09297041,0.1021456
360,16.322583883567862,16.224846,16.4216,0.00486132061061191,-0.090013996,0.10367306
361,16.370346237984677,16.273552,16.4676,0.007227348681616456,-0.0873558,0.10528958
362,16.412461536535133,16.315329,16.510603,0.0038852734360798704,-0.09140115,0.10345449
363,16.4586535995638,16.361135,16.557024,0.004792478441808832,-0.08990081,0.1039954
364,16.506485951265905,16.408932,16.605122,0.007222604996109183,-0.087580815,0.105834536
365,16.554802371375892,16.458576,16.65225,0.010350815503100607,-0.08365372,0.10789975
366,16.60023950317857,16.503117,16.698202,0.010472737126465374,-0.084032536,0.10895463
367,16.643377225604436,16.548061,16.740814,0.008237496236117256,-0.08302496,0.105027735
368,16.69076700401239,16.597832,16.785543,0.010157667852710892,-0.08009336,0.10440365
369,16.73542874508924,16.64112,16.830574,0.009419665802531884,-0.08169892,0.10336222
370,16.777273305544504,16.682318,16.873009,0.005849906784199043,-0.08585466,0.10067018
371,16.82077471796133,16.725334,16.917162,0.003985929349352864,-0.087697536,0.099977896
372,16.870272706923796,16.775723,16.966316,0.008161147211274722,-0.08224796,0.10332576
373,16.91949025162872,16.82544,17.014624,0.011871665732296775,-0.078553244,0.10689209
374,16.964306981761982,16.868729,17.06092,0.011268168948508928,-0.080448106,0.10837126
375,17.01356963840993,16.920664,17.108154,0.015331809821569424,-0.07418957,0.11018353
376,17.058759531059515,16.965443,17.153824,0.01528805895032677,-0.0745705,0.11040887
377,17.10054578298729,17.00819,17.194464,0.011789683086532056,-0.07606773,0.10558684
378,17.143807259919004,17.05088,17.238249,0.0097704812115375,-0.07853358,0.104707636
379,17.192878835616533,17.099342,17.287373,0.013372953404266684,-0.07646185,0.107901126
380,17.23918599439611,17.147429,17.331686,0.014415546238978736,-0.07325074,0.10846283
381,17.291627238823025,17.199276,17.386137,0.02131340350949175,-0.06807802,0.11639175
382,17.34292839924437,17.24865,17.439137,0.027122569075071223,-0.064665645,0.124459155
383,17.38812494776081,17.292284,17.484642,0.0268998517569507,-0.065590516,0.124151714
384,17.43252982977424,17.337553,17.528576,0.02584737309229602,-0.06688582,0.123185754
385,17.475624934839555,17.381008,17.572636,0.023528278338452797,-0.06843451,0.121946886
386,17.52257596546224,17.428793,17.620108,0.0249730967320912,-0.06651923,0.123323366
387,17.569783821800367,17.474094,17.668484,0.026797949977798403,-0.06640871,0.12621891
388,17.612128629574247,17.514273,17.713497,0.0238564304960366,-0.07120796,0.12636581
389,17.652355254297635,17.55483,17.75357,0.018930788128596093,-0.07579502,0.121476255
390,17.69643342388709,17.597921,17.79811,0.01766172515179861,-0.07813617,0.1203561
391,17.741280558373305,17.644773,17.841953,0.01731733310522038,-0.076646134,0.118803024
392,17.78232812881173,17.686005,17.882896,0.012866868934582939,-0.08108386,0.1145491
393,17.828840800475767,17.730677,17.932276,0.01402930258568693,-0.08104798,0.11801411
394,17.875960156175772,17.777498,17.979666,0.01588026348814839,-0.0797567,0.120776474
395,17.920084386359623,17.82362,18.023031,0.014395272010869254,-0.07918456,0.11772293
396,17.965369614034053,17.869415,18.067244,0.014169739365729843,-0.078816324,0.11661858
397,18.01176074856623,17.915699,18.115377,0.015267473880371227,-0.07862451,0.11969124
398,18.06360502735901,17.9657,18.167387,0.02187655604841535,-0.07306425,0.12769276
399,18.10680222549787,18.008215,18.211592,0.01998306989219045,-0.07537233,0.12513594
400,18.148753522347786,18.049765,18.252312,0.01628858942925726,-0.07889586,0.12188055
401,18.19702223283816,18.098063,18.301153,0.019157275620988793,-0.07689771,0.12387095
402,18.241636404882627,18.141926,18.34671,0.018327157148417796,-0.07825624,0.12407252
403,18.29182875568673,18.191584,18.396753,0.02321763582522835,-0.07418489,0.13097213
404,18.332234648026226,18.230345,18.438438,0.018213940109419857,-0.08060497,0.12708013
405,18.383770120566087,18.284828,18.486727,0.024346965194786806,-0.07275699,0.13007328
406,18.427315236288713,18.329065,18.530592,0.02277489955701605,-0.0738432,0.12851743
407,18.47609910072759,18.377445,18.581533,0.02637858696443051,-0.07118604,0.13355091
408,18.52001421033353,18.420794,18.626837,0.025185113676564477,-0.07313661,0.13368428
409,18.56831071892354,18.470608,18.674267,0.028414062875798167,-0.06877748,0.1348598
410,18.612410037319478,18.514725,18.717436,0.027216949133294636,-0.06975142,0.13310319
411,18.659262776638762,18.561537,18.764,0.02883945086970065,-0.06789566,0.13417143
412,18.697327509641653,18.599108,18.80195,0.021516414902525205,-0.075828485,0.12716015
413,18.74047440722163,18.642412,18.844952,0.01929291997449727,-0.077894166,0.12541513
414,18.78874600909807,18.692255,18.890947,0.02224487592478347,-0.0734409,0.12649973
415,18.83774673028818,18.743347,18.938423,0.02587825147171411,-0.06823924,0.12857157
416,18.87963907769898,18.786316,18.97882,0.022563516674905817,-0.06970045,0.12412731
417,18.91973487333978,18.825996,19.019564,0.017338753105720098,-0.07553787,0.12056121
418,18.967951431846533,18.873568,19.067999,0.020236397076437127,-0.07319124,0.122490905
419,19.023746736093294,18.926468,19.125605,0.03076365509070673,-0.06484441,0.13435572
420,19.065268549163996,18.96794,19.167006,0.027253970180077584,-0.069344155,0.13136041
421,19.108561270414434,19.010572,19.212002,0.0254006833367599,-0.07183506,0.13064711
422,19.152495709435122,19.054676,19.25529,0.02403217930295483,-0.07365464,0.12901528
423,19.200057254040544,19.101496,19.30345,0.026292905799082337,-0.071825325,0.13166073
424,19.249462573337272,19.14976,19.352587,0.03030475441304156,-0.068278566,0.13757642
425,19.29659335029129,19.197489,19.39914,0.032030161240383465,-0.06584772,0.13718975
426,19.342163551687328,19.243305,19.444008,0.03233249666810087,-0.065708674,0.13669705
427,19.389517902224036,19.287918,19.49418,0.0343926344284491,-0.06599729,0.14159973
428,19.437013062666885,19.334257,19.544174,0.03678062061548375,-0.06519258,0.14595707
429,19.482231315049273,19.377022,19.592957,0.036626194409759984,-0.06870297,0.15008569
430,19.528321190594696,19.422365,19.638544,0.037574509198042574,-0.06741025,0.15173651
431,19.569235369556118,19.462778,19.67976,0.03292170351862814,-0.07372997,0.14693575
432,19.615422695856008,19.508736,19.725672,0.03356773712583414,-0.07303224,0.14633787
433,19.66008320219948,19.552197,19.770319,0.03311104275720292,-0.07386061,0.14614344
434,19.709649152055388,19.599897,19.82305,0.037456056293958616,-0.07169672,0.15357792
435,19.75660602739919,19.646746,19.869808,0.03908565579595215,-0.070107855,0.15454967
436,19.804774084797675,19.69293,19.920444,0.041884365496759716,-0.06936136,0.15978692
437,19.850279063583425,19.737364,19.965454,0.04205355693221856,-0.06927942,0.15912727
438,19.899354174068183,19.784237,20.016644,0.045840493230319544,-0.067734346,0.16547588
439,19.944587549911265,19.8292,20.062382,0.04584222350641895,-0.06841271,0.16610718
440,19.98941478613941,19.874025,20.106638,0.0452648947864451,-0.06775569,0.16587824
441,20.03390566659874,19.918625,20.150696,0.04440230125206314,-0.0685648,0.16440053
442,20.079411923353614,19.961512,20.19906,0.04472888661267517,-0.07076781,0.16780674
443,20.128598542439494,20.010036,20.248981,0.04869181946577927,-0.067379974,0.17251654
444,20.176734215943064,20.056896,20.299063,0.05148023411210579,-0.0660294,0.17697811
445,20.222880692588166,20.100412,20.348476,0.05234592150468579,-0.06826146,0.18041244
446,20.265918046103007,20.144308,20.390358,0.0500577323488419,-0.06897815,0.17753783
447,20.309725095762712,20.185822,20.436281,0.04858841699303248,-0.072643824,0.17727843
448,20.35487229742105,20.230568,20.482162,0.048572521179014956,-0.072653644,0.1779519
449,20.401139443093243,20.276691,20.528673,0.04913729078862583,-0.07190451,0.17842
450,20.450349199730997,20.325539,20.57864,0.05289910806662154,-0.06984002,0.1830667
451,20.49387567287417,20.367302,20.623081,0.051042712489505995,-0.07384044,0.1836315
452,20.53771887325757,20.410849,20.66763,0.04959279764883094,-0.07555393,0.18172733
453,20.580202899660648,20.454462,20.709608,0.046749611276661156,-0.07734052,0.17869143
454,20.625313033945236,20.497763,20.757074,0.0466383187305149,-0.07808008,0.18116908
455,20.672850208218264,20.543575,20.80727,0.048814645190191554,-0.07852709,0.18475147
456,20.714561471930306,20.584286,20.849953,0.04494363861657229,-0.08348125,0.18245576
457,20.75745445908303,20.625616,20.893406,0.04251854410174997,-0.087659106,0.18124403
458,20.802933920544767,20.669855,20.93925,0.042645584712533886,-0.0883117,0.18226075
459,20.8455744836779,20.713339,20.981691,0.0401315418208668,-0.089993566,0.17880036
460,20.89432425424304,20.764431,21.028608,0.04343544714295862,-0.0868346,0.18148677
461,20.937145258134183,20.805288,21.073591,0.04104480396974526,-0.09091097,0.18049285
462,20.982030745304947,20.852768,21.11707,0.040728195961464,-0.08902703,0.1782914
463,21.02509474255755,20.896574,21.159304,0.038484101093523175,-0.08886982,0.1752131
464,21.068110355164727,20.93857,21.203224,0.03628512185129331,-0.09259968,0.17477125
465,21.110085933724463,20.980259,21.244564,0.03283060336611667,-0.09576934,0.17192747
466,21.16053511924149,21.031536,21.29425,0.0380401755461589,-0.09114189,0.17565745
467,21.20265336049495,21.073954,21.336903,0.03467046291099919,-0.093645796,0.17249614
468,21.24691881513198,21.118393,21.38044,0.03353213068875106,-0.09484128,0.1703772
469,21.29152894282394,21.164072,21.424751,0.032883395455599346,-0.09394338,0.16954304
470,21.338972012204753,21.211935,21.472528,0.034923721465966055,-0.091761775,0.17208391
471,21.385917592942164,21.258276,21.51993,0.036560487348756686,-0.09143039,0.17351767
472,21.42739694672505,21.299408,21.561075,0.03260776729743421,-0.094786204,0.16956213
473,21.47359703398432,21.346193,21.608435,0.033771584884731205,-0.09441458,0.17177776
474,21.519451755729186,21.393734,21.6516,0.034488669903498755,-0.09243635,0.17065096
475,21.567389170276687,21.442207,21.69945,0.03707721849951267,-0.088985234,0.17225395
476,21.617567659166184,21.493553,21.747417,0.041960207812922055,-0.0817984,0.17553963
477,21.66288870099884,21.539087,21.792486,0.04182908700001151,-0.08190319,0.17578062
478,21.707145033823362,21.58289,21.836912,0.040525737604575764,-0.08305526,0.17444943
479,21.75361937814009,21.627605,21.88563,0.041701619295541635,-0.0831691,0.17712992
480,21.796208274468945,21.668545,21.929274,0.03917697721497842,-0.08651498,0.1751176
481,21.843822752991613,21.715883,21.976507,0.041709763682276475,-0.08475893,0.17825335
482,21.892180555467117,21.76255,22.027412,0.044765377966301666,-0.08327934,0.18321577
483,21.932654857072443,21.803038,22.067524,0.039693298043826285,-0.08824897,0.17796195
484,21.980476624154903,21.853388,22.11343,0.04222359029271348,-0.08334442,0.17839044
485,22.025309797561263,21.899519,22.158195,0.0420050362833134,-0.08278739,0.17849374
486,22.075912031795234,21.9492,22.209929,0.04744616977286889,-0.079831935,0.18543147
487,22.124666243335373,21.99698,22.259272,0.05085628302580232,-0.07613186,0.18923038
488,22.166804542951674,22.039778,22.302418,0.047594106994740516,-0.07942825,0.18529353
489,22.212411077114545,22.084599,22.348682,0.047892268083104726,-0.08009683,0.18690655
490,22.253954988210882,22.12446,22.391108,0.04402628138799751,-0.08480847,0.18464313
491,22.29814632647284,22.168625,22.435211,0.042698216552454184,-0.086358935,0.18314686
492,22.339683105185024,22.209093,22.47675,0.038939256408228165,-0.09014432,0.17949942
493,22.3835577353144,22.253448,22.521538,0.03747159853049128,-0.092233814,0.17786258
494,22.42459114521554,22.296955,22.559631,0.033291786629431844,-0.09401498,0.17191684
495,22.4741070721327,22.344143,22.611195,0.03736066699242479,-0.09149303,0.17743005
496,22.519343213166955,22.388662,22.65811,0.03744260152088345,-0.091964364,0.17721497
497,22.564308077148073,22.434341,22.702396,0.03712887714837076,-0.09146064,0.17727627
498,22.61189356404053,22.482178,22.749098,0.03938207462811343,-0.08978528,0.17896672
499,22.662078634736545,22.532145,22.799603,0.044171263021587706,-0.083995335,0.18356767
500,22.703646628759273,22.57343,22.842842,0.04070475464160683,-0.08806553,0.18044472
501,22.751423304378267,22.621988,22.889423,0.043297478053088014,-0.0853227,0.18373354
502,22.793621772268203,22.66255,22.93254,0.040362383300232015,-0.08920168,0.18199922
503,22.83699616332565,22.707535,22.975124,0.0381948766754703,-0.09085399,0.1790453
504,22.88172348622964,22.753332,23.01749,0.037815383471261746,-0.09017599,0.17621136
505,22.925431154435714,22.796783,23.062984,0.03618894983041384,-0.09328203,0.17589054
506,22.966080583666887,22.837317,23.103981,0.03131063074372527,-0.09807426,0.17199735
507,23.00437049593571,22.87537,23.141466,0.02435894792268122,-0.10498193,0.16484284
508,23.05009333046902,22.922688,23.185658,0.024918084064983394,-0.10304834,0.16386916
509,23.09054140359354,22.963017,23.225775,0.019996272628379233,-0.107731655,0.15770684
510,23.13925828660116,23.01214,23.273914,0.023566439777615047,-0.103097,0.16082942
511,23.18955960716315,23.062653,23.323845,0.028437204283369603,-0.09785766,0.16489181
512,23.23156484789163,23.104986,23.365618,0.025184718051932294,-0.10014215,0.16113833
513,23.276240895939857,23.148895,23.409977,0.024719646644057826,-0.10126729,0.16053405
514,23.324064991219515,23.198322,23.456348,0.027135669861027174,-0.09700641,0.1613286
515,23.368164369123303,23.243185,23.499826,0.026147003870436298,-0.098306224,0.1584035
516,23.413549618968755,23.288511,23.544802,0.026149056634161668,-0.09849051,0.158913
517,23.46039380209694,23.335989,23.591496,0.027721104210110543,-0.097039945,0.16096614
518,23.50655296015062,23.381311,23.63874,0.028450756073008666,-0.09679337,0.16356792
519,23.556135946300166,23.431292,23.687546,0.03285911416133984,-0.0918921,0.16611908
520,23.602857136247465,23.47765,23.735256,0.034093229057872126,-0.09118463,0.16701283
521,23.646526748717985,23.521229,23.776995,0.032501602150356405,-0.09207748,0.16505708
522,23.690543396667508,23.564468,23.821663,0.03139755604483422,-0.09443589,0.1639938
523,23.73319307951816,23.606825,23.865002,0.028566226981563223,-0.096418016,0.16241972
524,23.77849734821527,23.651617,23.91115,0.02826230024000448,-0.09814888,0.16306831
525,23.825657323178,23.698826,23.958542,0.03019172021894225,-0.095759936,0.16564749
526,23.870060630301005,23.745012,24.00266,0.028979886876822028,-0.095597796,0.16321169
527,23.9143665032896,23.788658,24.047098,0.027977389733157783,-0.098051794,0.16269961
528,23.9589335813424,23.832743,24.091532,0.02747246391899566,-0.0979993,0.16200343
529,24.007596771800632,23.879757,24.14035,0.030867810752683342,-0.095900536,0.166567
530,24.05750212918695,23.928474,24.191433,0.03527919036637594,-0.09282862,0.1719561
531,24.09723048649985,23.967264,24.231918,0.029813292860275252,-0.09932566,0.16672066
532,24.145575251992064,24.014954,24.281012,0.03296056649371179,-0.096927546,0.17037873
533,24.19315400444197,24.062876,24.328766,0.03499152328205779,-0.09430478,0.1717344
534,24.240794959702985,24.11157,24.374393,0.03735950964179095,-0.09138909,0.17334308
535,24.284889301611933,24.154404,24.419735,0.0361450926296845,-0.09352368,0.17198063
536,24.332344763159167,24.202145,24.465765,0.03818573834432767,-0.09181466,0.17390403
537,24.384306766663553,24.256117,24.51667,0.044695266948426,-0.08544331,0.17951936
538,24.430831288548447,24.301369,24.5641,0.045966760442267406,-0.084737085,0.18176232
539,24.481802344934614,24.351494,24.614994,0.051441620151230175,-0.07812482,0.18619613
540,24.528926715102354,24.399742,24.660418,0.05322350565967749,-0.074921556,0.18519798
541,24.57613960730541,24.448954,24.705547,0.05500356459219786,-0.0700623,0.18555708
542,24.62481634963759,24.497976,24.754032,0.05850963055012273,-0.06682394,0.18906355
543,24.67149319573372,24.543203,24.802717,0.059761203800006886,-0.06698126,0.19198295
544,24.7164279114603,24.587965,24.847383,0.05952020552157678,-0.0662582,0.19165045
545,24.762012110940127,24.632538,24.894892,0.059684123609144366,-0.06783641,0.19256835
546,24.808076094504372,24.67841,24.941238,0.06057289839492632,-0.06757135,0.19379938
547,24.854384804476,24.722582,24.988905,0.061808805546491895,-0.068028525,0.19843057
548,24.89681509150806,24.766916,25.029425,0.05884164195905713,-0.069374986,0.19235288
549,24.94294146169648,24.811813,25.076307,0.059481098999539656,-0.07035345,0.19447267
550,24.983483285140526,24.850304,25.118792,0.054704698253914844,-0.076898545,0.19209951
551,25.03326944251323,24.898746,25.168995,0.05909060822189846,-0.07398245,0.19681552
552,25.07996186759195,24.94587,25.216402,0.060382519925036605,-0.07175854,0.1986116
553,25.122697746349143,24.99013,25.257103,0.057812494723368454,-0.073670395,0.19484495
554,25.167827822352397,25.035,25.302738,0.05755443246524991,-0.07410616,0.19466083
555,25.21389176260805,25.079912,25.350464,0.058308663290540116,-0.07426958,0.19560927
556,25.258092049778522,25.123991,25.395021,0.05743865427273557,-0.075346015,0.19628519
557,25.302717698036023,25.168133,25.439646,0.05698127696478677,-0.07559501,0.19515133
558,25.34444055642658,25.209816,25.48149,0.05332513685826041,-0.07848876,0.19168408
559,25.39267888165058,25.256695,25.531069,0.056212343261167246,-0.076967776,0.1969626
560,25.435144009235238,25.29914,25.574469,0.053408271424933686,-0.07987521,0.19379294
561,25.47803128567044,25.34178,25.617783,0.050924062308044984,-0.08226565,0.19191732
562,25.523754014175307,25.385468,25.665346,0.05117675200878871,-0.084100984,0.19453542
563,25.569645000850468,25.430586,25.712439,0.05193204739976817,-0.082582705,0.19585423
564,25.61800518471686,25.478191,25.761557,0.054919254741488,-0.08100547,0.19948287
565,25.66279314205284,25.52182,25.807497,0.054230038067429306,-0.083807796,0.20092036
566,25.704608144975783,25.565058,25.848146,0.05074830903781987,-0.08632433,0.1971707
567,25.747258561655205,25.606928,25.893288,0.047964981994728734,-0.09048644,0.19563447
568,25.791679337653452,25.64994,25.937641,0.04710467573214956,-0.09215719,0.1950388
569,25.831694792178777,25.689245,25.977648,0.04168623283113856,-0.09717888,0.1901781
570,25.87600064231856,25.734503,26.02306,0.04051315429314597,-0.09916886,0.18859588
571,25.920784458960117,25.78009,26.066193,0.04012956928405236,-0.09765194,0.18760139
572,25.971679264929854,25.831135,26.11664,0.04553008181774983,-0.092635304,0.19140422
573,26.02138521985192,25.879568,26.16862,0.04988943158283413,-0.090550564,0.19748797
574,26.06894229350558,25.926548,26.216223,0.05188932635206065,-0.08953804,0.20072815
575,26.122623619066907,25.980331,26.269703,0.06028709376145969,-0.0818234,0.20869526
576,26.16528885176896,26.020657,26.314005,0.05761575865371087,-0.08556805,0.20723869
577,26.212571581255737,26.068722,26.360546,0.05950096977324755,-0.084138036,0.20828348
578,26.25199053132607,26.109331,26.398884,0.05374831821647773,-0.08766032,0.20162924
579,26.294422084179573,26.151865,26.441544,0.05090099006635849,-0.09042435,0.1983582
580,26.339064416487417,26.19575,26.486475,0.050351929382086553,-0.09166914,0.19900966
581,26.38079587754379,26.237326,26.528164,0.046804836965337694,-0.09573702,0.19631805
582,26.423061634366594,26.279827,26.570177,0.04395291932605265,-0.0989961,0.19315992
583,26.46686258215074,26.322733,26.615343,0.042317312438555396,-0.100482315,0.19411498
584,26.51220492193827,26.369593,26.660517,0.04228853610630846,-0.1004751,0.1927774
585,26.566259391790062,26.421736,26.715105,0.05045243321350421,-0.094969116,0.2024433
586,26.613796344120995,26.467768,26.764166,0.0526891593728762,-0.092693366,0.20468011
587,26.65776662918169,26.513357,26.807697,0.051183085195166435,-0.09321876,0.20283905
588,26.708492193615122,26.563547,26.858742,0.056500826260931426,-0.088171475,0.20791489
589,26.755127892502745,26.611498,26.903646,0.05778892982390257,-0.08626317,0.21000455
590,26.794033299622935,26.651344,26.941896,0.05124900153621243,-0.091108456,0.20234558
591,26.840890938678537,26.696594,26.990236,0.05289767578707174,-0.09102359,0.20470022
592,26.885253155836416,26.740059,27.035847,0.05183290316972854,-0.09286833,0.20398055
593,26.932930741997932,26.788792,27.082048,0.0542308080892943,-0.089762606,0.20518808
594,26.980724581006648,26.836142,27.130201,0.05670012201741241,-0.08557035,0.20751762
595,27.023135292758848,26.878923,27.172428,0.053930501455704105,-0.08907401,0.20525368
596,27.070435220897096,26.925814,27.219463,0.05578329212222635,-0.08747485,0.2064467
597,27.115447226190426,26.97072,27.264637,0.05564546192107591,-0.08737307,0.20646864
598,27.15887845646009,27.013851,27.308533,0.053735435733507766,-0.090200916,0.20596068
599,27.203197872602022,27.058863,27.35168,0.05290414377135271,-0.09028331,0.20355558
600,27.253157599036005,27.109558,27.401793,0.0572504670344189,-0.08611968,0.2089242
601,27.29692437143164,27.152653,27.445723,0.055651481747558004,-0.088660285,0.20847464
602,27.33727722432713,27.192516,27.48617,0.050608667116874555,-0.09363762,0.20351471
603,27.384498873678556,27.238739,27.53373,0.052385870067093415,-0.092971504,0.20611037
604,27.429683329661206,27.281364,27.582497,0.0522877189415844,-0.0965954,0.20880559
605,27.47615623889845,27.328932,27.627079,0.053474176599096625,-0.094298474,0.20797595
606,27.519207258062586,27.371181,27.671465,0.05120388118165035,-0.095806316,0.2063978
607,27.566815296071645,27.41932,27.71751,0.05358063926699072,-0.09314298,0.20841587
608,27.611516815865276,27.46445,27.76193,0.053016178609584956,-0.09333022,0.2064868
609,27.655132618281538,27.50665,27.807796,0.05134597389756153,-0.09637697,0.20689474
610,27.700894601908445,27.551117,27.854485,0.051521598915280326,-0.09828281,0.20892644
611,27.74979466329565,27.59924,27.902874,0.05525418785986022,-0.09377327,0.21037604
612,27.790984299273905,27.63986,27.944853,0.051114936271368656,-0.0979184,0.207591
613,27.84071387680869,27.688835,27.995546,0.0556281016467581,-0.095300086,0.21342677
614,27.886035190330663,27.732122,28.041908,0.05550956587959285,-0.096223235,0.21420617
615,27.92908415052323,27.776464,28.084145,0.05311309103838378,-0.09705195,0.21084723
616,27.977098327175778,27.824177,28.132101,0.05580806264749463,-0.09460686,0.21386833
617,28.02225628490787,27.868675,28.17673,0.055757400392677806,-0.09562658,0.21367766
618,28.071534209140122,27.91652,28.228836,0.05949199469469239,-0.0942739,0.22037104
619,28.11525875256292,27.96218,28.271019,0.057900194695988505,-0.094602816,0.21671517
620,28.15944326931132,28.005058,28.317844,0.05667186541534994,-0.09670345,0.21724154
621,28.204532400454518,28.048582,28.3634,0.05646319213189979,-0.09765643,0.21803667
622,28.250688819262848,28.093956,28.40953,0.05711476484458431,-0.09761663,0.2199231
623,28.28907219740192,28.133165,28.447208,0.05015755252382147,-0.10286047,0.21231712
624,28.3315368393453,28.17331,28.491404,0.047299854584676636,-0.10790987,0.21059857
625,28.377570253959867,28.22024,28.537613,0.04814403993364778,-0.107390456,0.21110323
626,28.42364137143282,28.265839,28.583475,0.04886626846636447,-0.106615745,0.21285513
627,28.46483136467232,28.307413,28.623936,0.0446438886320473,-0.110830255,0.20794731
628,28.514846181533652,28.359045,28.673239,0.049248433356221796,-0.104987085,0.21210843
629,28.559545325549255,28.402306,28.719414,0.04865465728161438,-0.10599976,0.2116393
630,28.603340667188814,28.447165,28.763567,0.04714582280609297,-0.10782632,0.20967337
631,28.651534062439207,28.4958,28.811611,0.049870973146162664,-0.105370104,0.21248522
632,28.695573766595544,28.538336,28.856398,0.048381960205931614,-0.10722907,0.21124873
633,28.74204723494188,28.584238,28.903944,0.049604143424014556,-0.10632884,0.21319523
634,28.788210123750265,28.630398,28.949558,0.05035450600677356,-0.10624317,0.21399717
635,28.833917597929243,28.674763,28.996014,0.05062980390549763,-0.10711424,0.21461412
636,28.878590743030447,28.720598,29.040417,0.049939271152747634,-0.10697075,0.21372297
637,28.923885263540196,28.764547,29.086811,0.04968814733411522,-0.10799918,0.21499121
638,28.96543131812474,28.80642,29.127663,0.04572365393396197,-0.111490816,0.21021582
639,29.012691949035663,28.852648,29.17499,0.04773898079514518,-0.11030779,0.21207309
640,29.054754559268005,28.894157,29.217133,0.044759676905959056,-0.11379489,0.20988849
641,29.098161427816983,28.935827,29.261667,0.04276230090920146,-0.11746924,0.2091738
642,29.14322408697479,28.97923,29.30801,0.04242035405700982,-0.11915553,0.21117006
643,29.18734447764825,29.024261,29.351725,0.04099521715741217,-0.11865837,0.20830901
644,29.232266784577895,29.07026,29.394943,0.040627533662432866,-0.11861142,0.20622595
645,29.27672748796202,29.114773,29.439497,0.03976745914840222,-0.11983408,0.20592465
646,29.322074505632678,29.158266,29.486631,0.04006594823590381,-0.12220422,0.2087414
647,29.366971765668428,29.201538,29.532557,0.03959558374764568,-0.12416321,0.21059771
648,29.406978803559607,29.240393,29.575119,0.03429178403531238,-0.13029462,0.2061619
649,29.45134637966248,29.28496,29.618465,0.03343388892513395,-0.1307291,0.2042295
650,29.49065291670635,29.32477,29.656923,0.02743513549005185,-0.13612823,0.19850706
651,29.53773421516861,29.37428,29.702915,0.029006558938922785,-0.13330458,0.1981214
652,29.58478267389337,29.418825,29.751352,0.03052789235409254,-0.13337725,0.20105687
653,29.629039536181036,29.461784,29.796238,0.029218186463150064,-0.13567369,0.20022182
654,29.67166911299337,29.502663,29.840431,0.02656980152859328,-0.13872072,0.19851083
655,29.72163958239477,29.552982,29.890793,0.031292080642109296,-0.1343098,0.20403342
656,29.766611118703953,29.599579,29.934175,0.03104819145262255,-0.13274215,0.20121871
657,29.81072593201375,29.644505,29.977707,0.02972579920413074,-0.13459893,0.20024301
658,29.857710537996898,29.691097,30.024895,0.03138717059705532,-0.13300629,0.20187981
659,29.90342410593694,29.736681,30.070429,0.031679197767339864,-0.13306773,0.20119756
660,29.948440485641804,29.782555,30.114746,0.03141805373120395,-0.13216953,0.19985081
661,29.991848648970837,29.826313,30.157774,0.029545304725178266,-0.1335478,0.1987316
662,30.037229143637585,29.871529,30.203268,0.02965422344769643,-0.13387786,0.19972454
663,30.07925112408394,29.913689,30.244875,0.02634180780388769,-0.13653606,0.19596586
664,30.122266227855025,29.956356,30.288328,0.023986457052980015,-0.13980599,0.1944794
665,30.166133666158643,30.000349,30.332165,0.022219531945940122,-0.14126515,0.19242719
666,30.211093496451326,30.045593,30.376467,0.021895590219621303,-0.1414113,0.19268079
667,30.257725678151356,30.091848,30.423456,0.023047481151104356,-0.13989367,0.19319335
668,30.308181260539193,30.142319,30.473745,0.028268657088302573,-0.13293137,0.19816576
669,30.351527231962443,30.186216,30.51695,0.02645771583276549,-0.1352289,0.19587272
670,30.39393747687717,30.230362,30.55853,0.023649311732497732,-0.13734584,0.19243833
671,30.43508011400426,30.269135,30.600689,0.019539531092084242,-0.14245689,0.1893272
672,30.486033787778556,30.320868,30.65014,0.025378688515188666,-0.13599242,0.19426678
673,30.533584985390558,30.370092,30.69664,0.027551324157912,-0.13250528,0.19537956
674,30.575938478171,30.412706,30.738136,0.02448183440519387,-0.13434935,0.19076236
675,30.62051723213998,30.457819,30.78382,0.02396426584144706,-0.13529281,0.19226119
676,30.668526687291717,30.504278,30.832775,0.02675646563113657,-0.13456304,0.19773607
677,30.7144866179536,30.548162,30.881819,0.027424507621069454,-0.1360081,0.19928764
678,30.75583080924904,30.590292,30.922304,0.023485423756569326,-0.13870358,0.19508824
679,30.8018196601209,30.636106,30.968437,0.024260003709079624,-0.13863,0.19685858
680,30.846866024873815,30.68273,31.01204,0.024021593628129743,-0.13829811,0.19434771
681,30.89168426238818,30.725744,31.058693,0.02368536791057844,-0.139384,0.19580543
682,30.933671048396157,30.76856,31.099274,0.020355751458748964,-0.14259304,0.19253024
683,30.98347953157724,30.816195,31.151535,0.02481211835691222,-0.13954481,0.19793503
684,31.02677512475481,30.858175,31.19603,0.022783843570725725,-0.14243563,0.19728486
685,31.06979654778805,30.90116,31.238222,0.020513976466435997,-0.14502545,0.19504696
686,31.113022768186987,30.944311,31.282522,0.018281254302826892,-0.14879297,0.19305383
687,31.15652679726787,30.988495,31.325228,0.016669179628220475,-0.15002057,0.19138062
688,31.202885751611106,31.033518,31.372822,0.017552353793445143,-0.14949626,0.19305012
689,31.249187333650863,31.080368,31.419535,0.018586797648667823,-0.14815746,0.19421355
690,31.293416332919808,31.123348,31.465693,0.017565001754738352,-0.15102072,0.19415015
691,31.337991893657396,31.167313,31.509306,0.01655288137531593,-0.15284772,0.19307254
692,31.385436584434366,31.213781,31.557014,0.01880447419897853,-0.15223461,0.19604178
693,31.42719336621611,31.255608,31.59868,0.015401172180517054,-0.15581673,0.19245559
694,31.470560420457765,31.298729,31.64241,0.013731499114533119,-0.15808275,0.19076532
695,31.512738775072663,31.34167,31.68326,0.010612544083209356,-0.16040942,0.18603876
696,31.567963590381506,31.396505,31.739882,0.020506314990811667,-0.15060574,0.19740291
697,31.617803729171253,31.446386,31.791142,0.024986330585737574,-0.14643538,0.20231618
698,31.66898174210132,31.498503,31.842762,0.03061379296623534,-0.14073794,0.20779535
699,31.7151987506381,31.542202,31.889826,0.03130501310671605,-0.14064662,0.20977327
700,31.76389105501494,31.592175,31.937897,0.03479774834466336,-0.13682537,0.21183343
701,31.81309042971574,31.641356,31.987783,0.03883538041251969,-0.13231798,0.21618003
702,31.85462816879484,31.683695,32.029663,0.03506009767457062,-0.1367814,0.21221814
703,31.89843862048915,31.72639,32.074547,0.03383433156368366,-0.13795441,0.21237156
704,31.93952078150856,31.768463,32.114307,0.029845800392929885,-0.14135876,0.20718081
705,31.98342690765317,31.812695,32.157482,0.02848286751689889,-0.1415854,0.2058407
706,32.028218750252584,31.856428,32.202774,0.02783022737277372,-0.1429809,0.20718987
707,32.07111556902774,31.899145,32.245205,0.025255639738261292,-0.1466376,0.20461795
708,32.115636355991946,31.943558,32.290276,0.024453126833560216,-0.14883097,0.2038791
709,32.16388882312885,31.993673,32.3376,0.027156869777475928,-0.14508794,0.20540184
710,32.2097504119016,32.03906,32.383366,0.027699652360707937,-0.14355682,0.20687948
711,32.25415855025634,32.084267,32.42715,0.02680429702077652,-0.14471486,0.20608073
712,32.29610200308655,32.124493,32.470474,0.02344447021175237,-0.14826128,0.20436904
713,32.33922298169401,32.166706,32.513527,0.02115483780819233,-0.15107256,0.20266336
714,32.391253214555064,32.21836,32.56679,0.027798212132822273,-0.14461565,0.20956373
715,32.42690376582775,32.253906,32.602085,0.018036059653137856,-0.15480833,0.19981681
716,32.46998989494581,32.2967,32.646385,0.01602794111935803,-0.15591368,0.1980366
717,32.514227391400745,32.34309,32.688854,0.01497693378664529,-0.15553148,0.19560051
718,32.568288053729624,32.396885,32.742344,0.023840010506684137,-0.14886475,0.2043292
719,32.61344634381325,32.440784,32.78855,0.02377007070126858,-0.15057717,0.20529394
720,32.652912072950976,32.48051,32.82792,0.017768707699057158,-0.15530136,0.19835842
721,32.69656429120631,32.52553,32.869686,0.016233250195694306,-0.15579419,0.19559291
722,32.740865919946266,32.57163,32.9121,0.015140852390312336,-0.15473291,0.19213733
723,32.789442799108784,32.619347,32.96196,0.018453382795763786,-0.15286103,0.1970563
724,32.83444079359552,32.664326,33.0071,0.017935517914669116,-0.1530262,0.19586655
725,32.879049604165864,32.709103,33.05162,0.016994570882621567,-0.15393645,0.19491242
726,32.92752167157308,32.75544,33.101307,0.020055317727869608,-0.151838,0.19946282
727,32.97261269379359,32.800182,33.147648,0.019925735491478722,-0.15314113,0.20084223
728,33.01638274444682,32.845345,33.19133,0.01846125746131778,-0.15365762,0.19778645
729,33.06005457976165,32.88799,33.235596,0.016739171639024445,-0.15686774,0.19656259
730,33.106002385274664,32.93357,33.281536,0.017385614084587508,-0.15681157,0.19812019
731,33.149338576052465,32.97671,33.324326,0.01561541462685887,-0.15764016,0.19705144
732,33.19597025759901,33.021362,33.373833,0.017092263696244628,-0.15699816,0.20049806
733,33.236732868571764,33.06201,33.4138,0.012435224578368558,-0.1614869,0.19509915
734,33.279556289552744,33.104652,33.456184,0.010028745197192889,-0.16402932,0.19264287
735,33.32230111388809,33.147205,33.500565,0.007300335218445372,-0.1674966,0.19107322
736,33.36411847133172,33.18756,33.543087,0.003976958926692534,-0.17181385,0.18879662
737,33.4068447989163,33.229465,33.587845,0.0012995401401728242,-0.17646468,0.18805127
738,33.44752711063066,33.269337,33.6286,-0.0032175511117509786,-0.18069239,0.18402538
739,33.488939169777915,33.311096,33.6699,-0.007155304249450493,-0.18405993,0.17987329
740,33.534784212019744,33.356796,33.715652,-0.006604812401365182,-0.18328711,0.17988843
741,33.58162679711309,33.40564,33.760284,-0.004827195286905109,-0.18095379,0.18097058
742,33.627948655422195,33.449127,33.809345,-0.0037019367323324077,-0.1821921,0.18415515
743,33.676948118417414,33.49938,33.85775,0.00016506428559183163,-0.17733487,0.18690157
744,33.72194479195046,33.54491,33.900864,-0.00014742794109162682,-0.17711669,0.18462588
745,33.76574775459465,33.587826,33.945404,-0.001691283904391161,-0.17882678,0.18312417
746,33.80863748110921,33.631298,33.988274,-0.004119083729459735,-0.18009189,0.18046542
747,33.85142768419991,33.674248,34.029808,-0.006728441748744455,-0.18321656,0.17744125
748,33.898081739722755,33.720245,34.07788,-0.005410385750874025,-0.1814599,0.18005608
749,33.94186789955749,33.765415,34.121605,-0.0069904621975415875,-0.18261173,0.17731035
750,33.98496417488605,33.80764,34.16402,-0.00910909773082911,-0.18481793,0.17474976
751,34.02930948601736,33.85176,34.20905,-0.010225679918781498,-0.18733214,0.17552511
752,34.07309030563271,33.896355,34.252,-0.011649320986028066,-0.18709366,0.17341678
753,34.12038919151205,33.9417,34.30199,-0.00962098105320267,-0.18662706,0.17836255
754,34.16748254147269,33.98859,34.350307,-0.007955070784294367,-0.18554093,0.18031977
755,34.21295497611556,34.033768,34.39484,-0.007669447119383595,-0.18424125,0.17886612
756,34.257173393909696,34.078766,34.43703,-0.008655980074411691,-0.18476176,0.17766103
757,34.300582585899186,34.12498,34.478485,-0.010653374814532586,-0.18534268,0.17396003
758,34.350851660216534,34.174427,34.52907,-0.005715247065414934,-0.18068312,0.17998552
759,34.39459762024258,34.21941,34.57183,-0.007442762043194329,-0.18164712,0.1773669
760,34.43899865981994,34.26319,34.61719,-0.008358324715794167,-0.18287005,0.17760378
761,34.488501683611894,34.312065,34.667477,-0.004015256867129531,-0.17995565,0.18215945
762,34.535508050953226,34.35892,34.715004,-0.002224342855734618,-0.17856416,0.18420771
763,34.58180049778283,34.405174,34.761982,-0.0010717105420671724,-0.17793815,0.18476428
764,34.627691451612776,34.451954,34.807354,-0.0004209949879518171,-0.17585225,0.18467158
765,34.677775548070045,34.500114,34.85788,0.004424195760428451,-0.17192307,0.19037478
766,34.72369818556168,34.546288,34.903053,0.005071839175326738,-0.17102265,0.19048099
767,34.76920025694359,34.590004,34.950268,0.0052632287102394575,-0.17245586,0.19294408
768,34.81763701470287,34.638855,34.997787,0.008553929430650597,-0.16871901,0.19565484
769,34.862826067805045,34.684826,35.0435,0.008576159963026816,-0.16745129,0.19518699
770,34.911505506196896,34.73433,35.091846,0.011757392062761126,-0.16301014,0.19823009
771,34.95794765926442,34.780216,35.139065,0.013330957527511556,-0.16127929,0.19970317
772,35.00516132222795,34.826797,35.186764,0.015267751388511634,-0.16012025,0.20303674
773,35.049287994013625,34.869884,35.232124,0.014163659861739475,-0.16125277,0.20292254
774,35.09356607630873,34.91384,35.276176,0.013166163568107285,-0.164012,0.20160723
775,35.13649770595199,34.955776,35.31898,0.010883194840710346,-0.16677496,0.19946457
776,35.17986667213213,34.998783,35.36411,0.009085937598908895,-0.16967452,0.19885084
777,35.226580539809156,35.04333,35.413616,0.010337890791745219,-0.17031018,0.20331009
778,35.27350980540486,35.090206,35.46056,0.01192016166577274,-0.16776724,0.20597535
779,35.32273869406424,35.138695,35.510994,0.01587547280632538,-0.16684689,0.209707
780,35.37263682081986,35.186546,35.562786,0.020409667856814327,-0.16458122,0.21519798
781,35.41950453843228,35.234753,35.60837,0.02201357298434166,-0.16177437,0.21673381
782,35.46627412454094,35.27948,35.655407,0.02347603083523251,-0.16155654,0.21944055
783,35.51278175302912,35.32338,35.70499,0.024768317736629786,-0.16272624,0.2234787
784,35.563965138213305,35.37472,35.758987,0.030463085883640606,-0.15665221,0.22929642
785,35.60683322701191,35.418156,35.800922,0.027899036801434195,-0.15830232,0.22559136
786,35.64963155953401,35.461933,35.84326,0.025349332889493505,-0.16095312,0.22319943
787,35.6908688099166,35.505413,35.88349,0.021216465608495584,-0.16367981,0.21837367
788,35.732613934091056,35.54587,35.925182,0.01776107953755712,-0.16775593,0.21690576
789,35.77478465766543,35.588882,35.966934,0.014402134400527985,-0.16889274,0.21197294
790,35.81702452371389,35.631958,36.007904,0.01123315940423725,-0.17207289,0.20784697
791,35.86705566469334,35.680824,36.059696,0.016030186844042445,-0.16746737,0.21310274
792,35.9138783260241,35.726494,36.108356,0.017521605916917486,-0.16707315,0.2158914
793,35.964520539141425,35.777084,36.15898,0.022695195185133528,-0.1629928,0.22100413
794,36.01082827752053,35.823147,36.20602,0.023802602565282764,-0.1628853,0.22238417
795,36.05535615988981,35.8699,36.248108,0.02277545293470897,-0.16193262,0.2193761
796,36.10255716467647,35.917877,36.29368,0.02471599498641765,-0.15908131,0.22000596
797,36.148439524192504,35.96442,36.338642,0.025141521450565345,-0.15653808,0.21995363
798,36.19495827647129,36.010628,36.38633,0.02630295395084371,-0.15666075,0.22162727
799,36.234569513546134,36.050465,36.425434,0.020285994992820054,-0.16162878,0.21414776
800,36.27883594012324,36.09453,36.470207,0.019080716842036976,-0.16412127,0.21457165
801,36.31787796982685,36.135036,36.506832,0.012914264886448753,-0.16847152,0.20734255
802,36.361938911214125,36.177334,36.551155,0.01171312980401306,-0.1703876,0.20719169
803,36.40162307740512,36.217735,36.590664,0.0057936456319721144,-0.17660062,0.20131196
804,36.44208798895867,36.258743,36.63222,0.0009544711288427043,-0.18236853,0.19768953
805,36.48619213355462,36.30219,36.677055,-0.00033035240861477945,-0.18345235,0.19719659
806,36.53307555643786,36.351177,36.722843,0.0013051528796141725,-0.18042608,0.19794072
807,36.58251991534668,36.40034,36.7733,0.005371437497521421,-0.17677483,0.20304383
808,36.624208934204674,36.44144,36.815296,0.0017638891652594691,-0.18035723,0.19997899
809,36.671416673030635,36.4865,36.864464,0.003564620081785974,-0.18046987,0.20329148
810,36.71533455058872,36.531796,36.906998,0.002339567254309945,-0.18070064,0.19969618
811,36.76341278242547,36.579113,36.955803,0.004867967345310046,-0.17795178,0.20131959
812,36.807573513066686,36.624832,36.997684,0.0035779213331286084,-0.17854653,0.19952244
813,36.847295546270374,36.664543,37.03773,-0.001845853648883248,-0.18368837,0.19347979
814,36.89844312991592,36.71656,37.089565,0.0040645038276325264,-0.1778788,0.19997744
815,36.944130062032905,36.76003,37.13769,0.004560076423808398,-0.17854618,0.20151724
816,36.99069138069335,36.805424,37.185352,0.0061688534066205265,-0.17778185,0.20360662
817,37.03542273779876,36.848557,37.230343,0.005390913115509214,-0.17993474,0.20529622
818,37.079482962643205,36.89266,37.2746,0.004117001434203719,-0.1806942,0.20396043
819,37.124377306918504,36.93773,37.319153,0.0036075731729788324,-0.18127702,0.20443924
820,37.1717005832071,36.98633,37.365723,0.0054770473604562366,-0.17873429,0.20471132
821,37.21618574090185,37.03052,37.410053,0.004637540094476034,-0.178935,0.20294972
822,37.26321685353503,37.075703,37.459347,0.006736935988942694,-0.17846262,0.20692153
823,37.304644819579075,37.11867,37.499733,0.0027371504415935276,-0.1816317,0.20194624
824,37.3552776594591,37.168793,37.55038,0.008173512064754711,-0.17644912,0.20894787
825,37.397839503460055,37.21015,37.592747,0.005621633574078677,-0.17887439,0.20711268
826,37.445288847802914,37.25792,37.640724,0.00769213811926677,-0.1765014,0.20925641
827,37.49003389571776,37.30389,37.684685,0.0071289328258608824,-0.17627087,0.2080151
828,37.533876114823414,37.347363,37.729015,0.005601088563454529,-0.17777881,0.20699279
829,37.577976411733886,37.389328,37.77545,0.004346203072647984,-0.18211591,0.20945951
830,37.62018078249563,37.432686,37.81802,0.001187431265438151,-0.18391433,0.20479634
831,37.66637166518864,37.478104,37.864456,0.0022692011415901938,-0.18310861,0.20664138
832,37.7121554637655,37.525135,37.908276,0.002841365677521472,-0.1812699,0.20745215
833,37.76052142091563,37.572014,37.957226,0.005814110270193625,-0.17968307,0.21059552
834,37.80591320635553,37.61443,38.005062,0.005949806106215368,-0.18272309,0.2127395
835,37.849925853707184,37.657925,38.05025,0.004895200746457832,-0.18506333,0.21279126
836,37.89631526853004,37.705933,38.09662,0.006056430743418895,-0.18314956,0.21389936
837,37.93822162062513,37.74743,38.139076,0.0025365169039104686,-0.18729201,0.2114697
838,37.98822107252079,37.800438,38.187077,0.007266660387611882,-0.1806211,0.21358347
839,38.040190829984354,37.852016,38.23783,0.014059302541052832,-0.17280555,0.2197981
840,38.08618325854989,37.896503,38.285847,0.014603317891579818,-0.17319794,0.22140978
841,38.128381377453046,37.939133,38.328365,0.011770622435447249,-0.1758033,0.21840662
842,38.174088257500294,37.983353,38.37347,0.012218663266001968,-0.17593564,0.22038737
843,38.21639660119623,38.02433,38.417023,0.00906322385187508,-0.18174547,0.21864961
844,38.264358405790524,38.07135,38.466526,0.01147713105479257,-0.18010645,0.2212513
845,38.31308681383218,38.120285,38.515163,0.014810653752766157,-0.17695743,0.22544725
846,38.3552707468125,38.161568,38.558216,0.011777851027241944,-0.1809339,0.22315194
847,38.39889627051388,38.20656,38.601173,0.010009567057433232,-0.18249737,0.22105803
848,38.441623293929624,38.249596,38.64328,0.007527965544197957,-0.1852013,0.21828091
849,38.4885765869828,38.295853,38.69155,0.009337510059887073,-0.18391454,0.22083433
850,38.536248100812806,38.342804,38.738693,0.011581380155977528,-0.18161382,0.22335231
851,38.5829187573405,38.391544,38.784225,0.012908896239181667,-0.17864783,0.22293745
852,38.63106090457039,38.440193,38.831944,0.015965271862173756,-0.17463543,0.22445658
853,38.67906684958986,38.487137,38.88171,0.018695762436009133,-0.1737799,0.22866178
854,38.722404664511956,38.529366,38.926823,0.016702427603889167,-0.17739207,0.22863916
855,38.77153823352271,38.578053,38.976475,0.02056518644971287,-0.1741643,0.2330914
856,38.819867618927624,38.625427,39.025696,0.023825146294758313,-0.17049183,0.23585394
857,38.86235979876436,38.667213,39.068787,0.020834095771510183,-0.17439191,0.23341969
858,38.9108417629385,38.716053,39.117634,0.02375708196015462,-0.17220837,0.23562716
859,38.953587558474865,38.75817,39.16052,0.02099741439125219,-0.17572953,0.2350043
860,38.99562468441487,38.800705,39.202263,0.017849292062029967,-0.17854518,0.23176305
861,39.03801577456016,38.84181,39.247913,0.014965967015926385,-0.18346034,0.23149326
862,39.080872406616415,38.884106,39.29065,0.012512892509345426,-0.18471868,0.22891934
863,39.1333736436389,38.934566,39.34392,0.01972590729253181,-0.17809892,0.23685123
864,39.178828486639716,38.98066,39.38846,0.01992328456375111,-0.177336,0.23636834
865,39.222808900220436,39.024944,39.43207,0.018678985055200704,-0.17863621,0.23497984
866,39.27125876619383,39.07373,39.480156,0.02174815256790863,-0.17514825,0.23826165
867,39.316039194463386,39.11831,39.525734,0.021266595354292747,-0.17622791,0.2381448
868,39.35917028037325,39.161766,39.56892,0.01917062594372881,-0.1771999,0.23545355
869,39.405011173127626,39.20766,39.614876,0.01965990892192364,-0.17667472,0.23555054
870,39.45147167559186,39.25516,39.661674,0.02090025331760443,-0.17478739,0.2348726
871,39.49878873482688,39.29962,39.711555,0.022857704391960054,-0.17535673,0.2401222
872,39.54388762874856,39.34307,39.75759,0.022606826276327,-0.17660077,0.24115725
873,39.586469616329424,39.38609,39.80183,0.020053787280437576,-0.18004851,0.23978992
874,39.63251769162447,39.433193,39.846535,0.020518548965063364,-0.17799976,0.23943707
875,39.68075531107108,39.482224,39.89418,0.023559298110923763,-0.17512669,0.24145225
876,39.72247976494074,39.52266,39.936783,0.020225126276319557,-0.17924401,0.24036688
877,39.76385930625267,39.564934,39.977703,0.016098069891372413,-0.18270148,0.23473036
878,39.81087019634058,39.611557,40.024834,0.01798037427701834,-0.17995752,0.23665023
879,39.85130674879551,39.651974,40.065228,0.013221954121510877,-0.18532333,0.23103034
880,39.898016714735064,39.697174,40.11321,0.014588674716757928,-0.1857593,0.23419642
881,39.94325801845142,39.743603,40.15689,0.01433395323805687,-0.18467183,0.23282008
882,39.98627488995203,39.787666,40.197693,0.012114550443504894,-0.18585692,0.22978534
883,40.03065397803434,39.831795,40.242527,0.011190910927890773,-0.18716602,0.22857836
884,40.079135252074735,39.87922,40.293785,0.01427105064452987,-0.18540877,0.23384562
885,40.12244881950186,39.921925,40.33686,0.012211113842793508,-0.18775079,0.23170689
886,40.16812094691697,39.968685,40.382557,0.01249457727679516,-0.18532246,0.23090076
887,40.215234928678896,40.016396,40.430935,0.014549970532210217,-0.18295807,0.23304577
888,40.260067034970646,40.059315,40.477333,0.013928204762865885,-0.18467364,0.2334812
889,40.2995034318361,40.099174,40.516693,0.00792284732639571,-0.1907456,0.22691654
890,40.347036946767155,40.145042,40.564987,0.010239341688387615,-0.18936627,0.23134214
891,40.392903664535346,40.189423,40.6123,0.010802144559208656,-0.19083548,0.23395327
892,40.44481976246178,40.241623,40.66447,0.017483564552731052,-0.1828611,0.24094082
893,40.48657973482152,40.283283,40.705994,0.014036122830934009,-0.1866536,0.23718503
894,40.532293159727125,40.32813,40.751484,0.014317048622751826,-0.1874389,0.23711094
895,40.577873172662144,40.374664,40.79737,0.014621137054571224,-0.18624051,0.23744357
896,40.617666553235296,40.412792,40.838535,0.008814118923428878,-0.19352902,0.23268713
897,40.66456197293399,40.457924,40.886856,0.01050284271756489,-0.19355911,0.23578729
898,40.714953209093714,40.50708,40.93819,0.015612104553718472,-0.19072518,0.24157797
899,40.76567192265067,40.55595,40.992805,0.02092204365409734,-0.18745598,0.25039324
900,40.80992033869543,40.599255,41.036892,0.01997069756838188,-0.18792091,0.2484687
901,40.8548637945646,40.64493,41.081814,0.01952333711783025,-0.18818705,0.24847287
902,40.90123239611579,40.689083,41.130608,0.020513706393208594,-0.19019042,0.25186104
903,40.94772821020745,40.735867,41.177387,0.021883255233832277,-0.18774004,0.2526643
904,40.99161344337228,40.77919,41.220596,0.020564604303104257,-0.1901213,0.25277418
905,41.03912796314288,40.827477,41.268852,0.022802239143540827,-0.18722837,0.25518027
906,41.08659636028324,40.87412,41.315998,0.024904098563150876,-0.18483187,0.25833735
907,41.1268125195581,40.912346,41.35728,0.019967386466438145,-0.19166239,0.25370267
908,41.175071717331775,40.95955,41.404617,0.02285541502040547,-0.1906724,0.257694
909,41.21917609129491,41.00354,41.448032,0.021598947918521294,-0.192267,0.25682455
910,41.26499627836314,41.049553,41.493126,0.022107797898247197,-0.19154835,0.2570032
911,41.305163059090994,41.08887,41.53443,0.01701628395722782,-0.19706905,0.2522139
912,41.35272308429875,41.138447,41.580315,0.019368364592695766,-0.19295506,0.25369173
913,41.39306608607611,41.180115,41.620037,0.014363021463183,-0.1976217,0.24838687
914,41.439356688848804,41.225597,41.66586,0.01555771065525093,-0.19708702,0.2509347
915,41.48521347367801,41.271587,41.713444,0.01626753114963341,-0.19650516,0.2520052
916,41.52864532755505,41.314205,41.75867,0.014396883136255978,-0.19953112,0.25038967
917,41.57174146556445,41.357483,41.801315,0.0122529460157729,-0.2014783,0.24907428
918,41.61750129153001,41.401497,41.848545,0.012659968994558865,-0.2030839,0.25034738
919,41.664100270383415,41.448883,41.89468,0.013929682544959554,-0.20096882,0.25058252
920,41.71225899782545,41.495872,41.942825,0.017059925590556038,-0.19858697,0.25444266
921,41.75905295995417,41.5416,41.99195,0.018699689202938526,-0.19903569,0.25771764
922,41.80125754114782,41.583923,42.032776,0.01560004364082019,-0.20047377,0.25347146
923,41.846209459902546,41.62919,42.07693,0.015149934863159615,-0.20017304,0.25302976
924,41.890528199703986,41.67311,42.122337,0.014035910235179798,-0.20132789,0.25399968
925,41.93945923677281,41.72061,42.172028,0.01750829292126919,-0.19955088,0.25770837
926,41.98663522357595,41.768944,42.219105,0.019368118024679085,-0.1973161,0.25853035
927,42.03461388444326,41.815945,42.2681,0.022177488588036656,-0.19354436,0.262022
928,42.07872869700405,41.85957,42.312515,0.020863952874736504,-0.19586624,0.2608784
929,42.121161614743976,41.90191,42.35439,0.0176661448999724,-0.19963156,0.25759232
930,42.16717264219166,41.946823,42.40255,0.018512718034001698,-0.1995093,0.26080036
931,42.20789404304933,41.986984,42.444134,0.014016392126362246,-0.20416112,0.25597197
932,42.25642941065709,42.034573,42.493538,0.017172279825793998,-0.20233303,0.2589957
933,42.29912470163127,42.07922,42.533997,0.014735164170075806,-0.20284356,0.2544476
934,42.345495206119075,42.1262,42.581764,0.01576970351261841,-0.20277143,0.25586957
935,42.39458833935843,42.17461,42.63144,0.01960231776874475,-0.1990162,0.26153287
936,42.43599081596074,42.214855,42.673176,0.015604162534821093,-0.20354718,0.25960028
937,42.4798124893377,42.259438,42.716255,0.013809984454962353,-0.20448771,0.2565371
938,42.524878432231894,42.304375,42.763706,0.013553363658992327,-0.20475142,0.2564532
939,42.564150751136815,42.34417,42.801624,0.0075318329884607625,-0.21027555,0.24900442
940,42.60881962880564,42.3893,42.84661,0.00676948423826402,-0.2112503,0.24689499
941,42.64802597472093,42.427597,42.885036,0.00048801588361215844,-0.21767068,0.24157982
942,42.69310546913039,42.473156,42.92944,0.0003392523839506537,-0.21767314,0.24203122
943,42.742592040292614,42.522232,42.97969,0.00446303298750043,-0.21430022,0.24614422
944,42.79085012613066,42.571175,43.029022,0.007379450875768763,-0.20870335,0.24691793
945,42.83966943302435,42.618988,43.076527,0.011021065535959529,-0.20635314,0.25186405
946,42.88857705391372,42.668606,43.125145,0.014450003674485087,-0.20320998,0.2560591
947,42.9381324803712,42.719357,43.17528,0.018636165923358507,-0.19896503,0.2598957
948,42.98279332438262,42.763535,43.22095,0.01797110438454904,-0.20047726,0.25928104
949,43.0306751599252,42.810352,43.270596,0.020423453412647005,-0.19873533,0.2632412
950,43.074324739304224,42.854034,43.313988,0.018543885883651974,-0.20088723,0.26023617
951,43.11607468936457,42.89471,43.35718,0.01514571707133305,-0.20594636,0.25885975
952,43.164101087853375,42.940002,43.407665,0.017919905173777926,-0.2050122,0.26328412
953,43.209745799521784,42.985096,43.453,0.01824354148390288,-0.20565833,0.2630139
954,43.251383753300644,43.02719,43.495026,0.014520524838724059,-0.20835347,0.26029822
955,43.296004495534824,43.07118,43.538036,0.013536390037134752,-0.21037707,0.2587558
956,43.339593975222876,43.116272,43.58156,0.01197727016773614,-0.209828,0.25548306
957,43.38481123014865,43.162037,43.626762,0.011954230997742102,-0.20812021,0.2544394
958,43.430191607256205,43.207245,43.670334,0.012013136601811254,-0.20814203,0.25526708
959,43.476738402605484,43.252712,43.716404,0.013252882504688574,-0.20794964,0.25667328
960,43.52833347793334,43.305523,43.76632,0.019546095269091734,-0.20078103,0.26316968
961,43.57135858436139,43.348034,43.809998,0.017123345000558163,-0.20419905,0.2602162
962,43.61943262837951,43.39365,43.86002,0.01999243458670791,-0.20275547,0.2652822
963,43.65628701213027,43.430367,43.8971,0.011526632766807965,-0.21174659,0.25817457
964,43.69963556935569,43.47261,43.942024,0.009266302490391362,-0.21454158,0.25587484
965,43.747579841803365,43.519436,43.990295,0.011755209273471234,-0.21266443,0.2593985
966,43.79599723707373,43.568726,44.04022,0.014801682135840925,-0.20926951,0.2637873
967,43.839008347724636,43.610817,44.0829,0.012632657343186925,-0.21148404,0.26168108
968,43.88522514464788,43.657547,44.12957,0.01354462604760704,-0.21118182,0.26264998
969,43.93192356209296,43.70309,44.179356,0.015008422305192932,-0.21035536,0.26798287
970,43.9812916838245,43.752167,44.227257,0.018984462772644324,-0.20557238,0.26985833
971,44.02297048980889,43.796577,44.26761,0.015321805931299474,-0.2068566,0.2637804
972,44.07133649576985,43.846138,44.31531,0.018331285945499452,-0.20379095,0.26763043
973,44.116845821348655,43.891037,44.36152,0.01861225056657873,-0.2051324,0.26913995
974,44.159416895831356,43.93256,44.40368,0.01579488692042086,-0.2090598,0.26691267
975,44.20871485275519,43.980328,44.453686,0.019990090833822572,-0.20465499,0.27075094
976,44.256245500452515,44.02831,44.500305,0.022198154701357387,-0.20244688,0.27243662
977,44.30186548155324,44.077354,44.543804,0.022535241689391607,-0.19996089,0.27034968
978,44.350734157526226,44.12518,44.59318,0.026200580202616106,-0.19649132,0.27422938
979,44.39580248794602,44.17103,44.63799,0.026000395222166118,-0.19716208,0.27453867
980,44.44172124735883,44.216145,44.685028,0.02644744357056239,-0.1980016,0.2752972
981,44.48863415862448,44.26293,44.73136,0.027887457547077703,-0.19635679,0.2765421
982,44.52853533763785,44.301376,44.77336,0.022416260631656235,-0.20321283,0.27221736
983,44.576224062551226,44.34735,44.82119,0.024641070538113007,-0.20230962,0.2760595
984,44.6204840136177,44.392017,44.865456,0.023549303005899472,-0.20318227,0.27506503
985,44.6669447131627,44.43767,44.913277,0.02487480988423207,-0.20296651,0.27714905
986,44.71324053957376,44.484722,44.958843,0.02583749562113103,-0.20144354,0.27804476
987,44.75857131535563,44.530365,45.00361,0.025785504472332483,-0.20073731,0.27680194
988,44.809474795623686,44.580967,45.05618,0.031425295763769616,-0.19572526,0.2830882
989,44.85371821442232,44.62406,45.100235,0.030335804668405887,-0.19612458,0.2825942
990,44.897537626305635,44.667645,45.146843,0.029194333549839514,-0.19802749,0.28265828
991,44.94109588832247,44.709965,45.190777,0.02725015363031947,-0.20228194,0.28181633
992,44.990958644166135,44.759377,45.24052,0.03170714171422103,-0.19734654,0.28693452
993,45.036811003549275,44.805058,45.28826,0.03216913327512768,-0.19817698,0.2872549
994,45.08503470366497,44.852543,45.336323,0.03519142677645571,-0.19541708,0.29062754
995,45.131990725740316,44.899006,45.38273,0.03697892538903294,-0.19472426,0.294028
996,45.173521475503975,44.940487,45.423355,0.033314548228527356,-0.19859824,0.28940293
997,45.21978798341842,44.9887,45.46901,0.034148854117327335,-0.19747639,0.28927347
998,45.26842821178728,45.035534,45.519405,0.03763310074733177,-0.19359869,0.2930842
999,45.31244933018929,45.07804,45.56308,0.03642808142943775,-0.19557837,0.29348457
1000,45.35754667758412,45.124374,45.607853,0.036310072967259195,-0.19510469,0.2920989
1001,45.39844052374037,45.16734,45.646526,0.03202564119520409,-0.1980257,0.28669727
1002,45.44393718256346,45.212715,45.692432,0.032303380658769226,-0.19686554,0.2867096
1003,45.48948608983214,45.258045,45.737312,0.03262621417581618,-0.19592723,0.28706285
1004,45.533404429636384,45.30364,45.780926,0.031149018142563493,-0.19670406,0.28519762
1005,45.57690507198922,45.347282,45.82443,0.029127802265841028,-0.19877942,0.28434548
1006,45.62210921993118,45.391663,45.870316,0.028943352654041198,-0.20002839,0.28347257
1007,45.67071127655138,45.439896,45.919014,0.0324117857012113,-0.19740006,0.28688163
1008,45.718597308476646,45.485294,45.969006,0.03492952281387507,-0.19820975,0.29371625
1009,45.76175113779529,45.529503,46.012135,0.03270237928215989,-0.20002277,0.29073158
1010,45.80803600845149,45.575718,46.058495,0.03365163693099851,-0.19975196,0.2920113
1011,45.8551452722102,45.621426,46.10542,0.03543274615995977,-0.19723742,0.29405162
1012,45.90312608256603,45.667374,46.155964,0.038205833504408857,-0.19739714,0.29946256
1013,45.95195830234822,45.717632,46.20324,0.04160762562818598,-0.19177635,0.3021611
1014,45.99619179058887,45.76086,46.24788,0.04076707559116463,-0.19388844,0.30222037
1015,46.04326438016642,45.807278,46.29523,0.04255708549023848,-0.19285528,0.3028421
1016,46.08845230420315,45.851162,46.341858,0.042462298326189724,-0.19440447,0.3040922
1017,46.135481056315186,45.898384,46.39067,0.044042206951829026,-0.19237608,0.30554757
1018,46.179641073708325,45.943966,46.432976,0.04288315880030867,-0.19315813,0.30353373
1019,46.22319813276427,45.98584,46.477146,0.041174972620355514,-0.1964714,0.30286464
1020,46.268931810005725,46.03101,46.522785,0.04166554808148528,-0.19545282,0.303362
1021,46.314365984456494,46.0778,46.567566,0.04187578577766823,-0.19576213,0.3032928
1022,46.358327989706716,46.120876,46.612915,0.040510190453794295,-0.19750915,0.30282676
1023,46.40488073322512,46.16617,46.65928,0.0418051596639266,-0.19665453,0.30346566
1024,46.45529506971512,46.215096,46.710995,0.04700870034700882,-0.19375433,0.3111404
1025,46.50581728375769,46.26478,46.76127,0.05193588674540955,-0.18786576,0.31631997
1026,46.55126859334383,46.308937,46.807358,0.05208098659245016,-0.18877704,0.31628677
1027,46.591507082416236,46.348213,46.848404,0.04718164112136636,-0.19505502,0.3135375
1028,46.63643906132518,46.39191,46.894527,0.04690367096284287,-0.19601777,0.31472325
1029,46.68024132075872,46.433712,46.94196,0.04542463467883598,-0.19891247,0.3158045
1030,46.719815927095006,46.471817,46.98164,0.039695037119100295,-0.20593414,0.31165347
1031,46.76121381168537,46.51482,47.02175,0.03572936263380542,-0.21069403,0.30680552
1032,46.8032949845279,46.557423,47.064667,0.03231128583144869,-0.21450345,0.3024008
1033,46.84987135357578,46.604313,47.111084,0.03363503779631025,-0.21284239,0.3023363
1034,46.892874735611635,46.64899,47.152798,0.03125906895754573,-0.21458775,0.2980653
1035,46.940042257322354,46.696587,47.19979,0.03304047011073605,-0.21146,0.29923037
1036,46.98438170164505,46.739933,47.2443,0.03187203684428981,-0.2151036,0.29861048
1037,47.02835437523559,46.783348,47.287796,0.030484645066204567,-0.21590376,0.29685724
1038,47.07287923210823,46.825645,47.335243,0.02972189989957227,-0.21734884,0.29924947
1039,47.113800797285876,46.869186,47.37543,0.025617411437514725,-0.21937391,0.29319316
1040,47.157750546640735,46.91138,47.420353,0.02407021622138455,-0.22150026,0.29347152
1041,47.20111147002709,46.95457,47.463207,0.022011556345327164,-0.22412892,0.2911027
1042,47.24638026833335,46.999035,47.50877,0.022039962251200473,-0.22437082,0.29226667
1043,47.29095824368738,47.044437,47.554005,0.021300737922048268,-0.22636129,0.29133183
1044,47.330457651818115,47.08339,47.5933,0.015396777492304177,-0.23263136,0.2868244
1045,47.37952416897005,47.13343,47.640118,0.019268465033525525,-0.22573416,0.28853783
1046,47.419429173068075,47.173183,47.67982,0.01381610590657683,-0.23150979,0.28169376
1047,47.46145293360117,47.216564,47.72065,0.01088036786771912,-0.23362315,0.27823824
1048,47.51080674390389,47.265945,47.769527,0.014903621809118472,-0.22807217,0.28214782
1049,47.55907458241304,47.315056,47.818108,0.017648140019864634,-0.22452152,0.28426796
1050,47.6013945033085,47.356792,47.859818,0.014721220357705471,-0.22719435,0.2804313
1051,47.64713066036511,47.403,47.90511,0.014976443315749618,-0.22485457,0.27950463
1052,47.69244718480808,47.44838,47.94999,0.015010162227697499,-0.22580735,0.28039786
1053,47.73483526857185,47.490097,47.9929,0.01211250855084158,-0.22953165,0.2779249
1054,47.78446469964187,47.54126,48.04238,0.01668117033077384,-0.2240886,0.27973196
1055,47.824461184297434,47.58105,48.08333,0.011405927274788204,-0.22999476,0.27569774
1056,47.873467487713015,47.629375,48.132217,0.015056008724931059,-0.22700194,0.27882382
1057,47.91628873026602,47.673164,48.17294,0.012430847516361547,-0.22935122,0.2754849
1058,47.96065594059035,47.717655,48.217033,0.01157116424553755,-0.22967596,0.27478597
1059,48.00887511732357,47.768047,48.264908,0.01457898761298136,-0.2264531,0.27676946
1060,48.05479483810689,47.811813,48.312946,0.015345095125497418,-0.22657767,0.2796047
1061,48.10513010597549,47.862064,48.362988,0.02018232868334917,-0.22225308,0.28472653
1062,48.15144772309918,47.908863,48.408794,0.02126907953496198,-0.22036286,0.28532305
1063,48.1963823154805,47.95382,48.453445,0.020811022381284666,-0.22028366,0.28521365
1064,48.24047128826199,47.99903,48.49537,0.019477885552656823,-0.22083697,0.28185564
1065,48.28319228989668,48.041466,48.53859,0.016826973732147744,-0.22418018,0.27848595
1066,48.33188088076171,48.09011,48.586525,0.020029777454851093,-0.2214186,0.28148603
1067,48.379185071707035,48.136772,48.634953,0.022177431966081303,-0.21884051,0.28518778
1068,48.42542795985184,48.18471,48.678825,0.02301166643648945,-0.21638611,0.28359655
1069,48.47018388210688,48.2296,48.72483,0.02255417982680654,-0.2176809,0.28301084
1070,48.516133917515866,48.278446,48.76831,0.02312102720647549,-0.2144824,0.28255215
1071,48.56277438841055,48.32417,48.815964,0.024450522833184326,-0.21357352,0.28474283
1072,48.60795327834016,48.369713,48.86048,0.02437245096281569,-0.21381228,0.28413594
1073,48.652680965015406,48.415688,48.904106,0.023532658302563503,-0.21222992,0.28103805
1074,48.69687538870499,48.459415,48.948315,0.02247172708179363,-0.2138647,0.27910507
1075,48.74167294064894,48.50438,48.99249,0.021654013530071136,-0.21474971,0.27776882
1076,48.78372709682311,48.54781,49.034668,0.01809522518039961,-0.21735917,0.27405098
1077,48.829238502244955,48.593037,49.079792,0.01817061294467421,-0.21656907,0.27376518
1078,48.87651268369234,48.639423,49.126953,0.02009755949074697,-0.21511485,0.2768269
1079,48.922757708417905,48.685204,49.17369,0.020767912715773364,-0.21512324,0.27843064
1080,48.96791841990864,48.729916,49.219193,0.020507411462436044,-0.215635,0.27803478
1081,49.018370002675276,48.779266,49.27098,0.0257558994243151,-0.21190923,0.28449064
1082,49.06120974273121,48.822933,49.31329,0.02347622445419121,-0.21335699,0.2818466
1083,49.10368960783111,48.86417,49.35579,0.020610833983805945,-0.21628852,0.27860558
1084,49.15047669199199,48.910847,49.401806,0.021729356309651934,-0.21615028,0.2800043
1085,49.19695161828093,48.959164,49.446648,0.02279879067034101,-0.21396779,0.27947104
1086,49.24261594979918,49.005356,49.49252,0.02314823460214927,-0.21269642,0.27883494
1087,49.29070481059342,49.053818,49.53846,0.025991929178501422,-0.20877591,0.2796754
1088,49.340056687607984,49.103275,49.586586,0.02982819860894899,-0.20403239,0.28281713
1089,49.380685824970406,49.144478,49.62798,0.025273074622546767,-0.20847942,0.27920577
1090,49.42720948320041,49.191525,49.675663,0.02652442834382642,-0.20700729,0.28106505
1091,49.4749673417025,49.24024,49.72063,0.02915243826573388,-0.20204459,0.2807846
1092,49.5223448613479,49.288383,49.767838,0.03121665705950677,-0.19884524,0.28272614
1093,49.56594690684458,49.33202,49.811707,0.02945481777545339,-0.2011159,0.28049546
1094,49.6078301325842,49.37411,49.85417,0.026118473559296657,-0.20473799,0.2778518
1095,49.65443233930789,49.41991,49.900856,0.027375008572170328,-0.20420836,0.2791009
1096,49.69672544112045,49.462147,49.94323,0.024332503844174732,-0.20678441,0.27562904
1097,49.73533602143868,49.499783,49.980385,0.017739722107780975,-0.21290718,0.2697559
1098,49.777078983725815,49.54321,50.02151,0.01437448570411792,-0.21574132,0.2657405
1099,49.81949852608394,49.586,50.06422,0.011318203691586936,-0.21876189,0.26104325
1100,49.8656558080882,49.631535,50.110184,0.012007263924958841,-0.21812798,0.26204252
1101,49.91181000407129,49.67876,50.156578,0.013085221953321177,-0.21614891,0.2642206
1102,49.957016216172455,49.72272,50.201893,0.013014351030709137,-0.21705545,0.2635213
1103,50.00694575221325,49.773174,50.25175,0.0173945088842846,-0.21270785,0.26740623
1104,50.051052079543645,49.819168,50.294823,0.01618815667302693,-0.21243344,0.26539674
1105,50.09621476900876,49.86425,50.339832,0.016280125798449837,-0.21202323,0.26523003
1106,50.14106613026324,49.906803,50.38634,0.01574261290659175,-0.21477742,0.2650617
1107,50.18323702629618,49.949932,50.427055,0.0125143439288762,-0.2169125,0.2624988
1108,50.23040275717025,49.994297,50.479675,0.014286941737092466,-0.21922168,0.2684608
1109,50.2797075654331,50.042625,50.530712,0.018367624549605093,-0.21436514,0.27419978
1110,50.32304059124731,50.0858,50.57207,0.016473728021533327,-0.21713574,0.27155885
1111,50.36400617723054,50.126877,50.613758,0.012168279696044637,-0.22124836,0.26733088
1112,50.41176293565593,50.173855,50.66239,0.014432009534395085,-0.22064069,0.27071232
1113,50.45623484171521,50.217052,50.70731,0.013750487348628238,-0.22230986,0.27030373
1114,50.50381950750535,50.26779,50.7503,0.016044835591444023,-0.2173633,0.27040043
1115,50.547487616937914,50.309116,50.796307,0.014233643979009851,-0.22235721,0.27004543
1116,50.594118715436615,50.356014,50.843784,0.015936914156297954,-0.21951038,0.2713973
1117,50.643780669921405,50.405113,50.894123,0.02018035589034595,-0.21566918,0.27644238
1118,50.69448704207251,50.456676,50.945026,0.02540174147463945,-0.21047778,0.2831426
1119,50.7368245434438,50.499416,50.988136,0.022550829105026576,-0.21349387,0.27969295
1120,50.787716240032154,50.550713,51.038067,0.028210070077309416,-0.20663482,0.28505456
1121,50.828616333171986,50.591846,51.07888,0.023914471217738497,-0.21200341,0.28105995
1122,50.8733126436684,50.63469,51.12341,0.023123028379594436,-0.21399815,0.2801345
1123,50.92905740246557,50.692757,51.17891,0.03349955452517727,-0.20064154,0.2892286
1124,50.9788018154478,50.740913,51.22961,0.037803499068283966,-0.19747765,0.29309756
1125,51.02309389238952,50.785397,51.27382,0.03689647159141662,-0.19712907,0.2923462
1126,51.069071545161826,50.83154,51.31934,0.037667857516394454,-0.19639103,0.29416215
1127,51.11238443227726,50.873684,51.361675,0.03595399729789514,-0.19798045,0.2928745
1128,51.159326900765045,50.922073,51.407497,0.037478477741308455,-0.19492316,0.29267475
1129,51.205854221175045,50.96996,51.45238,0.03868262420160729,-0.19283524,0.29219243
1130,51.24585181999449,51.010643,51.49205,0.0337149685883701,-0.19743536,0.28631097
1131,51.29274482610322,51.0579,51.537945,0.0353729661473677,-0.1950988,0.28765374
1132,51.34220935793031,51.107727,51.58687,0.03946742696248256,-0.19168381,0.29122412
1133,51.39011767257877,51.154663,51.635044,0.04208529529956883,-0.18981779,0.2930138
1134,51.436156920047914,51.202187,51.68103,0.04300540886617753,-0.18819055,0.29411772
1135,51.47852457188079,51.24424,51.724396,0.040194603951370915,-0.19185063,0.29120794
1136,51.52456313074945,51.291924,51.76998,0.04087665175220422,-0.19081214,0.292012
1137,51.56941891142576,51.337402,51.814934,0.04039720828123801,-0.18986325,0.29042202
1138,51.612275658444446,51.38019,51.85848,0.03783535201610757,-0.19315568,0.28764987
1139,51.65242881793821,51.421333,51.898235,0.032708817018870004,-0.19730034,0.28174868
1140,51.69907013519835,51.468643,51.94527,0.033800938449476195,-0.19614728,0.28386775
1141,51.752328400289436,51.52035,51.999763,0.041569075238265904,-0.18792328,0.29221532
1142,51.79720403605696,51.564907,52.045742,0.04110035786426121,-0.18886554,0.29245523
1143,51.84281032948061,51.61156,52.088795,0.04135313168487286,-0.1878905,0.29164183
1144,51.89125330619807,51.65947,52.137325,0.04454022998791,-0.18429141,0.29525977
1145,51.934617136168484,51.705482,52.178722,0.04259201174972887,-0.18411121,0.29076457
1146,51.97917321572758,51.750504,52.223827,0.041835093247566575,-0.1851304,0.29021308
1147,52.02469569771791,51.797935,52.26789,0.04186527546393278,-0.18322136,0.2894754
1148,52.070668718088776,51.842213,52.314682,0.042635739169558914,-0.18322113,0.29198423
1149,52.11818566427849,51.88847,52.363132,0.0448291668073006,-0.18262291,0.2953819
1150,52.16664132488968,51.93748,52.41218,0.04812723913026076,-0.1790488,0.2988186
1151,52.21488540334437,51.984318,52.461082,0.05091305913040536,-0.17612405,0.30187434
1152,52.262347750784656,52.033142,52.508793,0.05288033605651121,-0.17430408,0.30435744
1153,52.30744284587095,52.079937,52.55164,0.052816990681263644,-0.17215095,0.30193678
1154,52.35946280627638,52.1325,52.604073,0.0597257176354105,-0.16451201,0.30802155
1155,52.40608436309942,52.17915,52.649693,0.06094032849000919,-0.16267708,0.31001875
1156,52.448886246049895,52.221592,52.692173,0.05814628801198474,-0.16623397,0.30571836
1157,52.49446013685382,52.266308,52.738216,0.05842354819217961,-0.16692808,0.30676153
1158,52.53886843095405,52.310326,52.78217,0.05753844007521747,-0.16827375,0.3059135
1159,52.58489474187671,52.35489,52.830933,0.058275108516766955,-0.16947266,0.3086648
1160,52.63274004750192,52.402622,52.87922,0.0608535519984164,-0.16820167,0.31362137
1161,52.679370627621616,52.44858,52.925537,0.062158418012126834,-0.16674984,0.3131061
1162,52.72233120024727,52.492443,52.96965,0.05999123161665112,-0.16770382,0.31103885
1163,52.76357403784029,52.534283,53.009438,0.05589887611764825,-0.17123032,0.30493012
1164,52.80690344027463,52.57619,53.05442,0.053812168748516374,-0.17478219,0.3051989
1165,52.852164784290004,52.619637,53.10185,0.053690719712184094,-0.17706105,0.30712882
1166,52.89747893789401,52.664314,53.14693,0.053718678677690784,-0.17694063,0.30695993
1167,52.93706426490247,52.704987,53.186405,0.047877786350423404,-0.18154418,0.30119926
1168,52.98155898494533,52.749058,53.2314,0.04698801902249191,-0.18323445,0.30069315
1169,53.0260813347051,52.79319,53.277687,0.04600868721260663,-0.18533607,0.30004627
1170,53.07395500570824,52.842854,53.322487,0.04876728564190398,-0.18171708,0.3020635
1171,53.117742755449655,52.884384,53.368824,0.047177369791785766,-0.18566066,0.30263504
1172,53.16510246714161,52.93132,53.415718,0.04939574522020148,-0.1827596,0.30402505
1173,53.20741653199555,52.975735,53.456505,0.046467092852298206,-0.1830545,0.29830834
1174,53.24770302882187,53.01636,53.496983,0.04123051041815506,-0.18779229,0.2940851
1175,53.29034571745305,53.059135,53.538998,0.03853023269505797,-0.19088866,0.29124185
1176,53.33812301446544,53.107937,53.58494,0.04086314585678255,-0.18688771,0.29270247
1177,53.38400705345619,53.155678,53.628582,0.041253847197400245,-0.18402548,0.28990936
1178,53.432031956986435,53.203896,53.67679,0.04369924193507134,-0.18195437,0.29214045
1179,53.47580986272008,53.248657,53.720203,0.0420243735340094,-0.18238534,0.28889832
1180,53.51848083279707,53.292095,53.76251,0.03936097975775231,-0.18492231,0.28662533
1181,53.56198173781723,53.335323,53.80736,0.03746529119278148,-0.18770415,0.28561345
1182,53.6070712157846,53.380108,53.852966,0.03731502637952855,-0.18887538,0.2852529
1183,53.64823819426808,53.420567,53.894093,0.033200576336256074,-0.19168134,0.2807709
1184,53.69089165689591,53.46251,53.937088,0.03041885555886052,-0.19608083,0.2787101
1185,53.7387798038023,53.509216,53.986546,0.03310582888298044,-0.19372097,0.28273088
1186,53.784168719085564,53.555393,54.030598,0.03280804864378013,-0.19351935,0.28146303
1187,53.82781506687828,53.598,54.074398,0.03128406310159417,-0.19591978,0.2813458
1188,53.8728222197736,53.642365,54.120323,0.0310965098484254,-0.19687052,0.2824815
1189,53.91596442870479,53.68352,54.164856,0.02903962131984635,-0.20024696,0.28103897
1190,53.960553205928754,53.72609,54.210117,0.028456689537208014,-0.20234776,0.2819872
1191,54.00938473939977,53.7753,54.258904,0.03190671887008663,-0.19865933,0.2857491
1192,54.05509263482764,53.82185,54.30305,0.032430064881210925,-0.19672194,0.2846937
1193,54.10205685650329,53.87131,54.348705,0.033939140589257684,-0.1937707,0.284664
1194,54.147353092044035,53.91626,54.39322,0.03385657688211503,-0.19383883,0.28497767
1195,54.194812458233486,53.963818,54.442654,0.03586226459188943,-0.19319674,0.2871547
1196,54.239475328866156,54.008694,54.487217,0.03511220555277345,-0.1934153,0.28642273
1197,54.28951193662673,54.058372,54.53711,0.03985130964801818,-0.18830813,0.28926924
1198,54.332419760246935,54.10266,54.57925,0.03764330156551523,-0.18963341,0.2872998
1199,54.37419776624527,54.14488,54.62005,0.034285778494337886,-0.19258144,0.28481564
1200,54.418484076937574,54.189434,54.66545,0.03312571104092785,-0.19319414,0.28303725
1201,54.467489202125016,54.237698,54.71474,0.03644708574572012,-0.19046779,0.28680196
1202,54.51379847309295,54.283714,54.76046,0.03749187533796377,-0.18942486,0.2882479
1203,54.55927732144263,54.32889,54.805107,0.03758809950838192,-0.18994161,0.28795278
1204,54.60247250599518,54.371975,54.85027,0.03529645241724686,-0.19239813,0.28623068
1205,54.647268495049545,54.41596,54.89402,0.03490588483345542,-0.19292656,0.28640434
1206,54.688705141907334,54.458397,54.93325,0.031009530496172222,-0.19592433,0.2812241
1207,54.73403356099017,54.50411,54.98012,0.031064683455387494,-0.19612005,0.2814395
1208,54.77773447154916,54.547047,55.024536,0.029394891898286826,-0.19781265,0.2786016
1209,54.824754101014584,54.59387,55.070496,0.03105852118450276,-0.19567265,0.28049412
1210,54.86895156130025,54.637897,55.115227,0.0297768038237467,-0.19751361,0.28011182
1211,54.9173315478789,54.68576,55.16425,0.032671577399063415,-0.19720715,0.2845336
1212,54.960301907589574,54.72886,55.206944,0.030379151398473397,-0.19876066,0.2810866
1213,55.00339747538571,54.77026,55.25079,0.028389681001520613,-0.20119558,0.28017002
1214,55.044945617553964,54.81161,55.292675,0.02444959197251791,-0.2045366,0.27576548
1215,55.08847211804287,54.85582,55.33418,0.022597339417491157,-0.20716691,0.27225447
1216,55.13264998378508,54.900578,55.37846,0.021571150019859195,-0.20763783,0.27140683
1217,55.176381358201,54.944786,55.42106,0.019948898932097676,-0.20751615,0.26862407
1218,55.225482119358944,54.99412,55.46999,0.023581315591980692,-0.20429519,0.2718841
1219,55.27101245848077,55.03905,55.51651,0.023559369429636087,-0.20522277,0.27205172
1220,55.31729941953105,55.08544,55.56299,0.024382971147606142,-0.2042742,0.2738859
1221,55.362937546507595,55.13186,55.60772,0.024482003447088008,-0.20450816,0.27330524
1222,55.40950016694564,55.17849,55.65365,0.02566187289320844,-0.20272073,0.2744688
1223,55.456608731188346,55.224632,55.70188,0.027460360205643772,-0.20162484,0.27792847
1224,55.50007873863161,55.268085,55.74386,0.025596038783857668,-0.20323475,0.27368796
1225,55.547037756241224,55.31334,55.792004,0.027150942139872954,-0.20291136,0.27811745
1226,55.59165497577804,55.35736,55.836143,0.026211563630688234,-0.2039078,0.2766737
1227,55.643232914687324,55.409718,55.886475,0.03268658266568792,-0.19657356,0.2824416
1228,55.69694733694961,55.46547,55.938927,0.04113102103875792,-0.18724145,0.2893617
1229,55.746154913306164,55.515217,55.988174,0.045122324331730704,-0.18278588,0.29364583
1230,55.79056014569472,55.560566,56.030453,0.04420869724618869,-0.18137173,0.29023919
1231,55.840372985441654,55.610004,56.080456,0.04863987827109946,-0.1787764,0.29589078
1232,55.88632201895349,55.656853,56.126446,0.04932734612867075,-0.17752533,0.2973967
1233,55.92855415553213,55.69758,56.169094,0.04609101839904125,-0.18155155,0.29442042
1234,55.97233933201119,55.74131,56.21188,0.044397345212341746,-0.18242705,0.29230398
1235,56.01468243050404,55.784428,56.25433,0.04123567587283441,-0.1859564,0.28782722
1236,56.05591927009684,55.826447,56.294548,0.037186057725585836,-0.18881139,0.2830907
1237,56.10729311721148,55.876114,56.34709,0.04332127511598109,-0.18412867,0.2915863
1238,56.15017809737118,55.918293,56.38983,0.04074158626160893,-0.18725184,0.28934523
1239,56.20057312674207,55.96978,56.438198,0.04602330227504377,-0.1803765,0.29203978
1240,56.247801409230064,56.016766,56.48571,0.047962255857511175,-0.17811716,0.29424915
1241,56.29100663475462,56.061523,56.528324,0.04567143052894314,-0.1803403,0.29156175
1242,56.336429802325235,56.1056,56.57656,0.045819663958481124,-0.18241788,0.29352674
1243,56.37795038675331,56.145744,56.61824,0.04197884924400896,-0.1881019,0.29176936
1244,56.41954106039871,56.18743,56.66031,0.03842218167116085,-0.19094537,0.28829804
1245,56.46644882763931,56.234203,56.706715,0.04003218287954184,-0.188277,0.28806394
1246,56.508634263209316,56.27585,56.749313,0.036912470513577114,-0.19254208,0.28706127
1247,56.5496683581326,56.318012,56.78929,0.03248560199566183,-0.19688034,0.28165632
1248,56.59030270322555,56.35901,56.82856,0.027737765712873792,-0.20038655,0.27580744
1249,56.632795923361776,56.402756,56.869644,0.02501162263824711,-0.20258242,0.27146038
1250,56.67827544346115,56.44869,56.91477,0.025142866805926537,-0.20278887,0.27101386
1251,56.722163618011116,56.493813,56.95834,0.023927467536680323,-0.2024811,0.2684384
1252,56.768662925014276,56.538948,57.00684,0.025129564562557525,-0.2016779,0.27175838
1253,56.81378205307656,56.58314,57.0522,0.02481221258648926,-0.20333634,0.27257589
1254,56.85534917533314,56.62602,57.09195,0.020982286793865327,-0.20645887,0.2669622
1255,56.89862532837156,56.66668,57.13715,0.01890492365827971,-0.21038683,0.26641196
1256,56.94469345075458,56.71305,57.183075,0.019715286938034555,-0.2095208,0.26659623
1257,56.99179310584657,56.762775,57.228344,0.021530539098449087,-0.20646317,0.26675892
1258,57.03793524047016,56.808838,57.274868,0.02253685124917464,-0.20521685,0.26740965
1259,57.085019972568624,56.856644,57.320812,0.024236152186578472,-0.201653,0.26849213
1260,57.13001135802189,56.90011,57.36799,0.0237087662257704,-0.20412299,0.2704427
1261,57.1758444989387,56.945026,57.415043,0.024127811831857023,-0.2045508,0.27076915
1262,57.22475737099139,56.993835,57.462856,0.027687758920941715,-0.20149843,0.2746207
1263,57.26642603256669,57.03567,57.50367,0.02412896186790601,-0.20506234,0.27033472
1264,57.314065332689594,57.0847,57.550095,0.02643655295506695,-0.20159797,0.2718419
1265,57.3586012799241,57.126972,57.59487,0.02568326989951469,-0.20423016,0.2711855
1266,57.40421317991832,57.17318,57.641506,0.025998974595247727,-0.2035308,0.27159423
1267,57.449155488258036,57.218315,57.686283,0.02587740696232361,-0.20464863,0.27179247
1268,57.49577400344251,57.264988,57.73261,0.0269332056764096,-0.20427367,0.27347553
1269,57.546357250471594,57.314075,57.784534,0.03229483961761545,-0.20008703,0.280344
1270,57.58569014348893,57.353195,57.82291,0.0266400915217951,-0.20556681,0.27486962
1271,57.629621852519286,57.395954,57.868748,0.02534167862384978,-0.20850353,0.27513063
1272,57.6736896318306,57.440098,57.911484,0.023850549058507593,-0.20973986,0.27193472
1273,57.71868299035374,57.4845,57.95788,0.023674609707343298,-0.21038117,0.27200824
1274,57.766754824177276,57.52993,58.0082,0.026455314884353175,-0.2093629,0.27765542
1275,57.81693590155991,57.57883,58.060707,0.031263867845422046,-0.20514217,0.2834952
1276,57.864494397622245,57.6265,58.106792,0.03356001885071291,-0.20313573,0.28442228
1277,57.90608746654778,57.66651,58.150375,0.029712727704033395,-0.20685439,0.28159723
1278,57.9518265697609,57.711544,58.196247,0.03004165599876719,-0.20799349,0.28213865
1279,57.99625295015171,57.75441,58.24118,0.02906340542606698,-0.20850079,0.28172228
1280,58.044351163842265,57.80343,58.28989,0.031731176468989195,-0.20742184,0.28476578
1281,58.08787650171209,57.846344,58.332672,0.03017038399288837,-0.20791066,0.28420913
1282,58.134261110554014,57.89351,58.37839,0.031316221711289303,-0.20677906,0.2850022
1283,58.18239271272157,57.94375,58.425434,0.03425763630883004,-0.2028665,0.2855954
1284,58.22621345238092,57.9871,58.470024,0.03292469718709547,-0.2039678,0.28419766
1285,58.27310285542049,58.03386,58.517746,0.03464049865076477,-0.20244464,0.28692424
1286,58.317506955684394,58.07889,58.56253,0.03387796771191314,-0.20388247,0.2852724
1287,58.36033504488111,58.12383,58.60372,0.03114077607883494,-0.20473441,0.28108326
1288,58.41131572561831,58.174137,58.653294,0.036712116834075895,-0.19783777,0.2867316
1289,58.45447931548926,58.217327,58.69721,0.03460736241657285,-0.20076,0.28579646
1290,58.49807006046429,58.258587,58.742535,0.03290828470571664,-0.20462191,0.28596425
1291,58.545484741006845,58.306797,58.787853,0.03500154275039057,-0.20052792,0.28657836
1292,58.58575094873161,58.34805,58.827114,0.029836689110404664,-0.20448229,0.2796935
1293,58.62943825888106,58.391697,58.872524,0.028154124526630457,-0.2068772,0.2799326
1294,58.67954669711219,58.441643,58.923477,0.03284740478144624,-0.20284906,0.2845882
1295,58.72344161106758,58.485195,58.965843,0.031480726586109856,-0.20505188,0.28233367
1296,58.769378814443265,58.531384,59.01363,0.03209497669751267,-0.20516537,0.2848229
1297,58.81648574643018,58.57556,59.062256,0.03395493453807374,-0.20397055,0.28848124
1298,58.862974277025586,58.62338,59.10802,0.03510302042132983,-0.20248628,0.28914315
1299,58.91141452882395,58.671844,59.157234,0.0381772350046184,-0.19992433,0.29160246
1300,58.95626390440336,58.71665,59.20217,0.037843063834015596,-0.20127307,0.29166853
1301,59.006186481197446,58.766266,59.251526,0.04212980895042793,-0.19680819,0.29575574
1302,59.05003750892976,58.811256,59.294994,0.040559841087230604,-0.19743949,0.2927715
1303,59.09551945420919,58.855427,59.3411,0.04101225600040458,-0.19760606,0.29393533
1304,59.139486366932005,58.900047,59.384594,0.039544276201470684,-0.19789357,0.29190212
1305,59.18682422727324,58.94629,59.43458,0.04151984275892193,-0.19770391,0.29591393
1306,59.23035267679122,58.98989,59.477386,0.03978394115815816,-0.19887963,0.29390994
1307,59.27631529208632,59.034546,59.525234,0.04051906367802971,-0.19943057,0.2960027
1308,59.32088626288325,59.079624,59.568737,0.03986108361358253,-0.19859168,0.2952513
1309,59.3673960244377,59.12798,59.614822,0.041205897471293225,-0.19521168,0.29418007
1310,59.41420794557287,59.175434,59.658653,0.0429021680545162,-0.19222613,0.29396638
1311,59.459626484384636,59.221508,59.704212,0.04301731250442463,-0.19203098,0.2932176
1312,59.50133938095966,59.260983,59.7475,0.039392402670640696,-0.19834143,0.29091582
1313,59.544823295056595,59.304718,59.79146,0.03753090542330708,-0.20148116,0.28951022
1314,59.59742791893258,59.357323,59.845448,0.04458202779427292,-0.19457163,0.2974807
1315,59.644372554722956,59.402775,59.891365,0.0460226815245811,-0.19403268,0.3001743
1316,59.69565395187517,59.45349,59.9433,0.05198938489799318,-0.18936518,0.30793697
1317,59.738761643374325,59.497074,59.986156,0.049778010572106145,-0.19148272,0.30604148
1318,59.78274480494101,59.54222,60.03042,0.048350308024375656,-0.19324374,0.30282417
1319,59.826253728063,59.58385,60.07514,0.046333553761742446,-0.19517685,0.3027862
1320,59.872061846840765,59.627937,60.12222,0.04665665053815317,-0.19773439,0.30489826
1321,59.92154177158844,59.676582,60.17053,0.050691517518725,-0.19352601,0.30913353
1322,59.9629728568261,59.7174,60.211933,0.04681863701909627,-0.19655874,0.30404764
1323,60.0103834234787,59.76378,60.261356,0.04888777354457483,-0.19574137,0.30676472
1324,60.04890908776737,59.802265,60.300114,0.04225999216999298,-0.20277968,0.30119044
1325,60.09821007770179,59.85083,60.349003,0.0462486954070018,-0.19869408,0.30576035
1326,60.14419183708495,59.896587,60.39617,0.0467616233882874,-0.1984211,0.30539498
1327,60.185788503658166,59.939796,60.43577,0.042955935987137976,-0.20062423,0.29981315
1328,60.23271869925999,59.98805,60.4829,0.04446522330140779,-0.19877641,0.30072573
1329,60.27554709242527,60.03043,60.526165,0.04220133237558434,-0.20088916,0.29959822
1330,60.32236323195467,60.076485,60.574074,0.04343136604578035,-0.20012525,0.30184972
1331,60.3722021767424,60.12751,60.623466,0.047917770006736034,-0.1954399,0.304877
1332,60.417459087448535,60.17504,60.667706,0.04794355458542956,-0.19233339,0.3022752
1333,60.45851036301018,60.21466,60.710026,0.043582159704577766,-0.19814226,0.29921898
1334,60.500355661803766,60.254803,60.754345,0.03997528476155218,-0.2029771,0.2977733
1335,60.539309985493205,60.294624,60.79299,0.03368295191446437,-0.2102025,0.29145426
1336,60.583079353779546,60.338245,60.836365,0.03234455186138296,-0.2121018,0.29044464
1337,60.62570850734873,60.38023,60.880966,0.029545282684473654,-0.21492006,0.28820884
1338,60.66864789236115,60.421173,60.922905,0.02712413369174193,-0.21943443,0.28650057
1339,60.71743225162594,60.469864,60.972458,0.030440898996130183,-0.21787298,0.28973767
1340,60.76444994483039,60.51691,61.01956,0.032214957175089855,-0.21569315,0.2914602
1341,60.81965171070532,60.569427,61.079594,0.04210427663528052,-0.20788369,0.30462787
1342,60.86476707212252,60.616188,61.12473,0.04213378835436172,-0.20599926,0.30368102
1343,60.91039421020268,60.661907,61.1698,0.04245369569876523,-0.2053536,0.3034335
1344,60.95885234712371,60.710934,61.218967,0.04528200044298463,-0.20203266,0.30697873
1345,61.00812635040505,60.76185,61.266853,0.04909256697823458,-0.19615166,0.30910146
1346,61.05286594630338,60.803867,61.313126,0.048508782041098035,-0.19893959,0.30981275
1347,61.09986207785332,60.852917,61.359356,0.049973375858825234,-0.19579068,0.31026676
1348,61.14295431339711,60.89467,61.403202,0.047869789228843884,-0.19871818,0.3075882
1349,61.19158524782645,60.94343,61.451855,0.05095858461314951,-0.19738929,0.31002736
1350,61.23677690400905,60.988964,61.49511,0.05086174039081146,-0.1957537,0.3099197
1351,61.278937367096056,61.029556,61.539642,0.047679011118332684,-0.19986899,0.30837965
1352,61.32383256005442,61.074635,61.58296,0.04726002529049908,-0.20088431,0.30790725
1353,61.36412544079813,61.11387,61.623734,0.04243558790285914,-0.20653687,0.30422056
1354,61.40896640036467,61.160187,61.665836,0.042036729348412995,-0.20438842,0.3008964
1355,61.45017964156647,61.202515,61.707375,0.037920466041467225,-0.20763636,0.29643786
1356,61.49923000245288,61.25204,61.75491,0.04175624172363226,-0.20290916,0.29975596
1357,61.5425357481796,61.293533,61.80068,0.03982113828817767,-0.20598304,0.29949787
1358,61.5841494975488,61.335445,61.842148,0.0359427178226291,-0.20843591,0.29596907
1359,61.632023388764644,61.381413,61.892128,0.038637730318650525,-0.20903465,0.3026478
1360,61.67622931595497,61.4248,61.936367,0.03774699788026265,-0.20957097,0.30139846
1361,61.72104062340733,61.46915,61.980217,0.037306959771893,-0.21023393,0.30101216
1362,61.77296942166322,61.52035,62.03473,0.04387627321687772,-0.20523342,0.30763522
1363,61.82257482705317,61.57258,62.081455,0.04827118425508153,-0.19956525,0.31020737
1364,61.872570091360146,61.623474,62.131126,0.053096924510970034,-0.19381744,0.31509095
1365,61.91444128776255,61.664722,62.17221,0.049739587817965954,-0.19660799,0.3108913
1366,61.95823848854143,61.710236,62.214504,0.04808461804979211,-0.1973128,0.30759937
1367,62.00408899984758,61.755733,62.26191,0.048363788878618544,-0.19739376,0.30924937
1368,62.0470655783968,61.799095,62.303677,0.04618277381734985,-0.19880821,0.30687788
1369,62.09426762850613,61.847034,62.349808,0.048247781389800674,-0.1945724,0.30778491
1370,62.138646319150986,61.893566,62.39309,0.047465581157146955,-0.19548494,0.30531135
1371,62.1847448384675,61.939106,62.439484,0.048151579900361986,-0.1955569,0.3063509
1372,62.23279537962038,61.98736,62.48763,0.050823630413774315,-0.19196756,0.3092328
1373,62.27591494235947,62.02945,62.53133,0.0487788914675296,-0.19421433,0.30841967
1374,62.31763711125576,62.07252,62.572887,0.045269151454846654,-0.1967124,0.30383125
1375,62.36158267165174,62.115597,62.616787,0.0437120638754797,-0.19756019,0.302641
1376,62.408013345675634,62.162548,62.66284,0.04502022967128852,-0.19798927,0.3037447
1377,62.451205547614215,62.20477,62.706642,0.042941554211812456,-0.20078084,0.3030581
1378,62.502410765038725,62.256374,62.757305,0.04855089545972644,-0.19566737,0.30854934
1379,62.543110773561516,62.296364,62.799145,0.043616075335357635,-0.20028122,0.30480862
1380,62.58926331421801,62.343414,62.84624,0.04446920969262243,-0.19992372,0.30646938
1381,62.62790055675796,62.380325,62.886562,0.03758924089129127,-0.20791449,0.30033824
1382,62.67693952352574,62.42863,62.93768,0.04139726642903031,-0.20568547,0.30584148
1383,62.72214149465658,62.473644,62.981304,0.04165822442869194,-0.20548423,0.30481362
1384,62.76457771127606,62.514774,63.02431,0.03881591041118468,-0.20931397,0.3037246
1385,62.80647971018702,62.558876,63.06438,0.03515006945546214,-0.21163073,0.29978123
1386,62.85284387130784,62.603252,63.112766,0.0361844752054896,-0.2108945,0.30135354
1387,62.89803859599069,62.647865,63.157673,0.03580945434690011,-0.21006209,0.30099174
1388,62.94246258943109,62.69315,63.20263,0.03474626676638369,-0.21126595,0.3008894
1389,62.9858153539487,62.736233,63.24583,0.032752145985142055,-0.21300599,0.29843935
1390,63.034931013957134,62.783615,63.29668,0.036532526942474136,-0.21159525,0.30457896
1391,63.07650100746733,62.8245,63.33979,0.03280344548057037,-0.21599834,0.30185103
1392,63.11991020432182,62.86697,63.38303,0.030992504289601788,-0.21843286,0.3002109
1393,63.16140527986878,62.90912,63.426205,0.027228320574149235,-0.22195275,0.29606345
1394,63.20316556792001,62.949818,63.46944,0.02369022860336136,-0.22620577,0.29318938
1395,63.248601698616305,62.994263,63.5152,0.023785140796837845,-0.22752248,0.29501376
1396,63.300290033307014,63.044468,63.567574,0.03001956260316613,-0.22170371,0.3017416
1397,63.34335772538489,63.08848,63.610615,0.02752004660152656,-0.2242597,0.2987339
1398,63.394918153548886,63.139355,63.661568,0.033758922910102844,-0.21891607,0.30767182
1399,63.44266176538284,63.18707,63.710354,0.036200862917222326,-0.21662495,0.30981505
1400,63.4854029645331,63.229115,63.755005,0.033755456942378026,-0.21881133,0.30883187
1401,63.53076048621039,63.273357,63.801136,0.03366631744042777,-0.21861227,0.30861005
1402,63.57157725117997,63.314167,63.84137,0.029193655667715153,-0.22418402,0.30290678
1403,63.61826274347122,63.36226,63.888,0.030586847501440813,-0.22271343,0.30414346
1404,63.65494844755567,63.398426,63.925484,0.021942094835561525,-0.23106281,0.29717404
1405,63.7001360588446,63.442814,63.97091,0.0218265722838853,-0.231486,0.29738694
1406,63.75056502165932,63.493153,64.02098,0.026952045286730442,-0.22696428,0.30329758
1407,63.79449655790818,63.53655,64.064224,0.025581741465960702,-0.22858204,0.30090186
1408,63.84056386226124,63.582108,64.111946,0.02655601708035955,-0.22917761,0.30347642
1409,63.8900512273139,63.633163,64.15969,0.030721156160366046,-0.22417074,0.30588773
1410,63.93500372659161,63.678627,64.20374,0.030161974310244952,-0.22379252,0.30500078
1411,63.97398877482583,63.718254,64.242294,0.02364418957072797,-0.23074001,0.29904735
1412,64.01722465533163,63.76216,64.283905,0.02147546247671842,-0.23171441,0.29547912
1413,64.0655165857629,63.81109,64.33173,0.024317870399724942,-0.2273542,0.29801157
1414,64.1121909869908,63.857758,64.37807,0.02566125711084833,-0.2244966,0.2976508
1415,64.15524450191064,63.901566,64.4209,0.0234987248726917,-0.22661665,0.29521602
1416,64.19641949571215,63.94245,64.46175,0.01927742657502822,-0.23094007,0.29113865
1417,64.24366799774234,63.989517,64.51024,0.021167710415341986,-0.22971462,0.29227123
1418,64.29111811945072,64.03733,64.55809,0.02300364077387819,-0.22837493,0.29411983
1419,64.3352242073355,64.08251,64.5988,0.02168197652829497,-0.22867325,0.29228786
1420,64.3829148569302,64.129906,64.64848,0.02406760509983105,-0.226578,0.29461685
1421,64.43370289701161,64.18302,64.69784,0.029465117002346723,-0.21916845,0.2978242
1422,64.48211997912074,64.23102,64.745,0.032847089952651516,-0.21596052,0.29968423
1423,64.52829218342211,64.27963,64.789925,0.03379025381985183,-0.21253656,0.2984338
1424,64.57050894230811,64.32264,64.83119,0.03077448690708613,-0.21494831,0.2945791
1425,64.62194971832098,64.371864,64.88585,0.03697179382212954,-0.21097681,0.30388004
1426,64.66593771494541,64.415115,64.92925,0.035795357525787205,-0.21254943,0.3018558
1427,64.70878731061757,64.45735,64.97262,0.03328665944377271,-0.21520598,0.3013999
1428,64.75405501971086,64.504456,65.01698,0.03331279871404429,-0.21525852,0.3001519
1429,64.79988015484112,64.54789,65.062805,0.03370943109903465,-0.21554361,0.3014979
1430,64.84299766580476,64.591354,65.1077,0.03155182368347445,-0.21757548,0.2991209
1431,64.88568918974228,64.63447,65.1493,0.0291324223942444,-0.2191326,0.29566786
1432,64.93772950494488,64.68562,65.20248,0.035728998987244145,-0.21421255,0.30460328
1433,64.97998257018467,64.72629,65.24484,0.0327990540312848,-0.21781571,0.30141482
1434,65.02376608507602,64.77034,65.28842,0.031202719760141343,-0.2199848,0.2995663
1435,65.0668542274556,64.81207,65.333374,0.029017215981174474,-0.2232754,0.2979755
1436,65.10914871489102,64.85417,65.377205,0.026024049244846373,-0.22696549,0.29559997
1437,65.1575090071055,64.90332,65.424675,0.029310575370834962,-0.22262622,0.29976308
1438,65.20516081457775,64.952446,65.47255,0.0315827817315609,-0.22126962,0.30227914
1439,65.24955396249294,64.99684,65.51579,0.030612427461065066,-0.21986957,0.30024308
1440,65.29564295347664,65.04271,65.56093,0.03128281343770563,-0.219333,0.3002793
1441,65.34149518084126,65.0871,65.608925,0.03187342523843787,-0.21934463,0.30355537
1442,65.38728689521753,65.13487,65.654594,0.032319527745985045,-0.21948476,0.30257252
1443,65.43416448264573,65.17995,65.702415,0.034162375877187186,-0.21805611,0.30665985
1444,65.4774062513663,65.22371,65.74505,0.03198266647155791,-0.2201572,0.30364954
1445,65.51801009146557,65.262115,65.78763,0.02734892189198522,-0.22602352,0.30245814
1446,65.56051053980694,65.30661,65.82945,0.02430810592267895,-0.22857428,0.2990325
1447,65.60592063778103,65.34945,65.8771,0.024449637060175302,-0.23019391,0.29978886
1448,65.65202073151694,65.39558,65.921974,0.02533536062510957,-0.22862941,0.29958192
1449,65.70107703282878,65.44438,65.97075,0.02880103437784565,-0.22530136,0.3028572
1450,65.74393012656574,65.48701,66.01394,0.026154431633099627,-0.22953004,0.30133933
1451,65.78698757112507,65.52937,66.05859,0.024010879839528907,-0.23168781,0.30042106
1452,65.82753317582112,65.56993,66.10021,0.01924540473852214,-0.23744768,0.29652292
1453,65.87049161306815,65.612144,66.144035,0.017107034144725038,-0.24009174,0.29469395
1454,65.91369794062679,65.65509,66.18693,0.015122928470563107,-0.24148136,0.292843
1455,65.95806911191063,65.69944,66.2308,0.014260715404686593,-0.2428416,0.2927487
1456,66.00126376128809,65.74253,66.273766,0.012233884597133534,-0.24432643,0.29048565
1457,66.04647359869686,65.78662,66.3201,0.012102616883703407,-0.24577191,0.2897765
1458,66.09187889832397,65.83312,66.364845,0.012165496196660847,-0.24542223,0.2876141
1459,66.1345331550538,65.87574,66.405945,0.009547863845903516,-0.2476811,0.28490523
1460,66.17480733225065,65.915504,66.4462,0.004472614444848464,-0.25281462,0.28032196
1461,66.21906692465906,65.961044,66.490234,0.0031001681367734697,-0.25405028,0.27761218
1462,66.2639492493466,66.00557,66.53464,0.0027165278924803195,-0.25291368,0.27836478
1463,66.3120401035631,66.05316,66.582344,0.005220278936939392,-0.25178128,0.27966225
1464,66.3553146290866,66.09579,66.62543,0.003147134980461053,-0.25353947,0.27921924
1465,66.40287864614494,66.14351,66.67422,0.005425361370752913,-0.25049117,0.28138414
1466,66.44679268352881,66.18814,66.71808,0.00380712424199815,-0.25118706,0.27991205
1467,66.49424188551974,66.2334,66.766174,0.006050997597285625,-0.25099725,0.2842356
1468,66.54041077312606,66.2805,66.81204,0.006908858999481602,-0.2483348,0.2840392
1469,66.58684030123345,66.32627,66.85998,0.008173064426072308,-0.24743193,0.28626353
1470,66.63412265616381,66.37214,66.90778,0.009978299910747413,-0.24836648,0.28958163
1471,66.67979263338377,66.416275,66.95466,0.01035504234393642,-0.24919623,0.29117522
1472,66.72496646118938,66.46111,67.000046,0.01037040588911479,-0.2496398,0.29071018
1473,66.77026714029878,66.50561,67.04443,0.010317041270678536,-0.2512905,0.28958783
1474,66.82068745742211,66.55649,67.09536,0.014956033571148716,-0.24580032,0.2942876
1475,66.86738279832076,66.60459,67.14076,0.016398700228960835,-0.24266027,0.29411805
1476,66.91219935989577,66.64908,67.18559,0.015868828173251817,-0.24216257,0.29259825
1477,66.9569556952723,66.693214,67.2302,0.015253585561960988,-0.24398549,0.2916642
1478,67.00205438605073,66.739944,67.27549,0.01497507968951883,-0.24454032,0.29182908
1479,67.04463232400403,66.78003,67.3195,0.01198174414707769,-0.24978493,0.2913642
1480,67.09016626809219,66.82747,67.36421,0.012124264194209847,-0.24741672,0.28974628
1481,67.13666466845221,66.87256,67.41166,0.013251420330995032,-0.24835753,0.2926528
1482,67.18137188121112,66.91964,67.45365,0.01236325094423136,-0.24783923,0.2900986
1483,67.22538127654792,66.96359,67.49716,0.011040317783601074,-0.24709791,0.28777218
1484,67.26929770761755,67.009445,67.54015,0.009609762824197999,-0.24679568,0.28471172
1485,67.31730204951911,67.057144,67.5889,0.012362279591447095,-0.24410221,0.28771833
1486,67.36661570839276,67.10727,67.636795,0.016341925491487202,-0.23889075,0.29066807
1487,67.41120844360759,67.15256,67.67981,0.015453001596578277,-0.238092,0.2883249
1488,67.45294325165146,67.194695,67.72201,0.011801946396338818,-0.24187008,0.28486294
1489,67.49701002852126,67.239105,67.76604,0.010177499291461688,-0.24348597,0.28345597
1490,67.53961454588863,67.28282,67.805305,0.007379403262817761,-0.2471609,0.2785149
1491,67.58028668277944,67.324974,67.844795,0.0026292364466380352,-0.25102648,0.27261662
1492,67.62396928381219,67.36868,67.888756,0.0008711281722706318,-0.25212452,0.2693143
1493,67.67064860869847,67.41588,67.93514,0.0022032146960767347,-0.24893878,0.27024344
1494,67.71359129576915,67.460075,67.9774,1.818047133435955e-05,-0.25068605,0.26781216
1495,67.76149293575618,67.509026,68.02404,0.0026633308679362257,-0.24653886,0.26794353
1496,67.80591860674984,67.55286,68.06871,0.0016096340397371547,-0.24898,0.26687846
1497,67.85077910573577,67.59729,68.11271,0.001211776243585877,-0.24784282,0.2669468
1498,67.89694719339249,67.64172,68.161545,0.0020083427999246432,-0.24845189,0.26860246
1499,67.94100361573857,67.68254,68.20791,0.0006497685297506809,-0.25200805,0.27109268
1500,67.98564952874186,67.72818,68.251816,-0.00010523284604295376,-0.25274077,0.2685789
1501,68.02897648430574,67.77292,68.293526,-0.0021187630288075614,-0.25350243,0.2647471
1502,68.07823334276245,67.82247,68.343605,0.0018459187688884251,-0.24965009,0.26830283
1503,68.12862401755699,67.87031,68.39432,0.007258747415833921,-0.24512735,0.2751088
1504,68.17439859459053,67.91883,68.43909,0.007444877483494441,-0.24270803,0.2742056
1505,68.22173322744122,67.96432,68.487076,0.00946073230287347,-0.24231511,0.2770257
1506,68.26569096971217,68.00756,68.53302,0.00809577614337668,-0.24452063,0.27645433
1507,68.31446482098977,68.05494,68.58202,0.011489525012503981,-0.24255456,0.28129327
1508,68.36398803798664,68.103485,68.632774,0.015714879244480087,-0.23994525,0.28628522
1509,68.41163410796179,68.15226,68.68008,0.017732619353987008,-0.23840863,0.28864542
1510,68.46282748672496,68.202805,68.73045,0.023911837744178592,-0.23182625,0.2944691
1511,68.51038943948544,68.24994,68.77827,0.026200589138316726,-0.2285951,0.2966304
1512,68.55536543784784,68.293625,68.82293,0.02578828881574423,-0.22980414,0.2951793
1513,68.60146016196259,68.33924,68.87113,0.02637340719939539,-0.2309177,0.3000813
1514,68.6452031659377,68.38308,68.915855,0.024705317033318543,-0.23117842,0.2986005
1515,68.6926648126164,68.42908,68.96484,0.026636352121226357,-0.23127636,0.30275816
1516,68.7372266521815,68.47364,69.00995,0.025738114676832624,-0.23367783,0.30260378
1517,68.78270378317302,68.52015,69.0549,0.02579762840938382,-0.23230687,0.3018248
1518,68.8311788253288,68.56614,69.1047,0.028761026336290074,-0.23160335,0.30600733
1519,68.8788846267369,68.61417,69.152794,0.031033508264372355,-0.22956824,0.30845553
1520,68.92498316536286,68.65961,69.19959,0.031895512398190155,-0.22915985,0.30982515
1521,68.9711800194754,68.702545,69.24855,0.03243364535988035,-0.23126559,0.3135472
1522,69.01685022732214,68.747574,69.29389,0.03276133249389486,-0.23068155,0.31243286
1523,69.06376142633144,68.79491,69.33996,0.034125471096939614,-0.22848982,0.3131134
1524,69.10752991352476,68.83936,69.38371,0.032568382878844754,-0.23016036,0.30954763
1525,69.15473445014896,68.88721,69.42991,0.03441334267204237,-0.22917977,0.3113584
1526,69.20149919048525,68.93344,69.47733,0.03560473069839425,-0.22612913,0.3145091
1527,69.247031834265,68.978775,69.52289,0.035837626987347285,-0.22523898,0.3142732
1528,69.29053235349934,69.0217,69.56832,0.03395686076803461,-0.229412,0.31308672
1529,69.33655075254856,69.066414,69.61434,0.03434646346739388,-0.23142433,0.31557205
1530,69.3769852911233,69.10627,69.65377,0.029256271214480597,-0.23586647,0.31007257
1531,69.41661772476527,69.14625,69.69363,0.023341378020639004,-0.24118829,0.30452654
1532,69.45556920408174,69.18594,69.73394,0.016926897159259893,-0.24748099,0.2968912
1533,69.50079223557655,69.23047,69.778984,0.016760333443083576,-0.2486702,0.295826
1534,69.54630428678311,69.27551,69.824135,0.017051701995586553,-0.24646717,0.29693913
1535,69.59554100422734,69.325096,69.87309,0.02089878748694162,-0.24318038,0.30076566
1536,69.63820710945085,69.367584,69.915146,0.018484836620950237,-0.24594101,0.29820013
1537,69.68689548480297,69.416084,69.96368,0.02177311194206285,-0.24292903,0.2996948
1538,69.73673200861361,69.46832,70.012184,0.02640048892969057,-0.23538978,0.303303
1539,69.77871814240855,69.510025,70.054214,0.023247646676949882,-0.24002437,0.29858926
1540,69.8233571858044,69.553185,70.100105,0.022711760574640923,-0.24093656,0.29968864
1541,69.8686446982519,69.59809,70.1437,0.02252076503026878,-0.23972364,0.29870614
1542,69.9160762416588,69.6454,70.192375,0.02463974696294317,-0.23797797,0.30187407
1543,69.96228930714662,69.69132,70.2372,0.02511980282333207,-0.23768067,0.30206633
1544,70.00616446567516,69.73418,70.28221,0.023893866285512978,-0.23872045,0.30007225
1545,70.05160238650708,69.77948,70.326965,0.023805397944159427,-0.2388776,0.30126637
1546,70.09261854343785,69.82173,70.36819,0.019478369134746314,-0.24331106,0.29649717
1547,70.1405341269772,69.867546,70.416435,0.022140885675310338,-0.24234977,0.30028203
1548,70.18223207569513,69.90957,70.45907,0.018476653092831263,-0.2470477,0.2983289
1549,70.22649273319898,69.9535,70.50218,0.017237560117020816,-0.24778026,0.297067
1550,70.27130305836967,69.997696,70.547554,0.01670009948310029,-0.2488788,0.29723775
1551,70.31737409056493,70.044,70.592926,0.017368363812749157,-0.24714759,0.2963307
1552,70.36397447596435,70.089035,70.64263,0.018648397577961794,-0.24691692,0.29873902
1553,70.41116128184626,70.13669,70.68939,0.020393524571149003,-0.24453352,0.29972225
1554,70.4542193476123,70.17846,70.732506,0.01803620973563127,-0.24798846,0.29792643
1555,70.49684507445158,70.220314,70.775444,0.01546193957014273,-0.25253737,0.2955743
1556,70.54424465349697,70.266624,70.82295,0.017700666735175657,-0.2507414,0.29724804
1557,70.5915414056777,70.31464,70.869965,0.01954352513453507,-0.24891268,0.2990296
1558,70.6341882770112,70.35608,70.91348,0.016844403199828457,-0.25170934,0.29643974
1559,70.68296199287052,70.40289,70.962395,0.020236929879712994,-0.250051,0.29999337
1560,70.73293851875982,70.45202,71.01291,0.02529932494650811,-0.24719836,0.30673626
1561,70.78040008892955,70.50044,71.05989,0.027554495553959734,-0.24479249,0.30856887
1562,70.82270552147813,70.54125,71.10441,0.024498018490542617,-0.24861825,0.30660033
1563,70.86709555493098,70.5862,71.14695,0.02361857928546033,-0.24645028,0.3060522
1564,70.91177612898792,70.63026,71.193405,0.02304082203442965,-0.24864583,0.30692533
1565,70.94880998923932,70.668785,71.229546,0.014983536174250828,-0.25637567,0.29748833
1566,70.99212942672926,70.714165,71.27029,0.013100077319360191,-0.25552204,0.29367104
1567,71.03525539182866,70.757454,71.31486,0.010873699635120916,-0.2579571,0.2939198
1568,71.0776131081386,70.799095,71.356964,0.0078087684257635665,-0.26218966,0.2905689
1569,71.12509716457672,70.84737,71.40335,0.010198016174666329,-0.26032582,0.2937702
1570,71.1690721083603,70.892746,71.44714,0.009124075324612766,-0.25982168,0.29090968
1571,71.21601785766761,70.93679,71.49647,0.010519797851058426,-0.26107797,0.29525253
1572,71.26187086124158,70.98347,71.54145,0.011076296203618474,-0.259359,0.2946847
1573,71.30648666412785,71.02824,71.587494,0.010597142190775875,-0.25946948,0.29464102
1574,71.35231036141654,71.072685,71.63416,0.011050348734060725,-0.26052418,0.29485577
1575,71.39635517969666,71.11514,71.67986,0.009708079190651671,-0.26274672,0.29550985
1576,71.43904927027715,71.15821,71.72166,0.006868566885548168,-0.26500356,0.29115608
1577,71.48457068924662,71.20563,71.76673,0.007029889410067588,-0.2646735,0.29152346
1578,71.52392497718785,71.245415,71.80595,0.0009930457190685028,-0.27093568,0.28589246
1579,71.56449007898532,71.28572,71.846146,-0.0038555294422205027,-0.27767116,0.2809434
1580,71.61211694732698,71.333336,71.89443,-0.0015903884146790225,-0.27349597,0.28189105
1581,71.65605224668326,71.37732,71.93844,-0.0030682060592727377,-0.27505523,0.2802792
1582,71.70069448237983,71.424225,71.98188,-0.003719296999860914,-0.27554202,0.2790497
1583,71.74724869853512,71.46937,72.02851,-0.002648848384385442,-0.2769113,0.28039464
1584,71.78912752653706,71.5118,72.06994,-0.00617075720115877,-0.27870336,0.27628952
1585,71.83549565986098,71.558846,72.1176,-0.005199752011607782,-0.27762115,0.27762383
1586,71.88037784435782,71.60335,72.162575,-0.005603215818916266,-0.27667016,0.27546763
1587,71.92646129937253,71.64917,72.20777,-0.004717341086433994,-0.27641922,0.27722293
1588,71.97328729351452,71.694084,72.25699,-0.0033218671152107472,-0.2763233,0.28032753
1589,72.0153969061179,71.73661,72.298706,-0.006478062400117818,-0.27825963,0.27608678
1590,72.06192806243152,71.782,72.34601,-0.005180375161041554,-0.27840516,0.2787794
1591,72.10249469614982,71.81934,72.39014,-0.009936960612104962,-0.2875465,0.27792025
1592,72.14620192598983,71.86383,72.43338,-0.011609173275162192,-0.28834477,0.2756807
1593,72.19152346803548,71.91039,72.47751,-0.011448885457104511,-0.28663,0.27484974
1594,72.23673121393544,71.95381,72.52216,-0.011551801956250283,-0.28655237,0.27595547
1595,72.28259440643369,71.998055,72.568016,-0.011180043525312398,-0.28829655,0.27736935
1596,72.32784999436204,72.04336,72.61279,-0.011145603743896653,-0.28781405,0.2766901
1597,72.37099327523039,72.08547,72.65707,-0.013228796748118473,-0.28982565,0.27507693
1598,72.41975256692673,72.13484,72.704926,-0.009977853339901933,-0.2873599,0.27726966
1599,72.46613787094095,72.18266,72.7516,-0.009081036666407008,-0.28721923,0.2792173
1600,72.51433354880497,72.23018,72.800156,-0.006227334120473993,-0.28380665,0.2820116
1601,72.56402951632367,72.28021,72.8497,-0.0017902051577313078,-0.27851254,0.2846942
1602,72.60833148949023,72.32486,72.89525,-0.002663239413644969,-0.27886644,0.285456
1603,72.65525826176868,72.37102,72.94362,-0.0011824897908260523,-0.27782422,0.28845188
1604,72.70163884841321,72.41597,72.99068,4.557909564761505e-05,-0.27744007,0.2901624
1605,72.74199742297475,72.45822,73.02989,-0.004878549383011513,-0.28134704,0.28437382
1606,72.78895508020051,72.50496,73.07743,-0.0034235137949869656,-0.28127098,0.2873588
1607,72.83739339125155,72.55191,73.128075,-0.0004518090738935887,-0.2799963,0.29291612
1608,72.88292701310532,72.5945,73.176956,-0.0001417019648979075,-0.2836089,0.2955055
1609,72.92579149426153,72.63979,73.217575,-0.0024495970300548804,-0.28339893,0.29216096
1610,72.97031038681227,72.684586,73.26182,-0.003255965071553307,-0.2843258,0.29006326
1611,73.01761741609627,72.729774,73.3104,-0.001343004170140355,-0.28346157,0.29297268
1612,73.06839142276762,72.778076,73.3631,0.004171091871943907,-0.27962932,0.30021033
1613,73.1137052467395,72.823875,73.406944,0.004344920046010017,-0.28003561,0.30027458
1614,73.15549097315329,72.86507,73.450676,0.0009389948032981238,-0.28417003,0.2992567
1615,73.19704126310931,72.90657,73.4925,-0.002750244878741562,-0.28855255,0.2957067
1616,73.24353723768367,72.95476,73.53607,-0.0014383463743682815,-0.28572983,0.29463878
1617,73.28492634913096,72.99613,73.57856,-0.005417703282066348,-0.28952193,0.29107437
1618,73.3309889993264,73.04107,73.623985,-0.0046352472605900195,-0.28996885,0.2927481
1619,73.37723178755788,73.08875,73.66932,-0.0035815430774352136,-0.2867912,0.2920199
1620,73.4252774024704,73.13734,73.716576,-0.0007681859758725568,-0.28362578,0.29432586
1621,73.4688011393289,73.18223,73.76015,-0.002702206440106192,-0.28476438,0.29102933
1622,73.5089173045148,73.22224,73.79916,-0.007823290193985892,-0.28792384,0.28472164
1623,73.5553954133215,73.26909,73.84589,-0.006705941826135995,-0.28662688,0.2870322
1624,73.60386575387507,73.31635,73.89284,-0.0035190649109390587,-0.28368032,0.2900507
1625,73.65298874172207,73.366196,73.9417,0.00041069052311084225,-0.27903348,0.2935368
1626,73.70128428217672,73.41328,73.99105,0.0034970838854221724,-0.2768234,0.29671597
1627,73.74560680088334,73.45832,74.036316,0.0024303656147492514,-0.27714685,0.29578796
1628,73.79548413093899,73.507454,74.086754,0.006961364764456381,-0.27263078,0.29910773
1629,73.839468575277,73.5529,74.13011,0.0055492531725713345,-0.27355206,0.2990026
1630,73.88585246235951,73.598564,74.17759,0.006431359184435855,-0.27264428,0.29947624
1631,73.92928992559399,73.642555,74.22113,0.004277997190987806,-0.27497742,0.29732126
1632,73.976239767205,73.69075,74.266975,0.0057468275791566605,-0.2722757,0.29694492
1633,74.02106038880262,73.735504,74.3109,0.005069687987997912,-0.27418408,0.2955051
1634,74.0664586752578,73.781715,74.35615,0.005092206545409434,-0.2734776,0.2941924
1635,74.10695826480938,73.822266,74.397064,0.0004907769131326105,-0.277949,0.28845727
1636,74.15253531559415,73.869446,74.440544,0.000683731624820269,-0.27595925,0.28729692
1637,74.19348535564478,73.90968,74.4837,-0.0036644535287474736,-0.28006667,0.28284162
1638,74.24157678781177,73.957954,74.53142,-0.0006955124168804671,-0.27592584,0.28515294
1639,74.28454542493984,73.9998,74.57283,-0.0031785308990613984,-0.2789553,0.28359967
1640,74.3281258612562,74.04297,74.61611,-0.004877215029223969,-0.28162244,0.28181508
1641,74.37505496859947,74.087425,74.665,-0.0034785428433750294,-0.28207946,0.28707832
1642,74.42160794435284,74.13261,74.71278,-0.002254056380324564,-0.28181407,0.28964257
1643,74.46882601078748,74.18177,74.759834,-0.0005426720161325644,-0.27971327,0.29124632
1644,74.51496121888253,74.2271,74.80678,-7.072846979635228e-05,-0.2810134,0.29363683
1645,74.56055491916291,74.27425,74.851685,0.00038714085685597664,-0.27944106,0.29221553
1646,74.60175187651852,74.314545,74.89386,-0.003809738678846916,-0.28465477,0.2896137
1647,74.64478884051235,74.35775,74.93792,-0.005792483512525394,-0.28668064,0.2882485
1648,74.6966093435738,74.40997,74.99049,0.0006251044405669352,-0.28155273,0.29627076
1649,74.74181931001209,74.45432,75.03681,0.0006487651842022352,-0.28200114,0.29698387
1650,74.78826450405127,74.50147,75.08075,0.0017502823037731734,-0.2805215,0.29603648
1651,74.83245879801738,74.54377,75.12737,0.0008024978022070232,-0.28358054,0.2967106
1652,74.87465041477978,74.58745,75.16837,-0.0020877398894700665,-0.28615382,0.2936864
1653,74.91906274982752,74.629425,75.21393,-0.002863159793177645,-0.28862885,0.293109
1654,74.96599694869388,74.67484,75.26083,-0.0012133038470623979,-0.2877547,0.29353467
1655,75.01272116883744,74.72133,75.30772,0.0003365259497922472,-0.2872418,0.29720524
1656,75.06194708516713,74.76984,75.35917,0.004164240253025782,-0.28393996,0.30076823
1657,75.10370269798656,74.813255,75.40008,0.0005753393204658943,-0.28508174,0.29656723
1658,75.15428398066346,74.86431,75.45023,0.005771728892507224,-0.27977583,0.30022934
1659,75.19669565582437,74.90608,75.494064,0.00290274995930012,-0.2845338,0.29946116
1660,75.23943999420581,74.94869,75.53666,4.443966024249198e-05,-0.2870347,0.2962468
1661,75.28190028489607,74.99151,75.5785,-0.002603011754994796,-0.28809127,0.29307628
1662,75.32435424771583,75.0337,75.622055,-0.005273458238010574,-0.2933088,0.29095483
1663,75.3684656420264,75.07827,75.66674,-0.006580610772544773,-0.2930286,0.29107103
1664,75.41436869086405,75.124374,75.71227,-0.005951040537502793,-0.29326794,0.2916128
1665,75.45891677286947,75.16862,75.75636,-0.006848198068282827,-0.29463875,0.2902962
1666,75.50540542505219,75.215836,75.80267,-0.005495206150200886,-0.29364976,0.29141036
1667,75.5513537313394,75.26135,75.84744,-0.00498517708552327,-0.29197106,0.28970414
1668,75.59780556822722,75.30829,75.89507,-0.003844584694806414,-0.29246208,0.2933246
1669,75.64355583128985,75.35416,75.94029,-0.0032990520470886926,-0.28952828,0.29256567
1670,75.69288510445124,75.403305,75.9898,0.0005924044711383359,-0.2859719,0.2963559
1671,75.73599934656781,75.44528,76.032776,-0.0015076837197596467,-0.2884583,0.29475522
1672,75.78274627814783,75.49062,76.07911,4.4594500389820895e-05,-0.2875852,0.2971438
1673,75.82562145472271,75.533264,76.12365,-0.0023761121279814077,-0.29144022,0.29663557
1674,75.87471800719251,75.58113,76.17403,0.0012949753251326652,-0.29043168,0.30183524
1675,75.9228726280314,75.62848,76.22064,0.0039061200408939734,-0.2872566,0.30404696
1676,75.9715298165107,75.67778,76.270355,0.007045310677397514,-0.28482658,0.30621064
1677,76.01778371938168,75.72445,76.31725,0.007907551269090722,-0.28336802,0.30635452
1678,76.06399658402299,75.76962,76.36502,0.008901095068253661,-0.2834819,0.30900732
1679,76.10674006240143,75.81263,76.40803,0.006493506613218693,-0.2851562,0.30582508
1680,76.14958044819835,75.85567,76.45013,0.004169716564246241,-0.28648823,0.30363402
1681,76.19820880914192,75.903984,76.501205,0.007501371257989256,-0.28333986,0.3068078
1682,76.24209710998666,75.94666,76.54303,0.00604597211287535,-0.28561774,0.30426568
1683,76.28920709258112,75.99371,76.590866,0.007912474340479701,-0.28300637,0.30717558
1684,76.33322027972986,76.03751,76.63611,0.006770438703653769,-0.28486493,0.30757028
1685,76.37714310213724,76.079956,76.678986,0.005513490957532079,-0.2870779,0.30704552
1686,76.42676545206959,76.131714,76.72801,0.009967424248171706,-0.28066742,0.31087378
1687,76.47311259618463,76.17914,76.773766,0.010996450925818583,-0.2793159,0.31113198
1688,76.51984988165208,76.22579,76.81951,0.012448840355402838,-0.27855152,0.3127722
1689,76.56749558553491,76.27431,76.86726,0.014820105480481845,-0.27639446,0.31457874
1690,76.60989655065787,76.316124,76.91087,0.011778596424671769,-0.28093007,0.3124624
1691,76.65887612249753,76.36635,76.957756,0.015314778929895143,-0.2756194,0.31460232
1692,76.70319268877655,76.41176,77.0012,0.014366050429280906,-0.27580005,0.31116867
1693,76.74691020455302,76.45524,77.0437,0.012715143296122326,-0.27795106,0.30972013
1694,76.78680718296593,76.4929,77.08562,0.007343189724705368,-0.28582358,0.30570173
1695,76.83813787698931,76.5433,77.13882,0.013191565954461778,-0.28043103,0.3134207
1696,76.88545341617177,76.590034,77.186104,0.01519104775604642,-0.27783608,0.315561
1697,76.9312155037475,76.63665,77.23086,0.015705430861502466,-0.27617523,0.31537893
1698,76.9780819094978,76.68419,77.27776,0.017197748993421812,-0.2742988,0.31552246
1699,77.02295187264362,76.728485,77.32296,0.016758212536527175,-0.27517048,0.3153073
1700,77.06341136878497,76.77006,77.36385,0.011927758380045771,-0.28097865,0.3107251
1701,77.10722514085644,76.813934,77.408226,0.01029487173932856,-0.284453,0.31149077
1702,77.15160342228636,76.8564,77.45407,0.009349004859458542,-0.2865608,0.3111703
1703,77.19491328777585,76.89967,77.497246,0.007277562538786832,-0.28801584,0.308578
1704,77.2412105835929,76.94574,77.54192,0.008498674418025305,-0.28553677,0.3076616
1705,77.28635135463527,76.9918,77.58683,0.008449871017826542,-0.28549317,0.30861643
1706,77.32726887926172,77.033775,77.6277,0.004148984978645065,-0.289646,0.30384922
1707,77.36826708227782,77.07506,77.66864,-0.00020984818587764796,-0.29419377,0.29893503
1708,77.4140638525076,77.11894,77.7148,0.00021546867181502783,-0.2940736,0.29931733
1709,77.45464546294801,77.1603,77.7546,-0.004375138336477212,-0.2992945,0.2950069
1710,77.50411890204107,77.20737,77.8072,-0.0004506683307247331,-0.29695824,0.30208385
1711,77.54755760816354,77.25013,77.849625,-0.002186956775497556,-0.29908228,0.3004857
1712,77.5929425183008,77.29352,77.89666,-0.0020993606529255875,-0.3016874,0.30171558
1713,77.63655075164235,77.338455,77.940926,-0.0037771662273782267,-0.3015565,0.30095956
1714,77.67907693181174,77.37948,77.98367,-0.006437485690112659,-0.30602604,0.2985179
1715,77.72308898345025,77.42326,78.0261,-0.007683159586542646,-0.30579865,0.2958794
1716,77.76602147947557,77.46606,78.07027,-0.009921936446839372,-0.30616006,0.29301363
1717,77.80811993405926,77.50955,78.11081,-0.013197425517469155,-0.30867007,0.2893868
1718,77.85457059843273,77.557045,78.15674,-0.01189802925680502,-0.30736515,0.29026577
1719,77.89873594934528,77.601715,78.199356,-0.012897000754687646,-0.30891046,0.28971273
1720,77.94776331710545,77.65087,78.24568,-0.009414156039141393,-0.3031381,0.2912042
1721,77.98872475960128,77.69388,78.28545,-0.014001700044119674,-0.30670202,0.28493765
1722,78.0329420704599,77.738976,78.329384,-0.015245205608788339,-0.30812442,0.2857219
1723,78.07398843739242,77.78109,78.37122,-0.019660000886482905,-0.31179804,0.28114432
1724,78.1157051574853,77.8237,78.41253,-0.02326446758745689,-0.31548226,0.27686644
1725,78.15932727316664,77.86696,78.45583,-0.025029262812138384,-0.3165249,0.2750284
1726,78.20433439015196,77.91262,78.50226,-0.025471798668728157,-0.31731403,0.27527198
1727,78.2520669790281,77.958824,78.54978,-0.02321762427010558,-0.3157741,0.27670512
1728,78.29237275297433,77.99767,78.59204,-0.028361674399313894,-0.3221524,0.2731919
1729,78.33927624258948,78.0444,78.63793,-0.026771522175644377,-0.31983593,0.27510166
1730,78.38193514410189,78.08712,78.67915,-0.02917924215183389,-0.32081693,0.2731082
1731,78.42721174143112,78.130775,78.72765,-0.029278945536409695,-0.32257017,0.2735989
1732,78.47301196010147,78.17668,78.77322,-0.028686885176066827,-0.32275063,0.2742684
1733,78.52334237453661,78.225746,78.82349,-0.023697763069410013,-0.318612,0.2796127
1734,78.57083158744679,78.275276,78.869995,-0.021647919829015514,-0.3153806,0.27983695
1735,78.61582598379947,78.320816,78.91315,-0.022066638890635513,-0.3150435,0.27881005
1736,78.65848002808886,78.36486,78.95446,-0.024723013762954035,-0.31529215,0.2734761
1737,78.70507330045812,78.4116,79.00029,-0.023547616346490004,-0.3145198,0.27489778
1738,78.74903361960111,78.45611,79.043526,-0.024699236531639416,-0.31670266,0.273403
1739,78.79227405955798,78.50149,79.08483,-0.026491756824129166,-0.31785017,0.2713725
1740,78.83607901565941,78.54671,79.127,-0.028087866535632312,-0.31773657,0.2671448
1741,78.87801711902776,78.589005,79.16815,-0.03143184642381099,-0.32140887,0.26392856
1742,78.92305364593011,78.6335,79.21463,-0.03173102182044525,-0.3224003,0.26419663
1743,78.97123008377828,78.682205,79.26229,-0.028928659767865447,-0.31927422,0.26605996
1744,79.01339402950266,78.72348,79.30697,-0.03205065901006101,-0.32346183,0.2645455
1745,79.0562685863259,78.76579,79.34999,-0.034455789658397046,-0.3266722,0.26145738
1746,79.10357652707857,78.8151,79.395035,-0.032501683378371685,-0.31963345,0.26068294
1747,79.14334857730381,78.8551,79.43369,-0.03820469657397305,-0.32557273,0.2552527
1748,79.18647631993169,78.89754,79.478676,-0.04059039386015466,-0.32793662,0.2539194
1749,79.23169457623754,78.9419,79.52419,-0.040947745922736055,-0.32772613,0.2540138
1750,79.27862638279815,78.98713,79.571686,-0.03921693053815387,-0.32844996,0.2565797
1751,79.32151385708697,79.03046,79.61296,-0.04168265753905758,-0.32926255,0.25359142
1752,79.36654004213644,79.07696,79.657486,-0.04185260417392327,-0.32822648,0.25343925
1753,79.4096717050716,79.12111,79.70064,-0.04417887077591336,-0.32890904,0.25069574
1754,79.45261421159204,79.16287,79.74504,-0.046413057044098906,-0.33293912,0.24839401
1755,79.49770622216106,79.20671,79.78988,-0.04665931303034303,-0.33480075,0.24908689
1756,79.54218770343496,79.25134,79.834015,-0.04746528694230756,-0.33460677,0.24906568
1757,79.58789436228206,79.29612,79.88141,-0.04692911253435983,-0.33556366,0.25093588
1758,79.6334517879321,79.34126,79.92642,-0.04676271164751007,-0.33462325,0.25031108
1759,79.67472387909602,79.38205,79.96784,-0.05072669209132952,-0.34016597,0.2468415
1760,79.71893161985862,79.424614,80.015305,-0.05182151883931518,-0.34306127,0.24821714
1761,79.77033411059705,79.47458,80.06768,-0.04588431596238491,-0.33748832,0.25534636
1762,79.81699185042264,79.52014,80.114426,-0.04451542170891464,-0.33685103,0.2572616
1763,79.86354509113998,79.571045,80.15802,-0.04340263092498188,-0.33097515,0.2557824
1764,79.91054394911562,79.61597,80.206,-0.04173524667847043,-0.3319998,0.25811133
1765,79.95327440730057,79.657234,80.25056,-0.044251488765490087,-0.33592722,0.25675905
1766,79.99792879528201,79.70166,80.29626,-0.04505050797363459,-0.3372881,0.25781265
1767,80.04679821592661,79.75177,80.34496,-0.041393743889977026,-0.33218768,0.26155767
1768,80.09155074782234,79.7983,80.38849,-0.04197368901635874,-0.33190235,0.25927222
1769,80.13551037206629,79.84273,80.431854,-0.043121995323117314,-0.33284748,0.2585958
1770,80.18687631396091,79.893166,80.48277,-0.037115365391081546,-0.32848465,0.266033
1771,80.2322337632747,79.93888,80.52803,-0.037245820308319105,-0.3294441,0.26468703
1772,80.27361791761112,79.97821,80.57154,-0.041376803322285285,-0.33570766,0.26140758
1773,80.31841939654561,80.021866,80.617935,-0.04215375904800191,-0.3371079,0.26189122
1774,80.36390936392824,80.06748,80.66168,-0.04189626046544837,-0.33712584,0.26144493
1775,80.4084880396616,80.1125,80.70749,-0.04296708355913242,-0.33821106,0.2606797
1776,80.45535824404831,80.15774,80.75677,-0.04126207857957077,-0.33670533,0.26450956
1777,80.49768327545856,80.19978,80.79855,-0.04411253065938976,-0.34054253,0.26047006
1778,80.54431666442966,80.2453,80.84659,-0.04274000535565478,-0.3399014,0.26417097
1779,80.58980920661753,80.28975,80.892296,-0.04263051343501469,-0.34061852,0.26333925
1780,80.63029186627539,80.33081,80.93287,-0.04739197800048322,-0.34544978,0.25932795
1781,80.68048426037939,80.37962,80.982735,-0.04259028496817495,-0.34186694,0.2648575
1782,80.72742710116118,80.42504,81.031906,-0.04094486187259013,-0.34243974,0.26813647
1783,80.77829157694318,80.473495,81.08525,-0.035172299363280674,-0.3394141,0.2772239
1784,80.8259896511663,80.52197,81.13378,-0.032644941507401166,-0.3365846,0.27813926
1785,80.870218898944,80.56682,81.177956,-0.03372697207552102,-0.33800596,0.27848482
1786,80.91833251279586,80.61432,81.225075,-0.03068752153552986,-0.33492428,0.2803862
1787,80.96541478330082,80.66026,81.27215,-0.028745668336749488,-0.33257967,0.28042942
1788,81.0073819714702,80.70338,81.31386,-0.031959786783079494,-0.33606833,0.27794632
1789,81.05448585524918,80.75063,81.36086,-0.030018707979759997,-0.33389843,0.2810007
1790,81.10025177241441,80.79575,81.40804,-0.029683508665610665,-0.3343729,0.28077516
1791,81.14724564582365,80.843925,81.453354,-0.028101754178890753,-0.33252096,0.28229934
1792,81.19455421564633,80.89061,81.50202,-0.026091644692114526,-0.33059192,0.28528848
1793,81.23377688090751,80.928696,81.54072,-0.03233848327909682,-0.3363498,0.27898768
1794,81.27687082666931,80.97324,81.58275,-0.03461326486887914,-0.33821955,0.27590796
1795,81.3332022482237,81.029106,81.63973,-0.02349905860312158,-0.32569963,0.2875929
1796,81.37587621420691,81.07079,81.68178,-0.02599578814267111,-0.32865593,0.28560984
1797,81.42133047001957,81.116806,81.72724,-0.025860661979859048,-0.32848305,0.28620932
1798,81.46507929443842,81.16081,81.77094,-0.027320586732220622,-0.33090135,0.28414404
1799,81.50824851107592,81.205215,81.81286,-0.029394027029601078,-0.33208138,0.2814911
1800,81.55150474810966,81.24631,81.85864,-0.03152635759767223,-0.33737767,0.28060278
1801,81.59197247524345,81.2863,81.89927,-0.036419511188047426,-0.3426287,0.27586794
1802,81.63641112579982,81.33174,81.94307,-0.0372124578453079,-0.3424747,0.27530274
1803,81.68612776297822,81.38209,81.99234,-0.03264302887832373,-0.33834463,0.28032452
1804,81.73257417826088,81.428856,82.03954,-0.03157758151928501,-0.33721766,0.2809578
1805,81.77401723863258,81.46724,82.081436,-0.03533465991337807,-0.34034917,0.27853802
1806,81.82122277245048,81.515434,82.1268,-0.03332555287008192,-0.33739483,0.27927816
1807,81.87007922912852,81.56642,82.17403,-0.029937836644053785,-0.3313483,0.28087783
1808,81.91434440019124,81.611755,82.219215,-0.030776243865883117,-0.3316161,0.2805053
1809,81.95653106812107,81.65342,82.26021,-0.034036355636631495,-0.33548415,0.27616838
1810,82.0030539799479,81.69909,82.30511,-0.03278725179774094,-0.33165568,0.27502555
1811,82.04206250271987,81.73936,82.34338,-0.039127467565025956,-0.33756348,0.26786482
1812,82.08203351595428,81.780594,82.383865,-0.044582430360040406,-0.3429671,0.2629372
1813,82.12367829535897,81.821205,82.42513,-0.04851627461030614,-0.34895307,0.26064646
1814,82.16474831357363,81.86154,82.4672,-0.05289484111538548,-0.35264626,0.2581771
1815,82.21327203257638,81.90984,82.514915,-0.04997739243997836,-0.3507652,0.26093525
1816,82.25963982111092,81.956665,82.56176,-0.04910385142415443,-0.34912932,0.26186234
1817,82.30656156040408,82.00526,82.60838,-0.04750161430849039,-0.3471697,0.26312143
1818,82.35130168966116,82.05083,82.65218,-0.04795070034325346,-0.34783924,0.26128444
1819,82.39413595756105,82.09182,82.6961,-0.05018855210917681,-0.34971517,0.2597716
1820,82.43899162069802,82.13747,82.74066,-0.05071032712947666,-0.3485299,0.258075
1821,82.48846212092396,82.18676,82.79045,-0.04640114450410878,-0.34527427,0.26278505
1822,82.53928506320918,82.23849,82.84079,-0.0408236197056173,-0.33978307,0.26708332
1823,82.5836658582231,82.28526,82.88149,-0.04156799197423626,-0.3375664,0.2638054
1824,82.6255376099413,82.32824,82.923965,-0.04515857520370042,-0.34198138,0.2604929
1825,82.67067104870499,82.37038,82.96957,-0.04546947123642689,-0.34236467,0.26166922
1826,82.71602933279725,82.414925,83.014854,-0.04535807706461196,-0.3433922,0.2611122
1827,82.75805160895699,82.45742,83.0567,-0.04853498486921149,-0.34516025,0.2568419
1828,82.80367584076728,82.50287,83.10039,-0.04803121686286946,-0.34374774,0.25790384
1829,82.8478191071922,82.54777,83.14377,-0.049320425210713295,-0.34481525,0.25579578
1830,82.89485556516838,82.59398,83.19049,-0.04767786961458298,-0.34330854,0.25784367
1831,82.93831987263617,82.638535,83.23267,-0.04945359614480024,-0.34324855,0.2543303
1832,82.98011130301673,82.67991,83.2756,-0.05302635431200985,-0.34743387,0.25220162
1833,83.026891044115,82.72879,83.319916,-0.05158043718855208,-0.3433799,0.25143605
1834,83.07174206041073,82.775345,83.365746,-0.051879500148511344,-0.34589848,0.25113577
1835,83.12139375479792,82.82523,83.41492,-0.047615475039120954,-0.34163523,0.25473106
1836,83.1698861317291,82.87383,83.462425,-0.044727163543867514,-0.34012988,0.25638863
1837,83.213680020989,82.918755,83.50655,-0.046256981505826085,-0.3401979,0.2533788
1838,83.25422547078139,82.95801,83.54707,-0.05103047910677314,-0.34487447,0.24940066
1839,83.29774554226978,83.00051,83.59348,-0.05289153770579455,-0.34923092,0.24796803
1840,83.34498237599243,83.04496,83.64124,-0.05077338651907483,-0.34837794,0.25295553
1841,83.39000841100821,83.09021,83.68703,-0.05127693853856133,-0.34849542,0.25259015
1842,83.4329333943881,83.13203,83.73047,-0.053591104736142606,-0.35108203,0.25110742
1843,83.47917542893848,83.17856,83.77574,-0.05277971606657125,-0.34996265,0.25188902
1844,83.52758141097394,83.22658,83.8258,-0.049772513531224895,-0.3479443,0.25489247
1845,83.57590863275092,83.27428,83.87288,-0.04681445983560803,-0.3452998,0.2597957
1846,83.61713160086092,83.31473,83.91497,-0.0511902559919832,-0.3487585,0.2559729
1847,83.65873602860142,83.35683,83.95696,-0.05481942449606752,-0.35305145,0.25154108
1848,83.6997362357834,83.39937,83.99612,-0.0593451569012122,-0.35594437,0.245502
1849,83.74944432920725,83.44785,84.04819,-0.05476340600763556,-0.35347775,0.25192827
1850,83.79408675435884,83.49195,84.09334,-0.05544669815840263,-0.35530773,0.25099906
1851,83.84257645921151,83.540634,84.14254,-0.05231470634842581,-0.35206014,0.25428262
1852,83.88642078985843,83.58488,84.18574,-0.05368909196308128,-0.351972,0.25106847
1853,83.93400388381382,83.63173,84.235245,-0.05131240075288384,-0.35039943,0.25440902
1854,83.979479028649,83.678734,84.27976,-0.051281067485877706,-0.34993494,0.25425985
1855,84.02245957040564,83.721664,84.323166,-0.05343541014562086,-0.3510282,0.25233132
1856,84.07032093715169,83.76897,84.37057,-0.05076773725159219,-0.3488953,0.25538436
1857,84.12211388618972,83.822754,84.421875,-0.04421885534119218,-0.3418356,0.25939712
1858,84.17144496853867,83.86947,84.4734,-0.04023260833612752,-0.34073287,0.26540622
1859,84.22177955444157,83.91859,84.52772,-0.035235683331564585,-0.33643413,0.2717975
1860,84.2597590890599,83.95649,84.56498,-0.042623523407032,-0.34322694,0.26417437
1861,84.30546014111675,84.00082,84.61043,-0.04238286881766293,-0.34269884,0.26497775
1862,84.34755391974981,84.04436,84.65115,-0.04571279161401826,-0.3448586,0.26098597
1863,84.39395506222075,84.09262,84.69735,-0.04468133111753728,-0.34314618,0.25939146
1864,84.43828731341897,84.13691,84.74047,-0.04568999234580307,-0.34322,0.25880134
1865,84.48224287230086,84.18095,84.784744,-0.04714870777122261,-0.3447959,0.25701827
1866,84.52761824983854,84.22513,84.82989,-0.04730265166749247,-0.34637955,0.2572313
1867,84.57009629706714,84.2681,84.873344,-0.050011467707936644,-0.34906942,0.25488904
1868,84.61590523905062,84.31235,84.92063,-0.04930320187762785,-0.35129514,0.25774232
1869,84.65874389942948,84.35547,84.96293,-0.05172060131617518,-0.35338673,0.2547412
1870,84.7053878954211,84.40306,85.00962,-0.05058149628900381,-0.3506543,0.2548478
1871,84.75047966692304,84.449196,85.05253,-0.050765629949896134,-0.34994727,0.25402924
1872,84.7967114916285,84.49708,85.09717,-0.050092916615302234,-0.3479782,0.25314328
1873,84.8429874365818,84.54429,85.14323,-0.0491188652893273,-0.34727415,0.2540905
1874,84.88712857220679,84.58859,85.18701,-0.05047299085092834,-0.34829432,0.25343686
1875,84.93455535519405,84.638504,85.23116,-0.04857244741654106,-0.34411097,0.25344273
1876,84.9801067504557,84.68263,85.27786,-0.0482692368149999,-0.34379143,0.2531885
1877,85.0254450834127,84.72772,85.32212,-0.047978941273261154,-0.34495208,0.25390804
1878,85.07004048357926,84.77226,85.36757,-0.048783140402783,-0.3457546,0.25422534
1879,85.11455628544194,84.816414,85.41138,-0.049431624803871956,-0.3459474,0.25441846
1880,85.16407469357435,84.86469,85.46331,-0.045138810074745295,-0.34253734,0.25993833
1881,85.21200184295157,84.91319,85.50783,-0.04231759705052031,-0.33802333,0.261375
1882,85.254414795316,84.956085,85.553055,-0.045209789101176456,-0.34119228,0.25754482
1883,85.29938488850094,85.000275,85.59811,-0.04564311253143205,-0.3418777,0.2587986
1884,85.34474016937763,85.046135,85.64238,-0.04574404930908861,-0.3413412,0.25742188
1885,85.39124200281582,85.09318,85.6881,-0.044687558223265596,-0.33918235,0.25713962
1886,85.43484769937518,85.137726,85.7326,-0.04652636789707585,-0.3409916,0.25672683
1887,85.48177240856538,85.183975,85.77776,-0.0450310235599572,-0.3393589,0.25798193
1888,85.53020477335677,85.23152,85.82783,-0.04185872749693988,-0.33710515,0.26099205
1889,85.57525267936109,85.27656,85.873535,-0.041904239093967094,-0.33828783,0.2599279
1890,85.62216240738377,85.323555,85.91944,-0.04044147769554663,-0.33517337,0.2609666
1891,85.66673267233506,85.36741,85.9643,-0.04095410364848059,-0.33775163,0.26051122
1892,85.71741193577292,85.419136,86.01371,-0.03561115683580372,-0.3311519,0.26498595
1893,85.76026779294374,85.46152,86.057274,-0.03823265144835762,-0.33470294,0.26267064
1894,85.80615299269627,85.50625,86.104485,-0.03760596216754087,-0.33429825,0.26506957
1895,85.8510679253418,85.55036,86.149925,-0.037980987227604096,-0.3345672,0.2656744
1896,85.89320755895419,85.59223,86.19291,-0.04124031517886951,-0.33876854,0.26248556
1897,85.93834896927177,85.63737,86.2388,-0.04134777193377795,-0.3387396,0.26147485
1898,85.9850121082714,85.68396,86.284,-0.03977891934446527,-0.33846712,0.26333034
1899,86.03412815913342,85.73511,86.33106,-0.03582472076526718,-0.3316432,0.26485172
1900,86.07934174546654,85.78012,86.376976,-0.03610517215136199,-0.33177665,0.26471367
1901,86.12176506489583,85.82226,86.42049,-0.03913648036390038,-0.33513194,0.2642645
1902,86.16891838159812,85.86892,86.46788,-0.03738155564612867,-0.33216107,0.26468098
1903,86.21622272438536,85.91834,86.51286,-0.03541826360732589,-0.3278979,0.26496345
1904,86.25932129343396,85.96246,86.5538,-0.037326022285428896,-0.3293599,0.2623561
1905,86.30254777724218,86.00498,86.597244,-0.0391881176752755,-0.33172607,0.25994942
1906,86.34683240664941,86.04955,86.640625,-0.040200569014742865,-0.33150488,0.2573312
1907,86.39018052292543,86.09358,86.68294,-0.04226383991017093,-0.33277094,0.25440297
1908,86.4343241349788,86.137634,86.72749,-0.04361301253493869,-0.33515272,0.25425005
1909,86.4814406014327,86.18254,86.77657,-0.041799434440477186,-0.33626106,0.25696328
1910,86.52760089938224,86.23239,86.81982,-0.040888698546506334,-0.33142537,0.25539756
1911,86.57247219431989,86.2751,86.86734,-0.04144800610483583,-0.33309937,0.25585
1912,86.61385550475413,86.31648,86.90892,-0.04538135993629607,-0.33754507,0.25242022
1913,86.66470068881495,86.36792,86.95727,-0.040047096241649156,-0.3314713,0.25598916
1914,86.70849472448806,86.41144,87.002,-0.04160928366160539,-0.33412147,0.25452703
1915,86.75706178887931,86.45844,87.05222,-0.038306334349410914,-0.33213797,0.26003173
1916,86.80226985455687,86.50326,87.09747,-0.03824861717411546,-0.33165866,0.2589882
1917,86.84971286352669,86.549774,87.14552,-0.03613832105502438,-0.33159813,0.26197714
1918,86.89572967729535,86.59459,87.19323,-0.03542642867986709,-0.33220345,0.26434392
1919,86.94271452950817,86.64057,87.24032,-0.03378593553608713,-0.32969978,0.26558912
1920,86.98959734861818,86.68674,87.28836,-0.032104866753449854,-0.32969812,0.26790372
1921,87.03937956968164,86.73616,87.33862,-0.02755311797100142,-0.3256086,0.27166396
1922,87.08624795292958,86.78685,87.38333,-0.026070739411664125,-0.3209512,0.27085793
1923,87.12897973057079,86.82928,87.42644,-0.028795736245611995,-0.3231373,0.2684044
1924,87.1720617560958,86.86864,87.471985,-0.030945635000241032,-0.32755408,0.2680397
1925,87.21173270068782,86.908356,87.51334,-0.036499866802384394,-0.33447272,0.2639404
1926,87.26193467205609,86.957886,87.56276,-0.03159757748872352,-0.32976487,0.2705597
1927,87.30936634722326,87.00608,87.60866,-0.02956598641152488,-0.3278614,0.2711814
1928,87.3531361723976,87.04847,87.653015,-0.03142082403841853,-0.32974198,0.2685008
1929,87.40194165746242,87.09709,87.70335,-0.027898811357804518,-0.32717395,0.2739612
1930,87.44791849580865,87.1429,87.74871,-0.027204692965394617,-0.32669237,0.27413452
1931,87.49027468037588,87.18511,87.7925,-0.029813532955571247,-0.3295423,0.2720655
1932,87.53994345571626,87.234795,87.842026,-0.02563048025502054,-0.32512417,0.27610022
1933,87.58068136695961,87.2743,87.88319,-0.0302919200910811,-0.3321053,0.27309167
1934,87.6244725697759,87.31686,87.928375,-0.03160593055488057,-0.33459884,0.27334556
1935,87.66540697679265,87.35589,87.9719,-0.03599816113831608,-0.34158254,0.2717675
1936,87.70958329309802,87.40053,88.01585,-0.03701710037106582,-0.3427426,0.2709495
1937,87.75047117901553,87.44128,88.05643,-0.0415353188612193,-0.34671953,0.26706403
1938,87.79497691422534,87.48546,88.10273,-0.04246709332031521,-0.3478593,0.26554412
1939,87.84166922913376,87.53267,88.1486,-0.0413254404517168,-0.3467623,0.26709217
1940,87.88494774407783,87.57711,88.19059,-0.04352812897674893,-0.34574065,0.26402688
1941,87.92898246339807,87.620476,88.23444,-0.044925243385193735,-0.34747356,0.2612915
1942,87.97944738398895,87.674355,88.282684,-0.03962426743406446,-0.3391814,0.26488155
1943,88.02826398053797,87.72156,88.33427,-0.03593236381086193,-0.33736622,0.269615
1944,88.07131956742587,87.76302,88.377686,-0.03821680364578499,-0.34202084,0.2681652
1945,88.11913323281435,87.81157,88.42487,-0.03559991924746434,-0.3387573,0.27023953
1946,88.16298658839636,87.85591,88.467766,-0.03690553747950303,-0.33921343,0.26765123
1947,88.21254788261402,87.90449,88.51866,-0.03255341302135179,-0.336546,0.27334824
1948,88.2560337230088,87.94758,88.562515,-0.034246256064171844,-0.3385532,0.2724266
1949,88.30438479305005,87.99677,88.60874,-0.031211048399556792,-0.33420697,0.27435812
1950,88.34572005608061,88.03893,88.65011,-0.03520953554536069,-0.33771813,0.27025336
1951,88.39360639104636,88.087425,88.697525,-0.03269823308905211,-0.33489618,0.27271867
1952,88.4394431206104,88.131645,88.743385,-0.03232017427467135,-0.33457142,0.2746029
1953,88.48481476671817,88.176796,88.79034,-0.03224357723614204,-0.33683604,0.27620658
1954,88.52793530212745,88.22022,88.833755,-0.03446445890587859,-0.33783218,0.27393663
1955,88.57136068219671,88.263245,88.87755,-0.03625398986319252,-0.340238,0.27288127
1956,88.61372594632165,88.3044,88.91893,-0.03902948744896402,-0.34484035,0.2701935
1957,88.66026589187628,88.34963,88.966736,-0.03779181642267535,-0.34204614,0.2729224
1958,88.70720840791593,88.397995,89.0129,-0.03606409032989019,-0.34007418,0.2739989
1959,88.75303686560115,88.443794,89.0564,-0.035602664931368336,-0.3397998,0.2729675
1960,88.8015177406961,88.49528,89.10435,-0.03250555165377001,-0.3346068,0.27329922
1961,88.84839986454229,88.54399,89.148674,-0.031127386127747386,-0.33296236,0.27212068
1962,88.89113495059415,88.58687,89.190895,-0.033698091993625785,-0.33491585,0.26807377
1963,88.9340108216397,88.62993,89.23256,-0.036034755077020184,-0.33618855,0.2656363
1964,88.97770231124909,88.67304,89.275665,-0.03771838883326009,-0.339485,0.26212108
1965,89.02094336079473,88.71608,89.31904,-0.03969520123088146,-0.3404038,0.26013315
1966,89.06406730942874,88.759674,89.36293,-0.04176054010967619,-0.34082323,0.2576948
1967,89.11753073637273,88.81312,89.41653,-0.03339991907047901,-0.33524865,0.26717243
1968,89.16231288602344,88.85851,89.46161,-0.03407306933308196,-0.33510917,0.2672512
1969,89.20848086782242,88.904854,89.50666,-0.03326650958260558,-0.33440816,0.26715952
1970,89.25160497823339,88.94815,89.55046,-0.035388386649757415,-0.3374166,0.26372635
1971,89.29620293042868,88.99377,89.59505,-0.036250055249854266,-0.3373523,0.26201588
1972,89.34255741442763,89.03936,89.64108,-0.0351019065461922,-0.33573335,0.26412883
1973,89.38598098514748,89.084236,89.68344,-0.03698565558781104,-0.3375661,0.26146168
1974,89.43799521028056,89.136086,89.73591,-0.030562992299861667,-0.3302728,0.26702154
1975,89.4819767165907,89.17998,89.78072,-0.03192492416690927,-0.33154812,0.26652575
1976,89.52678551287299,89.22327,89.82618,-0.03243221705791331,-0.33251137,0.2675628
1977,89.57423304371355,89.27156,89.87328,-0.030461738590721592,-0.33138773,0.26813617
1978,89.61688377460564,89.31296,89.916336,-0.033151796982833354,-0.3341446,0.2676615
1979,89.66152506406347,89.35706,89.96181,-0.03375006453200053,-0.3355624,0.26729816
1980,89.70851169337158,89.40436,90.00836,-0.03220260906048407,-0.3331133,0.2699888
1981,89.75411214251298,89.44903,90.05456,-0.032015633835325526,-0.33414155,0.27055463
1982,89.80522328355518,89.49995,90.10739,-0.02625258096891631,-0.32866192,0.27809876
1983,89.84881399554682,89.543144,90.15118,-0.028135170554145925,-0.33191368,0.27733138
1984,89.89673219393278,89.591354,90.19914,-0.025509076024779254,-0.3289095,0.2802535
1985,89.93939888118747,89.63288,90.24357,-0.02823390161580175,-0.3322891,0.27737144
1986,89.9837349186238,89.67807,90.286766,-0.029222293592019995,-0.33322307,0.27573484
1987,90.02779353171644,89.72252,90.3304,-0.030641841655046024,-0.33255047,0.27383706
1988,90.07161206798193,89.76785,90.37363,-0.03208685178148018,-0.3335733,0.27121046
1989,90.11575576284976,89.812935,90.416855,-0.03339073493556249,-0.33360708,0.268817
1990,90.15958634278266,89.858154,90.459724,-0.034784795597705795,-0.33632126,0.26700193
1991,90.20365385389664,89.90356,90.50337,-0.035995546015248334,-0.33557662,0.26457477
1992,90.24994186380391,89.94989,90.55048,-0.03516596388175134,-0.33343402,0.2661146
1993,90.2917095272453,89.9902,90.59217,-0.038412928050976174,-0.33803245,0.26450935
1994,90.33801829997545,90.03707,90.63627,-0.037607638552406834,-0.33646446,0.2653866
1995,90.38575371054213,90.08523,90.684845,-0.03514704461681515,-0.33227172,0.26688054
1996,90.43777701742319,90.14004,90.73491,-0.028478137822468285,-0.32395855,0.27099195
1997,90.48490449759505,90.18547,90.784874,-0.026759544705293552,-0.3247875,0.2746462
1998,90.53082310352004,90.230896,90.82899,-0.026115726392251817,-0.32350674,0.2753368
1999,90.576147639586,90.277084,90.87278,-0.026072473082666855,-0.32330346,0.27365875
2000,90.62295918879842,90.323555,90.92051,-0.024642777754327737,-0.3222474,0.2766856
2001,90.66980094766355,90.367676,90.9681,-0.02320068561148949,-0.32139322,0.27962258
2002,90.71631519480111,90.41413,91.01543,-0.02216405141852677,-0.32013625,0.27987707
2003,90.76766467045293,90.465096,91.06812,-0.01635680428768667,-0.31541884,0.28781053
2004,90.81133798542606,90.5079,91.11209,-0.01789197547090777,-0.31681353,0.28596288
2005,90.85624466763532,90.55342,91.15604,-0.018329390454734647,-0.31648487,0.28503838
2006,90.89795403218409,90.59517,91.19795,-0.021666031922079377,-0.32005656,0.28052855
2007,90.94211316843673,90.64005,91.240585,-0.02277261992955239,-0.32021537,0.27852342
2008,90.98351145569674,90.68086,91.28252,-0.026608227186743428,-0.32494846,0.27444533
2009,91.02958558425121,90.72689,91.327736,-0.026019882488660516,-0.32461342,0.2763674
2010,91.06940540803758,90.76582,91.36738,-0.03139722337869704,-0.32997176,0.2703933
2011,91.10966399473922,90.8038,91.41018,-0.03651134570387409,-0.337397,0.26878455
2012,91.15823903505182,90.85489,91.45728,-0.03342606446134775,-0.33309108,0.2720138
2013,91.20383777953217,90.90058,91.504486,-0.033093309630088365,-0.3324065,0.27121153
2014,91.24542569399858,90.94218,91.54534,-0.036747996162556994,-0.3358544,0.26708424
2015,91.28910385035852,90.98574,91.58809,-0.03817112803529398,-0.33588684,0.26453125
2016,91.33706884685986,91.03332,91.636604,-0.035618940046666867,-0.33441448,0.2672186
2017,91.3806856948674,91.07587,91.680984,-0.037651249156240706,-0.33619845,0.2668662
2018,91.42726340691871,91.12063,91.72973,-0.0366514029010754,-0.3368563,0.26960835
2019,91.47144119503443,91.161766,91.77721,-0.03764897495469978,-0.3396475,0.27104023
2020,91.52209390529953,91.21231,91.82907,-0.03231320175989217,-0.33744684,0.2776894
2021,91.5706655041404,91.26143,91.8781,-0.02901507361801474,-0.33370292,0.27936646
2022,91.61320044021302,91.30295,91.92051,-0.03197803156005189,-0.33613566,0.27742013
2023,91.65903016218525,91.34954,91.963486,-0.03163889950221378,-0.33617595,0.27827007
2024,91.7053119934179,91.396416,92.01188,-0.03062798326684869,-0.33367777,0.27909595
2025,91.75137597080145,91.442444,92.056915,-0.029873037992455356,-0.3332853,0.27874178
2026,91.80084387001557,91.49153,92.107086,-0.0257734649559236,-0.32942912,0.28362584
2027,91.84450099413547,91.53463,92.15136,-0.027357647300300488,-0.3316047,0.28160113
2028,91.89069068208246,91.581184,92.197266,-0.0265952974158692,-0.33112875,0.28338292
2029,91.93278631606853,91.622,92.240326,-0.029826929826657456,-0.33460125,0.27894592
2030,91.97652714956732,91.665665,92.28556,-0.03127944831759151,-0.33753583,0.27847558
2031,92.02134797290616,91.71204,92.32752,-0.031717731641015,-0.3362049,0.27655748
2032,92.07094342176896,91.76002,92.37734,-0.02748697080761327,-0.33166695,0.28208798
2033,92.11585508043827,91.803734,92.421295,-0.027996975925695878,-0.33167115,0.28077704
2034,92.16003636022455,91.85041,92.46325,-0.02915891980297053,-0.33118594,0.2770621
2035,92.20318894284314,91.89176,92.508415,-0.031342032480758585,-0.33551154,0.2771077
2036,92.24768661444126,91.93641,92.55334,-0.03213663668254781,-0.33636588,0.2761732
2037,92.29457851278745,91.98131,92.602036,-0.030883188047109284,-0.33685246,0.27924228
2038,92.339063938598,92.02471,92.64632,-0.031779651772529796,-0.33819914,0.27839324
2039,92.38395547522651,92.07095,92.68964,-0.03228147037819747,-0.33879498,0.2776098
2040,92.4282775333533,92.11412,92.73496,-0.033321785276706054,-0.34234384,0.27680922
2041,92.47251016080538,92.15765,92.77766,-0.034482305777352146,-0.34261087,0.2753162
2042,92.5173185589073,92.20132,92.82292,-0.03502054238770647,-0.34290412,0.2759316
2043,92.56435559606604,92.24713,92.872345,-0.0332098280622184,-0.34321943,0.279198
2044,92.60941022733304,92.291306,92.91977,-0.03350901333614042,-0.34491575,0.2790157
2045,92.65508440901512,92.337364,92.964516,-0.03316265808848879,-0.34521744,0.27913472
2046,92.70495264915556,92.38919,93.01324,-0.028674621647888345,-0.33992702,0.2818931
2047,92.7476920914804,92.42997,93.058044,-0.031457644709177175,-0.34359422,0.28025466
2048,92.79555503772684,92.47828,93.10765,-0.028867007800504253,-0.34133705,0.28601107
2049,92.84523061414505,92.529366,93.15591,-0.024667668796306986,-0.33606684,0.28841102
2050,92.88933606459902,92.57348,93.199265,-0.02578983675190295,-0.33540094,0.28620374
2051,92.93976772630408,92.62488,93.249756,-0.02060853240839274,-0.33097115,0.29057994
2052,92.99039055502968,92.67463,93.29967,-0.015283969452908006,-0.3258531,0.29603806
2053,93.03357861696041,92.71812,93.34258,-0.017417222227280003,-0.32754213,0.29357907
2054,93.08018499389544,92.76454,93.38897,-0.0160547357523329,-0.32674128,0.2948487
2055,93.12780162274147,92.812386,93.43665,-0.013730717463620161,-0.3245578,0.29543406
2056,93.18032432290207,92.8649,93.48816,-0.00633248501821605,-0.31645465,0.30351594
2057,93.22259021012002,92.90904,93.528534,-0.009396442758025293,-0.31771693,0.2982906
2058,93.26576511576387,92.95181,93.57229,-0.01164018909225537,-0.32074463,0.2962935
2059,93.31008942987411,92.99487,93.617,-0.012525526184045075,-0.3235653,0.29646713
2060,93.35176239035464,93.036446,93.65821,-0.01600598204581305,-0.32513097,0.2922503
2061,93.39925575010275,93.08494,93.705734,-0.013592581144056048,-0.3227927,0.2975187
2062,93.44644228276663,93.13187,93.75581,-0.011787521577344988,-0.3222831,0.29940024
2063,93.492673419545,93.1767,93.80236,-0.01058190423393824,-0.32197887,0.3015315
2064,93.54186167662324,93.22586,93.85299,-0.0066608962134885544,-0.31972033,0.30566517
2065,93.58623799367338,93.27086,93.89661,-0.00770740029024745,-0.32022077,0.3048935
2066,93.62829802060341,93.31326,93.93861,-0.010937078161124781,-0.3221439,0.30093223
2067,93.67602606932128,93.36229,93.98762,-0.008639796663578659,-0.31878334,0.30307135
2068,93.72101762205048,93.406075,94.03285,-0.008825224265911952,-0.3200401,0.3051097
2069,93.76281761628441,93.44642,94.07527,-0.012339976562948255,-0.32533646,0.30205435
2070,93.80839721676739,93.49533,94.11945,-0.012125450722309413,-0.32198915,0.30153877
2071,93.85461871642023,93.54233,94.16584,-0.011266561849225788,-0.3211977,0.3033792
2072,93.89650495005598,93.5841,94.20787,-0.014995919265419969,-0.32387117,0.29837087
2073,93.94238584024514,93.63057,94.25415,-0.014319529143957946,-0.32258603,0.3002713
2074,93.98965138402522,93.67897,94.299484,-0.012320306988486306,-0.31909674,0.3012998
2075,94.03413382337187,93.724655,94.343124,-0.0132475985511757,-0.31982964,0.29845804
2076,94.0797096350508,93.77019,94.38869,-0.012929077288053198,-0.31903487,0.29799324
2077,94.12851797726115,93.81805,94.43881,-0.00948288186829384,-0.31758037,0.30083147
2078,94.17066246850752,93.860306,94.48014,-0.012472952564370175,-0.32085523,0.29923424
2079,94.2191666832871,93.9092,94.52721,-0.009299127030204074,-0.31600937,0.3007258
2080,94.26877839684721,93.95912,94.57718,-0.00496449802671756,-0.31192893,0.30514827
2081,94.31067969338326,93.999176,94.61986,-0.008416167697788001,-0.31653532,0.30208686
2082,94.35842349893689,94.04635,94.66838,-0.006134741812047292,-0.31474346,0.30477896
2083,94.4060529807707,94.09217,94.71744,-0.0037312366089511198,-0.3137326,0.30859122
2084,94.44944895324004,94.13379,94.76219,-0.0055801329218243,-0.31762436,0.3082313
2085,94.49220115093365,94.174164,94.80651,-0.008048205584924866,-0.32121643,0.3069918
2086,94.53731665349788,94.22231,94.849396,-0.008274430572923484,-0.31889418,0.3050707
2087,94.58547335470413,94.27006,94.89912,-0.005330065985306026,-0.31806138,0.30923983
2088,94.62938719392163,94.31359,94.94144,-0.006761155337083998,-0.31859177,0.3068522
2089,94.67727450397419,94.363014,94.98701,-0.004248209383274655,-0.3143551,0.30827576
2090,94.72031148415195,94.40535,95.030106,-0.006517283768512466,-0.3171464,0.30512264
2091,94.76285140209275,94.44734,95.07269,-0.009082120585143202,-0.3196396,0.3034812
2092,94.80603158390423,94.488266,95.11746,-0.011478050606218504,-0.32606792,0.30372724
2093,94.85389211582465,94.537,95.1647,-0.008518892147788304,-0.32120785,0.3065328
2094,94.90026136465718,94.58239,95.21219,-0.007533234350934301,-0.32184103,0.30858138
2095,94.94749811724249,94.62844,95.260925,-0.005910686645531546,-0.32094023,0.3104356
2096,94.99378248506964,94.675766,95.306564,-0.0049147297894853136,-0.31996146,0.3099439
2097,95.03784416562546,94.719154,95.351875,-0.006279702091293765,-0.32246202,0.30989805
2098,95.0849043767419,94.7656,95.39861,-0.0044975506895545934,-0.32085675,0.3128752
2099,95.12738910677726,94.8083,95.44209,-0.0071356875819318065,-0.32309914,0.31018907
2100,95.16736453590572,94.84981,95.48165,-0.01251498301572624,-0.32815543,0.3042352
2101,95.21227247572038,94.892815,95.52543,-0.013167301329081504,-0.3290008,0.30287117
2102,95.2522290549557,94.93254,95.56438,-0.018605520063094665,-0.33370087,0.298082
2103,95.29923660603481,94.98105,95.61076,-0.016723992142493135,-0.3308597,0.29871076
2104,95.34459878406591,95.02778,95.65387,-0.016754341063457343,-0.32848123,0.29529512
2105,95.38976481109202,95.07336,95.69627,-0.01687156089127273,-0.32567856,0.2932156
2106,95.43614648546087,95.12026,95.743385,-0.01562244585990138,-0.32418206,0.2949944
2107,95.47808948999293,95.16117,95.787,-0.01899851876507706,-0.32863516,0.29376832
2108,95.52122500197608,95.20442,95.83083,-0.02141567271381728,-0.33206543,0.29065144
2109,95.56741265863214,95.252014,95.87491,-0.02047394419037448,-0.3292792,0.2891487
2110,95.61263763687059,95.29776,95.91941,-0.020560083877088842,-0.32984027,0.29028043
2111,95.65941247604071,95.3451,95.966156,-0.019083762416370255,-0.32794958,0.29160836
2112,95.70592466944875,95.39281,96.01112,-0.017811820268408097,-0.32421696,0.29025537
2113,95.75036570088858,95.43843,96.05499,-0.018601711083951568,-0.3249676,0.2883952
2114,95.79180570918201,95.48098,96.09524,-0.022530652085025856,-0.32767597,0.28296512
2115,95.83189261135286,95.52141,96.13437,-0.028013716996860474,-0.3308097,0.27651697
2116,95.87958585614932,95.56962,96.18089,-0.025776024049319928,-0.32993755,0.2774412
2117,95.9288595642025,95.618866,96.22993,-0.02167493277140465,-0.32362872,0.28197664
2118,95.97147995956158,95.66115,96.2732,-0.024265638701140988,-0.3279051,0.28046557
2119,96.0197898096979,95.708084,96.3223,-0.021543343858230327,-0.32544908,0.2846076
2120,96.06432333324668,95.75261,96.36647,-0.022383082072754724,-0.32675645,0.28490007
2121,96.10895707164019,95.796585,96.413345,-0.02303685035195834,-0.32883185,0.28522846
2122,96.15398869482296,95.84178,96.45631,-0.02354515743817349,-0.32888868,0.28484696
2123,96.19576731025,95.88293,96.5004,-0.026844642810493154,-0.3327739,0.28202787
2124,96.23938143295767,95.927055,96.54318,-0.028711177604638073,-0.33406752,0.27907437
2125,96.28803732862505,95.97437,96.592636,-0.025351152648817113,-0.33199307,0.28497303
2126,96.33524926935527,96.02295,96.63895,-0.02359167007292978,-0.3311836,0.2858951
2127,96.38066682911145,96.067665,96.684616,-0.023519369195734958,-0.33180693,0.2853648
2128,96.42278246634874,96.111084,96.725044,-0.026719943234993864,-0.33355114,0.28016034
2129,96.46794541814738,96.15404,96.77249,-0.026909917075929532,-0.33545426,0.28233108
2130,96.51085392592353,96.19578,96.81584,-0.02902916218894599,-0.33787358,0.28062794
2131,96.55184457045829,96.23612,96.85731,-0.03336926503539581,-0.3432399,0.2772795
2132,96.59874239937713,96.28373,96.904564,-0.031655637945490485,-0.3407312,0.27779543
2133,96.64559608605363,96.3304,96.95265,-0.030170333622195084,-0.33970663,0.2792883
2134,96.69172703168992,96.3765,97.00116,-0.02946897956925975,-0.3380379,0.28064537
2135,96.73728412300828,96.42197,97.0463,-0.02916750841018075,-0.34065714,0.28159285
2136,96.78497797158221,96.46898,97.09281,-0.026593548324056915,-0.336561,0.28418353
2137,96.82874383617704,96.51468,97.13589,-0.028139516964514884,-0.33759522,0.28278893
2138,96.87206352506328,96.55803,97.17954,-0.030293785329532457,-0.34127587,0.2802028
2139,96.91754500968798,96.602875,97.2271,-0.030042764827532882,-0.33928758,0.2822854
2140,96.96234231527633,96.64661,97.27226,-0.03069777422260159,-0.34040514,0.28228647
2141,97.00411033527683,96.68774,97.313416,-0.03421462307874401,-0.3435233,0.27765718
2142,97.04889675939197,96.73214,97.358315,-0.03484253644929145,-0.34493563,0.2771969
2143,97.09146744998397,96.77328,97.401474,-0.03764122830870969,-0.3486174,0.27546078
2144,97.1397568612853,96.82381,97.45153,-0.03457218671199414,-0.34389114,0.279913
2145,97.19136529714804,96.87638,97.500885,-0.028061603542540784,-0.33581132,0.28273708
2146,97.23922171999334,96.92215,97.55123,-0.02539344828460386,-0.3334017,0.28737828
2147,97.28170039338171,96.964424,97.594345,-0.028235814646086505,-0.33901852,0.28698748
2148,97.33366349256987,97.0151,97.64844,-0.02184636614848967,-0.33400837,0.29582816
2149,97.37622342103805,97.05745,97.691696,-0.024837242328550273,-0.33841377,0.29267418
2150,97.41989296372942,97.100044,97.735306,-0.02653546665187268,-0.34026307,0.29142758
2151,97.46354725340393,97.14601,97.7765,-0.028184576289949834,-0.3400664,0.2891763
2152,97.51107967541927,97.19111,97.82768,-0.026037267515332634,-0.34073532,0.29387617
2153,97.55275120958304,97.23309,97.86858,-0.02985698859001076,-0.344108,0.28885937
2154,97.59880024232197,97.277885,97.91641,-0.0291096545294502,-0.34352145,0.29103178
2155,97.64913548444595,97.33272,97.96264,-0.024117099357700563,-0.33624035,0.29278377
2156,97.69107773881619,97.37417,98.00423,-0.027515584155691768,-0.33861256,0.2893418
2157,97.73608080576317,97.417305,98.051155,-0.027498881985981893,-0.33957928,0.28965807
2158,97.77753936970059,97.45993,98.09155,-0.031205285114684293,-0.34441793,0.28674203
2159,97.82080487957246,97.50286,98.13588,-0.03344270755444549,-0.3480887,0.28436384
2160,97.86527602211956,97.546936,98.18151,-0.034296140465416694,-0.34970725,0.28430954
2161,97.91096018720812,97.59107,98.22989,-0.0338698405431743,-0.35100538,0.2866025
2162,97.95446085991492,97.63127,98.275475,-0.03563371507282428,-0.3563856,0.287571
2163,97.99642672750034,97.67322,98.318306,-0.03924797915396507,-0.35984722,0.2827803
2164,98.04209096414644,97.718346,98.3634,-0.03882066069168055,-0.35918528,0.28389975
2165,98.08974992136565,97.767845,98.408646,-0.036661010679500144,-0.3559076,0.2830021
2166,98.13386737930553,97.81474,98.45036,-0.037935785950498895,-0.35597852,0.2798118
2167,98.17731718020725,97.8569,98.49364,-0.039912482442438425,-0.35669625,0.2782388
2168,98.2216153216185,97.900894,98.53838,-0.04108084429545725,-0.35820267,0.2766801
2169,98.27235772288282,97.95055,98.58965,-0.035873210947867565,-0.35428542,0.2821535
2170,98.31426449391653,97.99454,98.63009,-0.03955801416772553,-0.35626048,0.27827418
2171,98.35971393048068,98.03898,98.67383,-0.03948871484610298,-0.3547402,0.27744937
2172,98.40960690796827,98.0883,98.72366,-0.035195802974409815,-0.35054,0.28220117
2173,98.45677754658556,98.138084,98.768684,-0.03349047188132407,-0.34670487,0.28206816
2174,98.50436388932869,98.186295,98.814,-0.03140425096489534,-0.34417832,0.2819898
2175,98.54604008092305,98.226746,98.85586,-0.0349850519135179,-0.3482532,0.2784845
2176,98.5873200916355,98.26695,98.89952,-0.0388284978225628,-0.3535902,0.2764351
2177,98.63378659295931,98.31677,98.94357,-0.03727646718989612,-0.3491921,0.2758911
2178,98.68119673996497,98.363594,98.99075,-0.03517863367280659,-0.34725115,0.2779833
2179,98.73015008239149,98.4124,99.04191,-0.03174640157796498,-0.3455479,0.28358436
2180,98.77453031777823,98.45651,99.08546,-0.032473811489921046,-0.3471962,0.2818632
2181,98.81643985018565,98.49773,99.12987,-0.03586461182053877,-0.35089564,0.27881268
2182,98.85917036087682,98.53905,99.172134,-0.03853325509068703,-0.35374412,0.27499372
2183,98.90607021117785,98.58627,99.22001,-0.03692443869104714,-0.35280344,0.27799135
2184,98.94961497432027,98.63083,99.26187,-0.038676087872175496,-0.35377565,0.27543965
2185,98.98996343206973,98.67086,99.30471,-0.04381160436399072,-0.35967058,0.27140063
2186,99.03116745868041,98.712845,99.34419,-0.048071011557457334,-0.3636071,0.26732194
2187,99.07491189551283,98.756226,99.38832,-0.04974087729239493,-0.36523557,0.2650336
2188,99.11801187255355,98.798645,99.43048,-0.052022330310539044,-0.367012,0.26227444
2189,99.16287470292237,98.844604,99.475914,-0.05222673505029127,-0.3666908,0.26178962
2190,99.21035216486976,98.89183,99.52461,-0.050254814575717614,-0.36581832,0.26515263
2191,99.25352458184214,98.93223,99.570206,-0.0525037688936661,-0.36900082,0.26433086
2192,99.29766519042018,98.975784,99.615875,-0.0533742229202329,-0.3696373,0.26410124
2193,99.34290760708407,99.02084,99.65994,-0.05347082400239485,-0.36857402,0.26420748
2194,99.38671956892182,99.0641,99.703156,-0.054944023810775025,-0.37101358,0.26327407
2195,99.43006998199454,99.10741,99.747055,-0.05689312655740601,-0.3738356,0.26097608
2196,99.47467432707658,99.15131,99.79356,-0.0574134535326227,-0.37412173,0.26060018
2197,99.51727639500554,99.192955,99.83779,-0.0601545357830894,-0.37859908,0.25965437
2198,99.56063145920474,99.238205,99.88031,-0.06243402945200739,-0.37940487,0.2560983
2199,99.6068440035634,99.2867,99.92409,-0.06156185884924201,-0.37729025,0.25524613
2200,99.66142402412362,99.341675,99.97777,-0.052004157702322994,-0.36480173,0.2637074
2201,99.70874690095033,99.39021,100.02434,-0.0501309610422889,-0.36234626,0.26480103
2202,99.75433294095346,99.43674,100.06822,-0.04988794615375179,-0.3619023,0.2639525
2203,99.79898838731289,99.48054,100.11524,-0.050724407704701296,-0.36472726,0.26624632
2204,99.84894702606735,99.53123,100.16499,-0.046129424386317314,-0.36077988,0.2702934
2205,99.89209385258974,99.57469,100.20868,-0.04826766758723287,-0.36292958,0.26803645
2206,99.94039673465194,99.626396,100.25614,-0.04515861925262406,-0.35589424,0.26930612
2207,99.98617481220384,99.672134,100.29863,-0.044681327405992136,-0.35523978,0.26914373
2208,100.0284626513058,99.712814,100.34186,-0.04743750935644083,-0.35928354,0.26696232
2209,100.06793942550236,99.751854,100.38174,-0.053277600355090944,-0.365365,0.26284814
2210,100.11488739181775,99.79797,100.43022,-0.05168821103166083,-0.3630995,0.26593894
2211,100.15905807488171,99.841705,100.4723,-0.05269408111922432,-0.36464357,0.2657971
2212,100.20447954344472,99.88643,100.51918,-0.05245188597411485,-0.3652825,0.26585907
2213,100.24977625342528,99.93042,100.56445,-0.05230250302502161,-0.36508694,0.2661359
2214,100.29502129268056,99.97618,100.609795,-0.052394931456043396,-0.36450577,0.264737
2215,100.34056115504936,100.018974,100.65664,-0.05210346474832139,-0.36668253,0.26563016
2216,100.38810713682241,100.069176,100.70316,-0.04983215105225021,-0.36365196,0.26757428
2217,100.43517894333338,100.11308,100.75306,-0.048083198439749224,-0.36374184,0.2701655
2218,100.4805000168244,100.15796,100.79818,-0.048049702456402145,-0.36574355,0.27160856
2219,100.52542355613873,100.203,100.84346,-0.04842621058919906,-0.36500543,0.27110994
2220,100.57087669770573,100.248146,100.889534,-0.04836988106982675,-0.36518252,0.27155393
2221,100.61423414859773,100.2911,100.93332,-0.05078224676017053,-0.36797452,0.26940152
2222,100.65875432466278,100.33701,100.9763,-0.05169568475961814,-0.36831093,0.26909035
2223,100.70467411672031,100.3838,101.02084,-0.051254066761425486,-0.36483616,0.26865765
2224,100.75183388305082,100.43274,101.0674,-0.049652782241079725,-0.36155412,0.26901922
2225,100.79831734599765,100.47883,101.11456,-0.04857115569322823,-0.36141074,0.27095538
2226,100.84313199582438,100.52411,101.15988,-0.04926522964627706,-0.36286825,0.27069515
2227,100.88394270023848,100.56303,101.20055,-0.053823610150392644,-0.36891362,0.2677979
2228,100.9269532052065,100.60562,101.243385,-0.055983162488082425,-0.37097958,0.2647684
2229,100.97046505771306,100.64666,101.28949,-0.05758007018376771,-0.3748597,0.26495105
2230,101.01497596772377,100.69201,101.33377,-0.05834440595868513,-0.3744703,0.2631974
2231,101.05894616179924,100.736145,101.37697,-0.0593459610933337,-0.37657166,0.26104277
2232,101.10558192024259,100.784325,101.42373,-0.058061961586693675,-0.37332192,0.2621514
2233,101.14897512409135,100.828575,101.46681,-0.05996262551876213,-0.37522817,0.26142457
2234,101.20069168791669,100.880554,101.518074,-0.05393552116727082,-0.36907828,0.26816303
2235,101.24405887070299,100.92588,101.56079,-0.05574980237237495,-0.37045914,0.26449046
2236,101.29048920716075,100.97284,101.60671,-0.05464936334646036,-0.36814138,0.2653041
2237,101.33412320399339,101.01709,101.64886,-0.056436583796869506,-0.36968884,0.26206106
2238,101.37616729695219,101.06116,101.68984,-0.059910097394526025,-0.37111235,0.25784704
2239,101.42356436739256,101.10718,101.73764,-0.05764186947477202,-0.36850238,0.25790733
2240,101.46736834981316,101.14863,101.78205,-0.05904245548176415,-0.3713104,0.25762832
2241,101.51536291018424,101.19629,101.83146,-0.05636917866723738,-0.36972255,0.26258963
2242,101.55923288810268,101.24092,101.87446,-0.05790489600001511,-0.37097427,0.26081496
2243,101.60347523700072,101.285736,101.91915,-0.05880869626439163,-0.3704064,0.2582681
2244,101.64595196281546,101.3303,101.9595,-0.061445872761251595,-0.37044114,0.2549433
2245,101.691188672686,101.376755,102.003685,-0.06167238771366867,-0.37128314,0.25336713
2246,101.73622611313952,101.41811,102.050285,-0.06185790402711348,-0.37234446,0.25440523
2247,101.78265221709314,101.465164,102.09533,-0.06058823744013073,-0.37116832,0.25519887
2248,101.82700747283721,101.50961,102.13961,-0.061814748379372376,-0.37219146,0.25355443
2249,101.8766573973216,101.560104,102.188416,-0.05732816388948075,-0.3678117,0.2579876
2250,101.92375895428897,101.60673,102.23643,-0.055437902342779614,-0.3654013,0.26072955
2251,101.9789735609428,101.66503,102.28791,-0.0456929736889561,-0.35229707,0.26822463
2252,102.02449453697595,101.711845,102.33245,-0.04539026764970712,-0.34999737,0.26770055
2253,102.06889676426194,101.757195,102.375114,-0.04622705370018146,-0.34903744,0.26489475
2254,102.11517337148793,101.80407,102.42073,-0.04546998029203609,-0.34833014,0.26601925
2255,102.16537937432726,101.85474,102.471596,-0.04045673854846356,-0.3444883,0.27029485
2256,102.20909792746338,101.89773,102.51617,-0.042041657939712776,-0.3458365,0.26923305
2257,102.25079713396845,101.940384,102.55769,-0.045970632810681915,-0.34894168,0.26611468
2258,102.29044481587503,101.98135,102.59686,-0.05179670383395145,-0.35449812,0.25919893
2259,102.33585271193516,102.02593,102.64266,-0.05189413406103122,-0.35445595,0.25776026
2260,102.3781902503058,102.06793,102.68625,-0.05499537052954582,-0.35691372,0.25632244
2261,102.42817349349527,102.11731,102.73512,-0.050364052187920554,-0.35323894,0.26021212
2262,102.47559228085582,102.167625,102.78249,-0.04833249756888235,-0.35025045,0.2607794
2263,102.5209346152351,102.21234,102.828285,-0.04829464542891527,-0.35130113,0.2621627
2264,102.57252142949547,102.264175,102.87825,-0.04209001082303369,-0.34349132,0.26762882
2265,102.61640689417543,102.30809,102.92264,-0.04330173793311139,-0.3444147,0.26493698
2266,102.65922840773219,102.34986,102.96413,-0.045502141533599307,-0.34672534,0.26265952
2267,102.70761790334677,102.400116,103.011765,-0.04252518602316848,-0.34225053,0.26298365
2268,102.75477572873774,102.44732,103.05707,-0.04088910278264161,-0.3392898,0.26408786
2269,102.80040342813139,102.48982,103.10584,-0.04054950402463014,-0.34156206,0.26683953
2270,102.84396094534601,102.53314,103.14942,-0.04221900132795642,-0.34310976,0.26666632
2271,102.88894232401125,102.57869,103.19331,-0.042887727641520566,-0.34250772,0.26525325
2272,102.93607671303998,102.6268,103.2402,-0.041071619922955764,-0.34055778,0.26706466
2273,102.9794608052755,102.672066,103.28246,-0.04293830488287343,-0.3419422,0.26373667
2274,103.0279750371513,102.71953,103.33224,-0.03975372054437791,-0.3399597,0.2675089
2275,103.0743236362339,102.76435,103.379105,-0.038611742552937325,-0.34143427,0.26818198
2276,103.12065937065269,102.808556,103.42856,-0.037656094001418866,-0.3432673,0.27170822
2277,103.16742395554543,102.85414,103.476875,-0.036298073768917596,-0.34409392,0.27790746
2278,103.21269289019774,102.89815,103.52295,-0.03624507590551729,-0.34498265,0.2771533
2279,103.2548008933554,102.93871,103.565254,-0.039545694742834155,-0.34989548,0.27543885
2280,103.29713494106952,102.98058,103.60912,-0.042434397457105,-0.3538247,0.2724594
2281,103.3454478444694,103.026405,103.65783,-0.039317258777805585,-0.3534384,0.2786274
2282,103.38672019729258,103.06966,103.696815,-0.043516363964970516,-0.3565162,0.27208608
2283,103.42914513713795,103.110886,103.74062,-0.046507005898688246,-0.36053672,0.26937947
2284,103.4759531048424,103.15911,103.786446,-0.04505655086924195,-0.35815257,0.26900068
2285,103.52018888470988,103.202225,103.833786,-0.04619212202490855,-0.36094126,0.26941442
2286,103.5645041819758,103.245255,103.878265,-0.047117950570081314,-0.36282396,0.26985177
2287,103.61179416353549,103.2937,103.92542,-0.04526930329113945,-0.36065677,0.27300557
2288,103.65383082738956,103.33303,103.96942,-0.04866772071716831,-0.3656373,0.2702016
2289,103.70202944584669,103.38099,104.01721,-0.045799727380910094,-0.36212525,0.27358142
2290,103.75029854053902,103.43111,104.062195,-0.043102287145014025,-0.35655072,0.27356339
2291,103.79448764192901,103.476616,104.10603,-0.04430551178890975,-0.3574742,0.2720732
2292,103.83556270196134,103.51793,104.147484,-0.04840903218247092,-0.3614383,0.26705718
2293,103.88035695510554,103.56119,104.19253,-0.04893028736633843,-0.3630506,0.26539242
2294,103.92485430526789,103.60715,104.236015,-0.04988813237207171,-0.36307463,0.26506394
2295,103.96915141942276,103.652374,104.28089,-0.05076248103081147,-0.36239904,0.26428357
2296,104.00817258415483,103.691696,104.31908,-0.05688630032478824,-0.366788,0.2577118
2297,104.05807155225554,103.74055,104.36954,-0.0522086641176479,-0.36028242,0.26254034
2298,104.09920964202365,103.781975,104.41276,-0.05655378728671215,-0.3647907,0.2598728
2299,104.14218633967103,103.825554,104.45549,-0.05870779051130238,-0.36732286,0.25744686
2300,104.192271480708,103.87642,104.50503,-0.05383501294874313,-0.36122164,0.26082158
2301,104.24054832302008,103.92491,104.55186,-0.050876560990228116,-0.35793525,0.26271388
2302,104.29385444812974,103.978065,104.60482,-0.04278078189544617,-0.35034993,0.27099675
2303,104.33878984053811,104.02233,104.650696,-0.04342218811023889,-0.351715,0.27065384
2304,104.38955751129946,104.07185,104.703865,-0.03774876387133488,-0.34826875,0.27858984
2305,104.44046803952578,104.122314,104.754425,-0.032298525920684856,-0.34092003,0.28182906
2306,104.48314002505943,104.16563,104.79537,-0.03475956626024387,-0.34309685,0.28010413
2307,104.52495344546381,104.20759,104.838524,-0.038104000627661276,-0.34605488,0.27682814
2308,104.56920920274662,104.252846,104.88139,-0.039150014454745634,-0.34624735,0.2749533
2309,104.61357674264792,104.29723,104.92578,-0.04031158843121756,-0.34705395,0.27420726
2310,104.65826207276795,104.34389,104.96884,-0.04081067039981579,-0.3450165,0.27135202
2311,104.70334508581905,104.38854,105.01391,-0.041228467386820525,-0.34738,0.27279297
2312,104.74832069270958,104.43398,105.057594,-0.041650232969749276,-0.34664732,0.27160934
2313,104.79216779670521,104.47783,105.10198,-0.04274556074472507,-0.3486577,0.271261
2314,104.83419616395693,104.52071,105.14415,-0.04578774392734277,-0.35094583,0.26759094
2315,104.88086787855842,104.56814,105.18994,-0.04466376240012545,-0.35023797,0.26850298
2316,104.92636840028915,104.61433,105.23499,-0.04443839604258878,-0.34798458,0.2666072
2317,104.96910159365846,104.658455,105.27533,-0.04675230875542811,-0.34757033,0.26281422
2318,105.01391635554977,104.70554,105.31906,-0.047341540886551035,-0.34649888,0.2612288
2319,105.05297620504027,104.74473,105.35813,-0.05351350969286304,-0.3539036,0.2556139
2320,105.09610919848427,104.787445,105.40209,-0.05583716346368503,-0.35648268,0.254021
2321,105.14180957850728,104.83191,105.44631,-0.05549010650583799,-0.35545418,0.2539564
2322,105.19025352179194,104.88097,105.49508,-0.05235615056790494,-0.3535024,0.2574256
2323,105.23708044698014,104.927795,105.54238,-0.0506701883871409,-0.34971434,0.25712326
2324,105.28052508437281,104.97017,105.58566,-0.05277496408396598,-0.3536022,0.25656915
2325,105.32613309731295,105.01736,105.63223,-0.05246653178684378,-0.3533311,0.25670913
2326,105.36795504624351,105.05805,105.6746,-0.0559510204295355,-0.35793895,0.25527036
2327,105.41101625460283,105.10197,105.718155,-0.05819998452986176,-0.36102298,0.25257218
2328,105.45557986892433,105.14611,105.760994,-0.05888941187489183,-0.36087596,0.25104564
2329,105.50113281479622,105.193054,105.80481,-0.05865126205238791,-0.3607299,0.25168875
2330,105.54690323148948,105.23923,105.85038,-0.05818690324601303,-0.3578968,0.2514479
2331,105.592064134535,105.285286,105.89525,-0.05858423121195807,-0.3569116,0.2508542
2332,105.63896429174228,105.33345,105.94142,-0.05688904933446492,-0.35547137,0.25164688
2333,105.68726354730144,105.382484,105.98798,-0.054038384133780905,-0.3522632,0.25352284
2334,105.72988490712322,105.42432,106.03061,-0.056550307513349454,-0.35363796,0.2496931
2335,105.77506517724488,105.4691,106.0774,-0.05642382441648256,-0.35386944,0.25046545
2336,105.81921444773711,105.51362,106.12114,-0.05780054981763659,-0.35567668,0.24836566
2337,105.85952464878206,105.554016,106.15995,-0.06265198442585564,-0.35919663,0.24211074
2338,105.90281271399688,105.59596,106.20564,-0.06486219202021758,-0.36351705,0.24282467
2339,105.95083012625456,105.645226,106.252266,-0.062081236644443025,-0.35902104,0.24397914
2340,105.99685972412685,105.69083,106.29714,-0.06140588648609681,-0.35906214,0.24436171
2341,106.03965480595453,105.7329,106.34033,-0.0639682074879808,-0.36179537,0.24095212
2342,106.08066489160824,105.77362,106.38249,-0.0682654688004008,-0.36684403,0.23785667
2343,106.12599231311808,105.81747,106.42951,-0.06827890284922003,-0.36882472,0.23897512
2344,106.1728970735177,105.86557,106.47626,-0.06664438908685648,-0.36683902,0.2407163
2345,106.21909098320695,105.909485,106.523994,-0.06595965069017258,-0.3665903,0.24288863
2346,106.26487182387886,105.95472,106.57006,-0.06537676609404859,-0.36662593,0.24626435
2347,106.31206590537835,106.00529,106.61615,-0.06336990161064329,-0.36312944,0.2459661
2348,106.35858903056398,106.05098,106.662056,-0.06214898597682567,-0.36132908,0.24734123
2349,106.4022516136947,106.09479,106.70635,-0.06397846572900158,-0.36364564,0.2467051
2350,106.44599380833792,106.1396,106.74873,-0.06589571535159117,-0.3644309,0.24381396
2351,106.48881917876766,106.18367,106.79047,-0.06832197463966128,-0.3662108,0.24102692
2352,106.53714580251473,106.23399,106.83883,-0.06525057272646714,-0.3628152,0.24163659
2353,106.58660875600324,106.285095,106.885826,-0.06093579879706974,-0.35607287,0.2449188
2354,106.6263073562897,106.32327,106.926,-0.06634581273531079,-0.3615689,0.23978014
2355,106.67100679434245,106.36908,106.97001,-0.06710047378712732,-0.36272275,0.23998863
2356,106.71342729978936,106.41105,107.01216,-0.07008078335868798,-0.36427727,0.23474228
2357,106.76055813829453,106.46136,107.05688,-0.06822434950767484,-0.36004016,0.23470815
2358,106.80478635104949,106.505165,107.101715,-0.06928198970065884,-0.36244443,0.23378879
2359,106.85112534872367,106.551994,107.14917,-0.06833158263790735,-0.36267892,0.23633161
2360,106.899378203797,106.60134,107.196396,-0.06510338929844867,-0.3575531,0.23860326
2361,106.94248282564263,106.64213,107.24057,-0.06741681750914737,-0.36045933,0.2365753
2362,106.98611222809163,106.6853,107.28452,-0.06928986424919077,-0.36285543,0.23471722
2363,107.02819540127037,106.726555,107.32641,-0.07249345148898968,-0.36580756,0.23229375
2364,107.07162721520974,106.77195,107.3691,-0.07465024803008194,-0.3680355,0.2295641
2365,107.11668950751685,106.816444,107.4149,-0.07467623596112802,-0.36767855,0.22951727
2366,107.16439856260408,106.8648,107.4615,-0.07214021079134864,-0.36655968,0.23206745
2367,107.209459377699,106.907814,107.50817,-0.07252945767136455,-0.36773583,0.23275259
2368,107.25940605666771,106.957085,107.55982,-0.06803809317735578,-0.365049,0.23869026
2369,107.30115861252543,106.99614,107.605736,-0.07153090055138846,-0.37117034,0.2399301
2370,107.34570085761366,107.0422,107.648994,-0.07243734510020389,-0.3718026,0.23859872
2371,107.39278561626504,107.088715,107.69672,-0.07079001070749288,-0.37081516,0.24185506
2372,107.43335363291378,107.12948,107.73798,-0.07553246906039686,-0.37595975,0.23772442
2373,107.48010421626007,107.17679,107.78468,-0.07404330730608326,-0.37397245,0.23776725
2374,107.52470858952479,107.22214,107.82825,-0.07492454217471489,-0.3722519,0.23306197
2375,107.56290945302099,107.25981,107.867424,-0.08208557257876255,-0.38028616,0.22755165
2376,107.61207148600367,107.30738,107.914665,-0.07802157689565954,-0.37610444,0.22936577
2377,107.65885760833925,107.35514,107.961716,-0.0763585714311379,-0.37470785,0.23122866
2378,107.70455866209616,107.400566,108.006424,-0.07590044662431793,-0.37483364,0.23090596
2379,107.75080060656556,107.44693,108.05298,-0.0749314265374632,-0.37196627,0.23222376
2380,107.79342963847483,107.49054,108.095215,-0.07742565546096358,-0.37461737,0.2298907
2381,107.84295261249166,107.54188,108.143005,-0.07326481434666127,-0.36758924,0.23154649
2382,107.88493608741734,107.585205,108.185135,-0.07654030589703743,-0.3701865,0.22759187
2383,107.9279248562818,107.62813,108.22823,-0.0789100330438933,-0.37144315,0.22560485
2384,107.97529166661292,107.6744,108.275116,-0.07692271380681812,-0.36922306,0.22564623
2385,108.01982372095237,107.71875,108.31859,-0.07757597851000234,-0.3697763,0.224411
2386,108.06603446632008,107.76368,108.366585,-0.07667231821831508,-0.37030956,0.22747068
2387,108.10758872999651,107.80327,108.41058,-0.08005711315809227,-0.377005,0.22590806
2388,108.15145748275704,107.84809,108.45455,-0.08126619794434857,-0.37789458,0.22422236
2389,108.19383360690354,107.892,108.49595,-0.084138566471153,-0.38021094,0.22106263
2390,108.24043646257084,107.93799,108.541794,-0.083203157611125,-0.37929535,0.22067103
2391,108.28668383275766,107.9836,108.589165,-0.08220440170178965,-0.37954488,0.22146066
2392,108.33499108458588,108.033745,108.6356,-0.07916473918379617,-0.37672547,0.22418268
2393,108.37945429756208,108.07521,108.68272,-0.08019999111105602,-0.3795292,0.22500198
2394,108.42112261960128,108.11525,108.72443,-0.08350040826470813,-0.38382566,0.22254507
2395,108.46592205160292,108.16179,108.76876,-0.08391821548483759,-0.38357925,0.22252175
2396,108.51449582057457,108.21071,108.817276,-0.08076471186113314,-0.37889162,0.22450942
2397,108.56402092332888,108.26026,108.86622,-0.0765181504889528,-0.37469685,0.22930051
2398,108.61244449136186,108.3079,108.91551,-0.07357686130344214,-0.37182698,0.23302336
2399,108.65443718197385,108.350815,108.95857,-0.07696828797444179,-0.37610948,0.23017116
2400,108.69771184541521,108.39413,109.0038,-0.07903948093623905,-0.37793964,0.22961262
2401,108.74800390995935,108.44352,109.05429,-0.0739001356759763,-0.3740357,0.23674427
2402,108.79555683705682,108.49099,109.10322,-0.07183544709978816,-0.3720066,0.23848976
2403,108.83805407182514,108.534836,109.14395,-0.07463441754780688,-0.37293229,0.23360237
2404,108.88198762296446,108.57857,109.188194,-0.07610450876122819,-0.37688318,0.23241909
2405,108.93157097271813,108.628105,109.23757,-0.07210198615876033,-0.37100032,0.2361281
2406,108.98229672259792,108.678795,109.28997,-0.06702684948571751,-0.3675877,0.24065334
2407,109.0275022281419,108.72106,109.335266,-0.06739326878835995,-0.36935788,0.24241957
2408,109.07152499593631,108.76487,109.37745,-0.06880186852268841,-0.37072894,0.2412681
2409,109.11730757748528,108.81179,109.42194,-0.06843973419677313,-0.37027517,0.23918074
2410,109.16425125984274,108.85664,109.47077,-0.06698531501760095,-0.37126124,0.24250938
2411,109.20805640391775,108.90092,109.51414,-0.06865568602063485,-0.37137112,0.23991998
2412,109.2554620138716,108.9497,109.55977,-0.06671744101034613,-0.36793584,0.2403049
2413,109.30057048826575,108.99501,109.60409,-0.06700792955932738,-0.3682801,0.23920387
2414,109.34037610612639,109.03667,109.644356,-0.0725173622973118,-0.37416142,0.23341846
2415,109.38915422963292,109.08429,109.69337,-0.06891954929467482,-0.369767,0.23673613
2416,109.43471556775089,109.13041,109.738174,-0.06885271312671196,-0.36817694,0.23530126
2417,109.480285116772,109.17623,109.78365,-0.06876594869713956,-0.36885327,0.23693188
2418,109.52179554991945,109.21818,109.82594,-0.07244628345906255,-0.37256497,0.233885
2419,109.57312612284719,109.26835,109.87594,-0.06649550911897671,-0.36628023,0.23979235
2420,109.61855924467646,109.31462,109.91967,-0.06623302761329379,-0.3659094,0.23809692
2421,109.6653432165178,109.361946,109.96748,-0.06485771718218061,-0.36492258,0.24117999
2422,109.70656886837149,109.40326,110.00807,-0.06910894707445342,-0.36888322,0.23619515
2423,109.74925084107129,109.44552,110.05001,-0.0717147771964806,-0.37109277,0.23216304
2424,109.79556074626764,109.49164,110.098015,-0.07070810020067143,-0.37214,0.2343587
2425,109.84454859678995,109.53776,110.14911,-0.06709021744789083,-0.36870822,0.23915172
2426,109.8863542418716,109.57873,110.1912,-0.07079439329352039,-0.37287965,0.2350835
2427,109.93516058009185,109.62985,110.23832,-0.06724150873208903,-0.3668564,0.23633456
2428,109.98187965053471,109.677376,110.28694,-0.06576468187921343,-0.3650495,0.23931058
2429,110.0264523626914,109.72231,110.33113,-0.06656411782593316,-0.36686492,0.2387502
2430,110.07016126175976,109.765686,110.37463,-0.06819591198389202,-0.36856782,0.23832887
2431,110.11073938363387,109.80592,110.41546,-0.0727466600682488,-0.3736999,0.23553076
2432,110.15517904488215,109.85172,110.45877,-0.07349862338100513,-0.37357235,0.23325397
2433,110.20375233143677,109.90043,110.50863,-0.07058001463164326,-0.36946973,0.23630247
2434,110.24744421619658,109.94354,110.55342,-0.07214561388934482,-0.372546,0.23664229
2435,110.29665153686983,109.992035,110.60289,-0.06816665378768788,-0.3685953,0.24268328
2436,110.34045114856336,110.03591,110.64691,-0.06972653905100239,-0.37000045,0.24081126
2437,110.38816151812817,110.08429,110.69361,-0.06724792270824594,-0.36576337,0.24224891
2438,110.43039783506562,110.12681,110.734726,-0.0702077194322561,-0.36787668,0.23852515
2439,110.47481266504793,110.17222,110.7787,-0.07121286282519002,-0.3690251,0.23743173
2440,110.51663926802573,110.214775,110.818985,-0.07475538119363721,-0.37152556,0.23272574
2441,110.55657072188028,110.25483,110.85956,-0.08031024023668817,-0.37722263,0.22864793
2442,110.60402773525279,110.30135,110.90679,-0.07822241670515935,-0.37438336,0.22967833
2443,110.64915239439551,110.34785,110.951996,-0.07816870469307999,-0.37116647,0.229167
2444,110.69255301630021,110.39168,110.99534,-0.08026603985505118,-0.37341943,0.22644682
2445,110.73809259595376,110.43647,111.04122,-0.08013599573427176,-0.375056,0.22718726
2446,110.78252677299501,110.48032,111.08566,-0.08124729826130477,-0.37525874,0.22652873
2447,110.82747688507808,110.52745,111.1296,-0.08148339896151974,-0.37514576,0.22475892
2448,110.87351263844866,110.57553,111.17331,-0.08058933405461274,-0.3698221,0.2237439
2449,110.9204489591884,110.62331,111.219536,-0.07894417565241788,-0.3687727,0.22606625
2450,110.96318750199025,110.66557,111.26343,-0.0815464843928255,-0.37311888,0.22495587
2451,111.0076672499422,110.709114,111.307945,-0.08245132511437146,-0.37500665,0.22373249
2452,111.05362586585362,110.752144,111.356155,-0.08185442651870613,-0.37536472,0.22581975
2453,111.09832417035544,110.79676,111.40128,-0.0825916204090201,-0.37608793,0.22638908
2454,111.14174318311515,110.84009,111.44558,-0.08468998364960424,-0.37884188,0.22412555
2455,111.1825762275568,110.88046,111.486885,-0.08913422013830533,-0.38421926,0.22095409
2456,111.22692602877024,110.92545,111.533195,-0.09025234074303516,-0.38658565,0.21931389
2457,111.26987109728174,110.96882,111.57574,-0.09259241196911613,-0.38921115,0.21759474
2458,111.31360800504221,111.01075,111.61898,-0.09419897678908824,-0.3900072,0.21578328
2459,111.35180432479797,111.04918,111.658394,-0.10115546286966862,-0.39815646,0.20986259
2460,111.39790194817716,111.09592,111.70247,-0.10007956292634489,-0.3952939,0.20863321
2461,111.43991057356229,111.13666,111.74522,-0.10327414924872086,-0.39918002,0.20634891
2462,111.4833776745218,111.18278,111.78813,-0.10510664356835338,-0.39926255,0.204159
2463,111.52950174268645,111.22816,111.83296,-0.10426252561083624,-0.4005468,0.2045746
2464,111.57998683163828,111.27754,111.88466,-0.09903295963192596,-0.3954051,0.21085908
2465,111.62972959309315,111.32696,111.933945,-0.09440856516218621,-0.39106426,0.21540457
2466,111.67900582580154,111.37689,111.98094,-0.09050698646721371,-0.3867125,0.21804433
2467,111.72473726868495,111.42219,112.02695,-0.09017398103707462,-0.38770232,0.21900979
2468,111.76614251290796,111.463234,112.068,-0.09430314593560345,-0.3906956,0.21315292
2469,111.81211611487242,111.510025,112.113716,-0.09357237620427299,-0.38812178,0.21369323
2470,111.85538144064002,111.55222,112.15738,-0.0953741042013798,-0.39207193,0.2122297
2471,111.89749616917928,111.59301,112.20083,-0.09850015874033383,-0.3957249,0.20950757
2472,111.94049531854081,111.63711,112.24301,-0.10078351142655288,-0.39886472,0.20684925
2473,111.98014102008786,111.67491,112.2844,-0.10663568778884397,-0.4054787,0.20240776
2474,112.02631809139197,111.7214,112.329475,-0.10588559479772584,-0.4046386,0.20133124
2475,112.06899552873746,111.76271,112.37303,-0.10853477751636488,-0.40802085,0.19871771
2476,112.11853898480356,111.81049,112.42604,-0.10424286071080882,-0.40641192,0.20648444
2477,112.16119625173955,111.85248,112.469795,-0.10697586165553633,-0.40926483,0.20350312
2478,112.20673474809072,111.897354,112.51555,-0.10643908966237198,-0.40820995,0.20452909
2479,112.25752777895748,111.95034,112.56483,-0.10099705403216576,-0.4017624,0.20763876
2480,112.29796221960116,111.99213,112.60458,-0.1057965093384955,-0.4066052,0.20248905
2481,112.34908369129626,112.04311,112.6559,-0.10004715158954847,-0.39977887,0.20920508
2482,112.39793254764592,112.0908,112.70509,-0.09648486760312187,-0.3973048,0.21319853
2483,112.44435558590105,112.138565,112.74916,-0.0956066232334018,-0.39570373,0.21358657
2484,112.4886196984702,112.18331,112.79181,-0.09666898826000296,-0.39600563,0.21107407
2485,112.53208884585273,112.22696,112.83601,-0.09854820991461342,-0.39826944,0.20997258
2486,112.58071868721093,112.276855,112.884094,-0.09501301778841856,-0.3944513,0.21371363
2487,112.6297674123276,112.32863,112.930984,-0.09123364534501888,-0.3875381,0.21556848
2488,112.67899683630165,112.37655,112.98126,-0.08745524388754532,-0.38431618,0.21982695
2489,112.7232164307853,112.42118,113.0256,-0.08850598198460516,-0.38579518,0.2194394
2490,112.77406441773756,112.47006,113.07743,-0.08302984911224379,-0.38124925,0.22483075
2491,112.81227504256441,112.50729,113.115746,-0.09002906580511683,-0.3897861,0.2184264
2492,112.85605106600848,112.550766,113.15969,-0.09145243563810788,-0.39015457,0.21683082
2493,112.90084173778381,112.59994,113.201,-0.09208615647504577,-0.38828936,0.213128
2494,112.94410500008739,112.64466,113.244,-0.09400123291033168,-0.38957402,0.20976974
2495,112.99044460609656,112.69219,113.28905,-0.09277169890407438,-0.38713908,0.21026616
2496,113.03644198110399,112.738045,113.33488,-0.09222049503970406,-0.38751742,0.21131016
2497,113.07977285823068,112.78064,113.37949,-0.09412015175037611,-0.3891035,0.21001945
2498,113.12408884324026,112.825424,113.424324,-0.09501054826277236,-0.39111385,0.21042219
2499,113.17465741575137,112.87533,113.47499,-0.08963806759743992,-0.38593838,0.21603963
2500,113.21659519655458,112.91723,113.51677,-0.09283212099508417,-0.38929242,0.21486042
2501,113.26474082058364,112.96612,113.56439,-0.08990518320414664,-0.3847188,0.21580411
2502,113.309492121264,113.01052,113.60801,-0.09073937959863487,-0.38563815,0.21424323
2503,113.35320369831308,113.05516,113.65143,-0.09239007439786491,-0.38568646,0.21196422
2504,113.39752858535627,113.09982,113.6957,-0.09325316733361304,-0.38777927,0.2116536
2505,113.44707333644429,113.14894,113.74471,-0.08911930992523809,-0.38449147,0.21692431
2506,113.49273449218357,113.195656,113.79031,-0.0887433723531263,-0.38335973,0.21658996
2507,113.53774329549456,113.241806,113.83393,-0.08884114931997557,-0.38312998,0.21569455
2508,113.58539790863097,113.2884,113.87986,-0.08654761683504648,-0.38038242,0.216722
2509,113.63399703024639,113.337685,113.92846,-0.0835045883330659,-0.3782037,0.22067076
2510,113.68058389594634,113.3847,113.97614,-0.08224648218487146,-0.3786111,0.22179043
2511,113.72606649467147,113.431984,114.0211,-0.08229035172171753,-0.3754756,0.2193511
2512,113.76804757766442,113.47322,114.06287,-0.08546094047821953,-0.37879494,0.21585691
2513,113.81866017428094,113.52339,114.11416,-0.08044394915802436,-0.3753153,0.22080229
2514,113.86484674651741,113.56949,114.160904,-0.07944554283043015,-0.37513044,0.22222301
2515,113.90498429614136,113.60891,114.201164,-0.08463208958093352,-0.38068482,0.21769197
2516,113.95067002554687,113.6542,114.2476,-0.08407989721154843,-0.37932938,0.21866578
2517,113.98759582595758,113.690445,114.286194,-0.09240252427014457,-0.38867906,0.21101743
2518,114.04028949987463,113.74204,114.33878,-0.08517974077063362,-0.38220292,0.22009282
2519,114.07821763379296,113.7805,114.37673,-0.0927558325918727,-0.3893738,0.21228524
2520,114.12684219936475,113.82875,114.42616,-0.08939393607288278,-0.38626987,0.21506712
2521,114.17140841359809,113.87188,114.47236,-0.08997649769710785,-0.38725045,0.21584606
2522,114.21625456695804,113.91755,114.51723,-0.09031535829446032,-0.38636974,0.21590357
2523,114.25636116104646,113.956985,114.55759,-0.09569154316788248,-0.39236674,0.21158771
2524,114.30222496518505,114.00393,114.60078,-0.09533645900285502,-0.3906989,0.21008153
2525,114.34438397478948,114.0459,114.64299,-0.0984994291972988,-0.39423335,0.20630199
2526,114.38928601240033,114.090324,114.68862,-0.0988207658608333,-0.39559704,0.20742199
2527,114.43386253017343,114.13427,114.73272,-0.09955541114532679,-0.39657602,0.2066021
2528,114.47833432762172,114.17854,114.77822,-0.10068391209136238,-0.3983678,0.20576784
2529,114.5276350829834,114.227234,114.82647,-0.09695042489386302,-0.39368874,0.20893796
2530,114.57385278808736,114.27577,114.869606,-0.09607350201958134,-0.39178073,0.20739457
2531,114.61548002354442,114.31682,114.91264,-0.09968331023417111,-0.39695382,0.20387888
2532,114.66046764082002,114.36215,114.95655,-0.10018084230331843,-0.39557976,0.20179491
2533,114.70536054489092,114.40715,115.001495,-0.10089267359174402,-0.395583,0.2007875
2534,114.74953860708686,114.45183,115.04517,-0.10205546750085069,-0.39708528,0.19659282
2535,114.79059880569874,114.49116,115.08563,-0.10604377299831065,-0.4020922,0.19258693
2536,114.83132369684641,114.53232,115.12625,-0.11055581829567022,-0.4064298,0.18739784
2537,114.88086933858213,114.5856,115.172714,-0.10624494971021639,-0.3984249,0.18983144
2538,114.92702645520849,114.63074,115.21963,-0.10557342395936271,-0.39809975,0.19048564
2539,114.97013611886895,114.67494,115.26225,-0.10779092961145559,-0.40095645,0.18763423
2540,115.01912909103012,114.72297,115.31252,-0.10408157092857125,-0.39750153,0.19266655
2541,115.06330508975876,114.76732,115.357254,-0.10518696540794727,-0.39896908,0.19212186
2542,115.10349588011394,114.80665,115.396194,-0.10995685620360711,-0.4043422,0.18728745
2543,115.14704490267395,114.84936,115.44029,-0.11173033701548687,-0.40675074,0.18604964
2544,115.1909931241582,114.89373,115.48317,-0.1131942350391834,-0.40793982,0.18345714
2545,115.23368448681734,114.93556,115.52767,-0.11592222476085486,-0.41212225,0.18161324
2546,115.27855275243002,114.98,115.57149,-0.11638576203124926,-0.41344565,0.18198663
2547,115.32706607795431,115.02789,115.621155,-0.11326613375068674,-0.4110237,0.18588951
2548,115.37091207871073,115.073494,115.66371,-0.11502168703522433,-0.4113268,0.183074
2549,115.41482813718291,115.11734,115.709656,-0.11672564043559687,-0.41323543,0.18211935
2550,115.46043125138671,115.16527,115.75159,-0.11635295719571936,-0.41133064,0.17914826
2551,115.50455048592072,115.20814,115.79735,-0.11740815015751152,-0.41351232,0.1777325
2552,115.55397594048235,115.257706,115.846954,-0.11339383832117787,-0.40810433,0.18194045
2553,115.5984474092965,115.30178,115.890915,-0.11437961278922865,-0.4090139,0.18067443
2554,115.64969805447123,115.35475,115.94159,-0.10860236357563284,-0.40255556,0.18671688
2555,115.70161565760026,115.40586,115.99335,-0.10209130323078715,-0.39537394,0.19182679
2556,115.7469700831939,115.44938,116.03904,-0.10218172007136367,-0.39647746,0.19229393
2557,115.79416679633724,115.49626,116.08431,-0.10052483411876012,-0.39578265,0.19240712
2558,115.83610152844705,115.53699,116.12831,-0.10399972655453206,-0.39948875,0.1909568
2559,115.8843455234267,115.58536,116.17616,-0.10094080652404316,-0.39775154,0.19454783
2560,115.93294906268905,115.635,116.22629,-0.09783215815328473,-0.39330503,0.19860718
2561,115.97856988095769,115.67994,116.27024,-0.09759135632165637,-0.39372054,0.19944206
2562,116.02001895890565,115.722145,116.312935,-0.10110723083041209,-0.3975497,0.19684672
2563,116.064712580748,115.7672,116.35696,-0.10173873098128679,-0.39891556,0.19667129
2564,116.10943205796653,115.81072,116.402374,-0.1022816652011866,-0.39899653,0.19535552
2565,116.15766240664053,115.857925,116.45124,-0.0994995501136268,-0.39547476,0.19907482
2566,116.20498446248263,115.90432,116.49965,-0.09757263818408372,-0.39281622,0.20189545
2567,116.24396766655877,115.94385,116.53728,-0.10393563603448068,-0.39842066,0.19548988
2568,116.29301327998822,115.994774,116.5856,-0.10018191075286922,-0.39413676,0.19759727
2569,116.3331325439597,116.03499,116.625946,-0.10515449258370584,-0.3989722,0.19186889
2570,116.38287691824284,116.08378,116.67813,-0.10088610548837193,-0.39569208,0.19553827
2571,116.42577316633115,116.12742,116.72018,-0.10331109522365642,-0.39849946,0.19299594
2572,116.4695544277558,116.172134,116.76403,-0.10482017598562572,-0.39916292,0.19104844
2573,116.51655297469856,116.21943,116.80982,-0.10346685135416298,-0.3974348,0.19115598
2574,116.56276900001927,116.26624,116.85652,-0.10228214261275863,-0.39636028,0.19435456
2575,116.60545466717853,116.308395,116.89939,-0.10488441666505334,-0.3988267,0.19254048
2576,116.65257351581458,116.35578,116.945206,-0.1028533931181496,-0.39568445,0.1947552
2577,116.69795090797751,116.39977,116.9922,-0.10270109790921705,-0.39687058,0.19642434
2578,116.74157858094986,116.44264,117.037544,-0.1042786456283209,-0.3992607,0.19458438
2579,116.79147744280299,116.49247,117.08807,-0.09979153276910675,-0.3946934,0.19915836
2580,116.83660545047188,116.53533,117.13558,-0.09995426190096139,-0.39656925,0.20182638
2581,116.88595778838534,116.58253,117.184265,-0.09559019277051967,-0.39477104,0.20465691
2582,116.93666933905924,116.634094,117.23408,-0.08997576063699111,-0.3892534,0.21091656
2583,116.9837017971176,116.680885,117.281624,-0.08839853336373087,-0.38718748,0.21250108
2584,117.02616949778727,116.72328,117.324486,-0.09129664222677017,-0.3900705,0.21008508
2585,117.07273841446838,116.77004,117.37087,-0.08994972312682191,-0.39035493,0.21182027
2586,117.12159595397428,116.816895,117.421165,-0.0863921787174614,-0.38679338,0.2163199
2587,117.16824562226857,116.8646,117.46616,-0.08479332997669031,-0.3850057,0.21765094
2588,117.21643213944391,116.91231,117.5156,-0.08204002433553545,-0.38325197,0.22024608
2589,117.26306294528284,116.95776,117.5634,-0.08085469114546896,-0.38266864,0.22166018
2590,117.30599355150581,117.00104,117.60639,-0.0831490149995778,-0.38514218,0.22159255
2591,117.35221207157558,117.04694,117.6523,-0.08217817027263896,-0.38474292,0.2221157
2592,117.3970870182949,117.09243,117.69668,-0.08249005125866113,-0.38481167,0.22137152
2593,117.4432679748298,117.13915,117.74178,-0.08185018881398497,-0.38409603,0.22238684
2594,117.49222120060067,117.187485,117.79322,-0.07814900748290464,-0.38141343,0.22610338
2595,117.53461104986414,117.22973,117.83497,-0.08103412178165614,-0.38480794,0.2242348
2596,117.57947964794684,117.273056,117.88173,-0.08147848409421896,-0.38648218,0.22630961
2597,117.62876017642793,117.32456,117.929184,-0.07751203080756629,-0.37994725,0.22801797
2598,117.67682495301074,117.37442,117.975945,-0.07488433757502931,-0.376026,0.23046869
2599,117.72169024836093,117.42042,118.01948,-0.07552998773360925,-0.37535584,0.22711344
2600,117.77148377229288,117.46884,118.07206,-0.07105960177628849,-0.37205598,0.23227488
2601,117.81457879860885,117.5114,118.11431,-0.07325350807213606,-0.37531573,0.2311897
2602,117.8577249185378,117.55342,118.15801,-0.07530031399618067,-0.37807077,0.22885522
2603,117.90144651690561,117.59793,118.20208,-0.07680174141912487,-0.37815478,0.22707498
2604,117.94544069916674,117.6414,118.24578,-0.07803442484643792,-0.37972507,0.22485629
2605,117.99222795777392,117.68941,118.29275,-0.07653324866650349,-0.37828302,0.22591938
2606,118.03693496261353,117.73317,118.338394,-0.07715176089104307,-0.37832338,0.22587629
2607,118.08202594307541,117.77788,118.3835,-0.07739021657865058,-0.3791149,0.22653614
2608,118.12590787611128,117.82273,118.426735,-0.07895963466274283,-0.3785082,0.2232929
2609,118.17157140602897,117.86898,118.47147,-0.07881807162554424,-0.37799153,0.22335361
2610,118.21641290982615,117.91439,118.515945,-0.07942221548454974,-0.37919116,0.2214622
2611,118.26452071869849,117.96413,118.56116,-0.07641925119265983,-0.3748673,0.22341126
2612,118.31166797734419,118.01014,118.60807,-0.07465496332918224,-0.37187958,0.22507088
2613,118.36004630922288,118.058846,118.65618,-0.07148465435419724,-0.3689764,0.22570041
2614,118.39958397096402,118.09799,118.69499,-0.07705631537464093,-0.3750481,0.22066894
2615,118.44900186980836,118.148155,118.743675,-0.07272639989828487,-0.36980605,0.22378618
2616,118.49589612251926,118.196266,118.79016,-0.07127347371846983,-0.36712173,0.22436208
2617,118.54288011764896,118.24363,118.836494,-0.06984736186171231,-0.36555815,0.22561926
2618,118.588279525323,118.28744,118.88228,-0.06956690143659992,-0.36561507,0.22651343
2619,118.63350494234716,118.33285,118.92718,-0.06962761511270883,-0.3650547,0.22682992
2620,118.68040011426855,118.381584,118.97341,-0.06808831419750203,-0.36080292,0.2276067
2621,118.72271792736835,118.42414,119.015396,-0.07103568809626035,-0.36387324,0.22434813
2622,118.77011139065213,118.471306,119.06377,-0.06884931866483811,-0.36276418,0.22771062
2623,118.81698744562506,118.51846,119.11088,-0.06742085345996121,-0.3606587,0.22862627
2624,118.86068145983002,118.56362,119.153046,-0.06879011259635644,-0.36042753,0.22673562
2625,118.90540909727223,118.608086,119.19784,-0.06928222787367161,-0.3626411,0.22590312
2626,118.95750908941406,118.65811,119.25145,-0.06221567514619421,-0.35591987,0.23351003
2627,118.99713563629248,118.69771,119.291435,-0.06797165952748875,-0.36170146,0.2288871
2628,119.03702634240996,118.73843,119.332016,-0.07319172096445528,-0.3672357,0.22418186
2629,119.07651522630385,118.778435,119.370804,-0.0788738814934825,-0.37116855,0.2172562
2630,119.12042515509727,118.82429,119.41325,-0.08042889351979651,-0.36984816,0.21359625
2631,119.16640372885803,118.86962,119.45914,-0.07975391868996287,-0.3698488,0.21504065
2632,119.20802400599709,118.909355,119.50178,-0.08366483555885687,-0.37263456,0.21109456
2633,119.2585370103743,118.95942,119.55052,-0.07833220624192734,-0.36973935,0.21636929
2634,119.30385702936172,119.006134,119.595184,-0.07824614762415225,-0.36882204,0.21559918
2635,119.34574968527834,119.04875,119.637276,-0.08165369522470191,-0.3717105,0.21201612
2636,119.39280757950635,119.09569,119.68599,-0.08011374808580392,-0.37076256,0.21411341
2637,119.4376038660134,119.13918,119.73062,-0.08059182065576341,-0.37147796,0.21458465
2638,119.48395310223708,119.18664,119.778404,-0.07952107708312246,-0.37064743,0.21639532
2639,119.52783765401796,119.23086,119.82103,-0.08097751178862887,-0.37174466,0.21510117
2640,119.57087647462845,119.27259,119.86677,-0.08294168575418606,-0.3737145,0.21534456
2641,119.61993244191265,119.32237,119.91638,-0.07892553050103025,-0.3707517,0.219823
2642,119.66125822405449,119.36364,119.95856,-0.08313567292512476,-0.37505946,0.21561894
2643,119.70717574080975,119.41077,120.004974,-0.08234832887985281,-0.37354767,0.2172006
2644,119.75571304483816,119.458885,120.05394,-0.07919778797305611,-0.37057292,0.22131123
2645,119.80165300618722,119.50446,120.09957,-0.07854708439912571,-0.37152576,0.22160546
2646,119.85130562032576,119.55408,120.148926,-0.07410577314347154,-0.36740577,0.22457115
2647,119.8930453758667,119.59532,120.19071,-0.07774666143498626,-0.37079364,0.22150762
2648,119.93855887664762,119.6391,120.23862,-0.07744201731944633,-0.37187693,0.2228124
2649,119.98409694491474,119.68509,120.284195,-0.07728317265709712,-0.37180275,0.22283344
2650,120.03041505159698,119.72966,120.3322,-0.07636114902410025,-0.3728398,0.22520171
2651,120.07906519978022,119.77901,120.38079,-0.07282174285540442,-0.3694791,0.23049957
2652,120.123898475307,119.82342,120.42615,-0.07333134154784382,-0.37080795,0.2304234
2653,120.16780691063511,119.867744,120.46772,-0.07463226762346173,-0.37014127,0.2281662
2654,120.21799092067366,119.916664,120.52021,-0.06965277602710122,-0.36915737,0.23467451
2655,120.26440017662266,119.96142,120.56635,-0.06842504261316533,-0.36804637,0.23542929
2656,120.30789250846631,120.00645,120.608505,-0.0703058430299637,-0.36774686,0.23195541
2657,120.3514531664029,120.05082,120.65177,-0.07208028934857165,-0.3699339,0.23035197
2658,120.39708539355405,120.09576,120.69738,-0.0718119707877429,-0.37039307,0.2308831
2659,120.44294818643351,120.14246,120.74319,-0.0712422497903957,-0.369372,0.23050156
2660,120.48601624903954,120.18689,120.78513,-0.073358961252914,-0.37046444,0.22795859
2661,120.53135273481749,120.23176,120.83053,-0.07347814304855668,-0.36928302,0.22639441
2662,120.57363270579033,120.2742,120.8728,-0.07639755722267229,-0.37184852,0.22499894
2663,120.62022096799501,120.319725,120.919044,-0.07524346350987526,-0.37136143,0.22667648
2664,120.6643850667792,120.36412,120.96224,-0.07659403317000389,-0.37154737,0.22367126
2665,120.70923142421836,120.40794,121.006516,-0.0768886990273924,-0.3718031,0.22390124
2666,120.75442906962341,120.45438,121.05208,-0.07716575095346918,-0.37222517,0.22279502
2667,120.79872219465763,120.500534,121.09578,-0.07799064947362878,-0.3731584,0.22259428
2668,120.8460946934179,120.54768,121.14318,-0.07577626669745875,-0.36929506,0.22485538
2669,120.88771376006233,120.58905,121.18565,-0.07938760640706086,-0.3737802,0.22198445
2670,120.93501701142303,120.63591,121.23147,-0.07742104033456479,-0.3701643,0.22370237
2671,120.97981959092668,120.679535,121.277245,-0.07803900876723559,-0.37162343,0.22353198
2672,121.02494351866221,120.72661,121.3208,-0.07814186824964399,-0.37147057,0.22182484
2673,121.07229111709415,120.772606,121.369316,-0.07618076408267559,-0.3711844,0.22485377
2674,121.11552114946822,120.8149,121.412704,-0.07828409186714662,-0.37348953,0.22192681
2675,121.16121117166075,120.86342,121.45656,-0.07784152237019597,-0.3704351,0.22095762
2676,121.20656657906379,120.90778,121.50197,-0.07785413283882948,-0.3720321,0.22071297
2677,121.24700711108365,120.94842,121.54164,-0.08253649280255226,-0.37701648,0.21592773
2678,121.29143815616234,120.992676,121.58623,-0.08327819495781233,-0.3781932,0.21509926
2679,121.33329206487007,121.03496,121.628265,-0.08670958935039103,-0.38079038,0.21124585
2680,121.37793683240508,121.079895,121.673996,-0.08754996978762601,-0.38327426,0.2121946
2681,121.41941503579481,121.12064,121.71631,-0.09142631329809298,-0.38780308,0.20813681
2682,121.45996354726873,121.162125,121.75532,-0.0960979278132157,-0.39194492,0.20329456
2683,121.50403654451812,121.206055,121.80033,-0.0974105671602436,-0.39376774,0.20290168
2684,121.54970966427072,121.24982,121.846985,-0.09696044721300281,-0.3925235,0.20323013
2685,121.59714050400673,121.29854,121.893936,-0.095001585456043,-0.3917267,0.20283672
2686,121.64217082058052,121.34253,121.938896,-0.0950822077323347,-0.3920597,0.20295516
2687,121.69437712828794,121.392494,121.99385,-0.08841785440563274,-0.38655457,0.21202521
2688,121.73864229508227,121.43693,122.03713,-0.08947698502175294,-0.38703814,0.21120526
2689,121.7836640295674,121.48454,122.08027,-0.08961756717603397,-0.3859704,0.20828785
2690,121.83183327309384,121.53236,122.12818,-0.08682903654244001,-0.38155508,0.21077329
2691,121.88229597848179,121.58266,122.18015,-0.081699851950479,-0.37835234,0.21746255
2692,121.92581425828516,121.62671,122.22129,-0.08375724256138974,-0.37866592,0.21360694
2693,121.97451867848501,121.6758,122.27118,-0.08035081351232737,-0.37644953,0.21842611
2694,122.0181214996898,121.71969,122.31414,-0.08209995377208311,-0.37851474,0.21604384
2695,122.06298292752082,121.76572,122.35973,-0.08270750030077309,-0.37866247,0.2147659
2696,122.10815757277646,121.81215,122.40414,-0.08304320379331563,-0.3776753,0.21343298
2697,122.14979593943798,121.85564,122.44329,-0.08685945293967483,-0.3806689,0.20759754
2698,122.195095391182,121.90222,122.489006,-0.08709039385143393,-0.379431,0.20507608
2699,122.24424294503113,121.94991,122.53776,-0.0833565564323792,-0.37707415,0.2104773
2700,122.28850089398992,121.993706,122.58247,-0.08463820198697394,-0.37960508,0.2090492
2701,122.34005435479418,122.0473,122.633514,-0.07829090426184261,-0.37048894,0.21479368
2702,122.39094135057448,122.09761,122.68435,-0.07250091746340934,-0.36553478,0.22144915
2703,122.43943525624532,122.147705,122.73129,-0.06938107449090779,-0.36259404,0.22409847
2704,122.4855111299028,122.193794,122.77669,-0.0685338005280542,-0.36166847,0.22330996
2705,122.5340380569693,122.24257,122.82495,-0.06540926767023658,-0.35620522,0.22923346
2706,122.57500205275723,122.28336,122.86557,-0.06969517518811759,-0.36065012,0.22555804
2707,122.62450593611274,122.33439,122.91356,-0.06531967432016325,-0.35424376,0.22710459
2708,122.6740653542667,122.385605,122.961494,-0.061180327019670695,-0.34769502,0.22840117
2709,122.7219171611868,122.43234,123.01145,-0.0589107010211647,-0.34839666,0.23145603
2710,122.7668257316123,122.4788,123.054535,-0.059480441972144284,-0.3475225,0.23118597
2711,122.80934652003559,122.51957,123.09742,-0.06242427423434225,-0.35259458,0.22713925
2712,122.85402932598099,122.56462,123.14296,-0.06313003272529419,-0.3539335,0.22945476
2713,122.90058409996968,122.610504,123.1903,-0.06201652307264838,-0.35417548,0.23173185
2714,122.94231844365738,122.65246,123.23183,-0.06566281938701983,-0.358905,0.22786956
2715,122.98825175053028,122.69708,123.27955,-0.0650877966121604,-0.36054373,0.23055544
2716,123.02939502298958,122.73759,123.32137,-0.06921854404408756,-0.3640674,0.22795121
2717,123.0763364018735,122.78456,123.36862,-0.06780717843650523,-0.363181,0.22851475
2718,123.11889843684445,122.828415,123.41014,-0.07062191672597488,-0.3647849,0.22578423
2719,123.16360776932771,122.87259,123.45442,-0.071222642887261,-0.36670253,0.22439991
2720,123.20842278926285,122.91693,123.50072,-0.07162260354607385,-0.36902937,0.22614473
2721,123.25249223888481,122.96035,123.54378,-0.07293635499194841,-0.3700623,0.22423093
2722,123.30102029213108,123.00902,123.59463,-0.06981939054008084,-0.36719826,0.22923908
2723,123.34933420679997,123.059975,123.641884,-0.06691586671332797,-0.3617827,0.23103082
2724,123.39377049366713,123.10427,123.68601,-0.06795264659360169,-0.36371905,0.22990464
2725,123.44228982918509,123.15132,123.73446,-0.06480577884123237,-0.35883707,0.23356785
2726,123.48670025714912,123.195724,123.779625,-0.06571692777847357,-0.36047256,0.23295741
2727,123.53232192077152,123.24259,123.82454,-0.06560934513186932,-0.36014566,0.23325184
2728,123.57635394918866,123.28519,123.86876,-0.0666086922992138,-0.36130705,0.2326138
2729,123.61928199887369,123.326584,123.91307,-0.06922168147315566,-0.36468446,0.23044105
2730,123.6662549342358,123.37597,123.957054,-0.06753451338286706,-0.3615486,0.2293597
2731,123.71100969141963,123.420166,124.00123,-0.0682327112816127,-0.36108103,0.22846617
2732,123.76095649496663,123.47229,124.04869,-0.0634859470813854,-0.35475332,0.23189168
2733,123.80702868095452,123.51668,124.09545,-0.06313458256352067,-0.35401443,0.23218673
2734,123.85364587904299,123.56246,124.14411,-0.06186584693049551,-0.35313773,0.23519267
2735,123.89924060886506,123.60882,124.18908,-0.061621973990589995,-0.35232463,0.23601666
2736,123.94293683105622,123.65184,124.233185,-0.06332072517857301,-0.35472208,0.23498227
2737,123.98347708582227,123.69259,124.27364,-0.06789880085291772,-0.35939622,0.23056263
2738,124.02967752064804,123.740036,124.31848,-0.06706571101694275,-0.35635296,0.23023476
2739,124.075834684897,123.78651,124.364975,-0.06611875075038555,-0.35644436,0.23066063
2740,124.1208868426868,123.83179,124.410324,-0.06636114238757328,-0.35627013,0.2299167
2741,124.16371425277224,123.87442,124.452965,-0.06881144554151199,-0.35669097,0.22821605
2742,124.21472873904257,123.92657,124.502556,-0.06296539731322486,-0.3509375,0.23408286
2743,124.25500271163453,123.96742,124.54347,-0.06792957490619345,-0.35672677,0.22837256
2744,124.30350017895908,124.014824,124.59314,-0.06454869352159141,-0.3549646,0.23238279
2745,124.35112580107644,124.063774,124.63866,-0.06240776242206189,-0.34927136,0.23227438
2746,124.39720405222894,124.10991,124.68493,-0.06167698443085098,-0.3490129,0.23304357
2747,124.44332368387147,124.155365,124.73082,-0.06076890584990921,-0.34752983,0.23436776
2748,124.48987477654649,124.19999,124.77931,-0.059466708836244254,-0.34676588,0.2373693
2749,124.53495208689401,124.24522,124.82477,-0.05993197743427463,-0.34762982,0.2376899
2750,124.57827613649779,124.28843,124.86875,-0.06204580208037022,-0.35043404,0.23556888
2751,124.6274133546041,124.337585,124.917786,-0.058202977592112175,-0.34585643,0.23967892
2752,124.67055090964024,124.380684,124.96164,-0.060434638055687634,-0.34874433,0.2383147
2753,124.71772860604506,124.42517,125.00923,-0.058796282547756616,-0.34893703,0.24062368
2754,124.7603547317713,124.47013,125.05177,-0.06147857651968032,-0.3514981,0.23704135
2755,124.80180690678222,124.511154,125.0918,-0.06539094154606956,-0.3550023,0.23265834
2756,124.84338049179671,124.55345,125.133736,-0.06894141580138737,-0.35832396,0.2292707
2757,124.88849513537421,124.59893,125.17864,-0.06915739590333736,-0.35827047,0.22891584
2758,124.93390194141313,124.64588,125.22358,-0.06894462927747837,-0.35660356,0.22862206
2759,124.97606277200248,124.68866,125.2634,-0.07230664462535684,-0.360297,0.22421691
2760,125.01722492867363,124.73004,125.30562,-0.07633620270775111,-0.36395025,0.21991268
2761,125.06104848886393,124.77413,125.348816,-0.07737419148183182,-0.36443734,0.21713766
2762,125.10804808070834,124.81982,125.39695,-0.07556604565635455,-0.36535916,0.21973558
2763,125.15172754221501,124.86304,125.44089,-0.07726398585367181,-0.36657023,0.22001447
2764,125.19402363554708,124.90423,125.484184,-0.0801930585370959,-0.3713698,0.21841292
2765,125.23636362303095,124.946144,125.52788,-0.08312454822934905,-0.37599242,0.21732324
2766,125.27981873120744,124.98719,125.57293,-0.08497762876657906,-0.37888858,0.2175784
2767,125.32681868955686,125.03286,125.62122,-0.08345741398604263,-0.3773851,0.22095242
2768,125.37309281946663,125.0784,125.66773,-0.08267382971281027,-0.37924412,0.22138026
2769,125.41534466671835,125.1222,125.708,-0.08591855480886869,-0.38035205,0.21619478
2770,125.46089652319414,125.167694,125.75341,-0.08545488049947675,-0.3795156,0.21539022
2771,125.50507095158332,125.2112,125.7983,-0.0866444299170164,-0.38183373,0.21421315
2772,125.5502162121178,125.257286,125.842964,-0.08695679026367081,-0.3815832,0.21259946
2773,125.59014761711698,125.296745,125.88315,-0.09222880561482269,-0.38652202,0.2073453
2774,125.63893112733,125.346344,125.931496,-0.08877251831574536,-0.38425833,0.21131317
2775,125.68233910431,125.38912,125.975655,-0.09063096573247151,-0.3863393,0.21064717
2776,125.73167230131695,125.4389,126.02415,-0.08667345279334303,-0.38264617,0.21302643
2777,125.77507221912893,125.48611,126.06459,-0.08848183838525413,-0.3804134,0.20877346
2778,125.815479831221,125.52711,126.10467,-0.09343109583919046,-0.38424522,0.20320792
2779,125.86107638449299,125.57194,126.151085,-0.09308244219929336,-0.38441497,0.20416705
2780,125.90436179736507,125.61486,126.19418,-0.09506489663545116,-0.38678882,0.2007845
2781,125.94422599017594,125.65598,126.233665,-0.10068811144891358,-0.39354154,0.19533704
2782,125.9892193659726,125.701416,126.278305,-0.10121919323506404,-0.39290008,0.19371977
2783,126.04050339938917,125.75103,126.32949,-0.09487552522114283,-0.38699046,0.2004543
2784,126.08417531829171,125.795296,126.37272,-0.09650648404593148,-0.38796905,0.19730411
2785,126.12733394287429,125.83882,126.41651,-0.0987621251034005,-0.38971376,0.19538294
2786,126.17122630732979,125.881004,126.46264,-0.10039051194104016,-0.39380914,0.19502583
2787,126.21428396717016,125.923836,126.50522,-0.10233043532102619,-0.39503127,0.19332848
2788,126.25820212391295,125.96653,126.54969,-0.10366478524291026,-0.39684594,0.19314356
2789,126.2990554388095,126.00573,126.591736,-0.10821112482985189,-0.40366125,0.18929678
2790,126.34348583619656,126.05098,126.63635,-0.10894006186702034,-0.40269622,0.18827686
2791,126.39044227755075,126.09734,126.68364,-0.1075552539014839,-0.4017382,0.19036423
2792,126.43591714519884,126.142746,126.73024,-0.10717197646398548,-0.40090945,0.19154772
2793,126.48726754004575,126.19475,126.7801,-0.10130459087860388,-0.39488018,0.1962986
2794,126.53410819047963,126.24158,126.82763,-0.09971694970745523,-0.39274827,0.19780424
2795,126.58306915278331,126.29024,126.87615,-0.09595036770046751,-0.38939303,0.20152396
2796,126.62887812934603,126.33552,126.92242,-0.09564476818162705,-0.388655,0.20228401
2797,126.67455205025958,126.38242,126.96695,-0.09535428758897195,-0.3881427,0.20166941
2798,126.71608205994971,126.42077,127.01123,-0.09880727257902086,-0.39417723,0.20076598
2799,126.76380953171709,126.46604,127.06085,-0.09641394468697281,-0.39368865,0.20619304
2800,126.80645473363279,126.51008,127.10274,-0.09899416695606128,-0.39458573,0.20159337
2801,126.85808046034022,126.56168,127.15196,-0.09280462954423277,-0.38770896,0.206649
2802,126.90257127078881,126.60593,127.19667,-0.09359378151684537,-0.388947,0.2052287
2803,126.94373033610651,126.64858,127.23615,-0.0978884344400142,-0.39268592,0.1994594
2804,126.9921592651124,126.6984,127.28246,-0.09470775319135531,-0.38850704,0.20173109
2805,127.03416666769554,126.7416,127.32453,-0.09807969067289779,-0.38924372,0.19805098
2806,127.08044013943692,126.78492,127.373116,-0.0972960320266297,-0.39107695,0.20136021
2807,127.12302685611887,126.82648,127.41628,-0.10000634365076684,-0.3942389,0.19890437
2808,127.16617722338319,126.8703,127.45781,-0.10210799175409527,-0.3960132,0.19643918
2809,127.21691021195689,126.91944,127.51095,-0.09666462490419757,-0.39333105,0.20343076
2810,127.26275065146365,126.96697,127.55759,-0.09602571179479255,-0.39210817,0.20340443
2811,127.30477159180604,127.00887,127.59927,-0.099270297425499,-0.3932442,0.19923177
2812,127.35528573689193,127.06007,127.64973,-0.09381262302856941,-0.38560045,0.20571618
2813,127.39598281367786,127.101944,127.69002,-0.09864640737950688,-0.390743,0.20054612
2814,127.44163322389835,127.14585,127.73789,-0.09814745667137824,-0.3909645,0.20173548
2815,127.48590187469358,127.18961,127.78171,-0.09919023733144801,-0.39247948,0.20153627
2816,127.53399605032179,127.2371,127.83152,-0.09636195662371376,-0.3906905,0.2049175
2817,127.57757834436761,127.28127,127.87486,-0.09786267352795036,-0.39265954,0.20418581
2818,127.62274487194958,127.32604,127.92104,-0.09786060795115414,-0.3939799,0.20205188
2819,127.6712375555372,127.37372,127.968666,-0.09483524268031562,-0.38982135,0.20458095
2820,127.71389700083247,127.41559,128.01317,-0.09741004945329665,-0.39366385,0.20382199
2821,127.75916029828785,127.46121,128.05922,-0.09750660575075588,-0.3930314,0.2037831
2822,127.80755846402282,127.50858,128.10625,-0.09435946837920375,-0.39138883,0.20733672
2823,127.84693051658891,127.54828,128.14516,-0.10024007812730913,-0.3976536,0.2011956
2824,127.88859428353462,127.590515,128.1868,-0.10411677799784765,-0.40180644,0.19687162
2825,127.9348840804606,127.63757,128.23412,-0.1030688192940082,-0.40264753,0.19914363
2826,127.9742007520672,127.675415,128.27562,-0.10897190398804787,-0.40912336,0.19491264
2827,128.0210009867583,127.72294,128.32031,-0.10757933097485507,-0.40811953,0.19683444
2828,128.06365868937013,127.76525,128.36308,-0.1103655126534448,-0.41007167,0.19386084
2829,128.10603809984454,127.80599,128.40752,-0.11322986959414667,-0.41435757,0.19311853
2830,128.15126945809644,127.85119,128.45221,-0.11315349577748852,-0.4129603,0.19340819
2831,128.1964792887027,127.89871,128.4973,-0.11321408676892374,-0.4112913,0.19242382
2832,128.24116205165743,127.942375,128.5387,-0.11377501357550965,-0.41143492,0.19023305
2833,128.2901001783688,127.99048,128.58943,-0.11023274551561754,-0.4098807,0.19382611
2834,128.33604531364028,128.03694,128.63382,-0.10985193126825991,-0.4070611,0.19368006
2835,128.3752333874766,128.07741,128.67195,-0.1160018040575811,-0.41221943,0.18583636
2836,128.41951070544292,128.12256,128.71907,-0.11686446274595946,-0.4139871,0.18517083
2837,128.4610348647465,128.16383,128.76259,-0.12077355828389622,-0.41948012,0.18152697
2838,128.50755379871853,128.20966,128.81015,-0.1197052022214522,-0.41950956,0.1839635
2839,128.5487062515718,128.24976,128.85103,-0.12400752608109356,-0.42407855,0.1789075
2840,128.59388941704375,128.29282,128.89766,-0.12406225140171294,-0.4256967,0.18039055
2841,128.6376541183295,128.33643,128.94083,-0.12580694693633385,-0.4290873,0.17770599
2842,128.68602655824697,128.38484,128.98802,-0.12299585078805783,-0.42473158,0.179709
2843,128.72974081993192,128.4292,129.03297,-0.12471896110396498,-0.42888963,0.1768085
2844,128.77672024187393,128.4768,129.0792,-0.123015743291186,-0.42591968,0.1791842
2845,128.82062831179823,128.52052,129.12425,-0.12454685615874099,-0.4268843,0.1789533
2846,128.86740324775036,128.5673,129.17117,-0.12298533747761291,-0.4259936,0.17957547
2847,128.9107671015548,128.61162,129.21304,-0.12490304251662541,-0.42781046,0.17641908
2848,128.95494039459382,128.65405,129.25735,-0.1260962566556892,-0.42973402,0.17631036
2849,129.00235176843864,128.69987,129.30667,-0.12412251551067116,-0.42746663,0.17988424
2850,129.04663443753873,128.74345,129.35135,-0.12524101118662873,-0.429363,0.18005319
2851,129.090622795941,128.78786,129.39594,-0.1264917110802211,-0.4313729,0.18035205
2852,129.13645455989513,128.83249,129.4427,-0.1261768983700119,-0.43298644,0.18139651
2853,129.17884568862627,128.87251,129.48764,-0.12917003284987616,-0.4383596,0.18088463
2854,129.2182073332354,128.91214,129.52667,-0.13509949789905776,-0.4431399,0.17455886
2855,129.26379151404166,128.9587,129.57295,-0.13503040035634536,-0.4427529,0.17594989
2856,129.30667574624468,129.00034,129.61578,-0.13790294413972878,-0.44562116,0.17378528
2857,129.3496782218812,129.04257,129.65964,-0.14009098705151232,-0.44946843,0.17327783
2858,129.39902252612055,129.09154,129.70938,-0.13610588489631598,-0.44418067,0.17678046
2859,129.45549963436153,129.15126,129.76291,-0.12488080807562268,-0.43085194,0.18587151
2860,129.50412894881524,129.19736,129.81311,-0.12160029339317065,-0.4302495,0.1917922
2861,129.54584653039663,129.23978,129.8551,-0.12520213169859276,-0.43337902,0.18957953
2862,129.59332790197928,129.28714,129.9028,-0.12262474347009342,-0.43043208,0.19081819
2863,129.63560686514296,129.33125,129.9424,-0.1255002261518993,-0.43155077,0.18607377
2864,129.68026797031382,129.37422,129.98927,-0.12638337775497074,-0.43459114,0.18714648
2865,129.72486911598264,129.41747,130.0345,-0.1271796733510214,-0.4366517,0.18852054
2866,129.76865053279508,129.46135,130.07893,-0.12868997898186627,-0.43850532,0.18624608
2867,129.81261974379075,129.50488,130.1235,-0.12999120757322466,-0.43952835,0.18624404
2868,129.85967695016697,129.55255,130.17009,-0.12795762937027064,-0.4369941,0.1886269
2869,129.90370681849416,129.59674,130.214,-0.1292017632320553,-0.43790138,0.18811525
2870,129.94984837143588,129.6447,130.25787,-0.12878217893275698,-0.43581393,0.18701062
2871,129.9916849576834,129.68645,130.29938,-0.13230145712743255,-0.43869945,0.18177913
2872,130.03709366742237,129.73395,130.34389,-0.1319969951539005,-0.43846953,0.18102637
2873,130.07994647347562,129.77567,130.38675,-0.13450976806598416,-0.44079906,0.17846388
2874,130.12856767755417,129.82292,130.43704,-0.13083859122207475,-0.43758038,0.1846192
2875,130.17260071968573,129.86647,130.48085,-0.13194837657095856,-0.43854412,0.18342896
2876,130.21861643423657,129.91273,130.52773,-0.13128778258843316,-0.4384347,0.18329781
2877,130.26696229503065,129.95885,130.57678,-0.12836715671699997,-0.43659124,0.18722834
2878,130.31572574348598,130.00714,130.62564,-0.1251669871719204,-0.43330818,0.18975589
2879,130.36136257838817,130.05368,130.67146,-0.12461105599600003,-0.43425217,0.19010663
2880,130.40924858031852,130.10112,130.72083,-0.12219326824671817,-0.43122798,0.19389589
2881,130.45562540343826,130.14734,130.76678,-0.12137379166898482,-0.43081182,0.19455595
2882,130.50506248664604,130.19647,130.81604,-0.11717563443880066,-0.42558444,0.19822048
2883,130.55195268768745,130.24313,130.86172,-0.11577571129508568,-0.42402247,0.1983567
2884,130.59393922944486,130.28745,130.90288,-0.11907326964805053,-0.42621776,0.19363514
2885,130.6420050552251,130.33539,130.9509,-0.11639910533582451,-0.42336747,0.19709103
2886,130.6868223913993,130.37846,130.996,-0.1170630598432594,-0.4243892,0.19637929
2887,130.737612470561,130.43208,131.04657,-0.1115497820843119,-0.41773766,0.200716
2888,130.78158725457266,130.47493,131.09274,-0.11274827627706412,-0.42067063,0.20155686
2889,130.83009509004083,130.52193,131.14151,-0.10947328665152566,-0.41851005,0.206406
2890,130.87269112094216,130.5638,131.18411,-0.11246538442574457,-0.4208563,0.20302223
2891,130.91973145378483,130.61366,131.22995,-0.11105487414879582,-0.4177964,0.2029421
2892,130.96692247510381,130.66101,131.27655,-0.10920691713616798,-0.41449115,0.20265195
2893,131.0069499549094,130.70271,131.31628,-0.11467229237104297,-0.41765535,0.19693191
2894,131.05664669344574,130.7546,131.3635,-0.11009578786341026,-0.41147113,0.19958954
2895,131.10175615641012,130.79706,131.40823,-0.10999260447394041,-0.41250172,0.20273799
2896,131.14275456564306,130.8374,131.45177,-0.11436841426434331,-0.4184921,0.19951628
2897,131.1911117491565,130.88681,131.49919,-0.11089414912062474,-0.41492662,0.20271683
2898,131.23673761715867,130.93175,131.54407,-0.11051215560098025,-0.41555637,0.20337878
2899,131.2803424297961,130.97594,131.58887,-0.11229527179183299,-0.4162357,0.20015055
2900,131.32574735600983,131.0207,131.63472,-0.11225795171470684,-0.41659564,0.20052423
2901,131.37017921543895,131.06436,131.68181,-0.11338122216961802,-0.41779646,0.20146026
2902,131.41763627365785,131.11256,131.72758,-0.11119034853875596,-0.41629216,0.20404916
2903,131.46652751053938,131.15697,131.78,-0.10777320186414094,-0.41557494,0.20832835
2904,131.51140923716974,131.20134,131.82712,-0.10828946951494049,-0.4168675,0.20875564
2905,131.55559443812714,131.24664,131.86882,-0.10952237045725033,-0.41729954,0.20931748
2906,131.59837347251275,131.29129,131.9113,-0.11211594421562045,-0.4203389,0.20672855
2907,131.64243884045146,131.33578,131.95451,-0.11357802203013324,-0.42142072,0.20460239
2908,131.689628127405,131.38084,132.00102,-0.11156083023782193,-0.41993627,0.20485014
2909,131.7342425751954,131.42409,132.04944,-0.11203310293564714,-0.421293,0.20611602
2910,131.77827556909045,131.4686,132.09317,-0.11332983997189254,-0.42229894,0.20449188
2911,131.82303253835232,131.51236,132.13791,-0.11408939464849892,-0.42297894,0.2043858
2912,131.86769448390552,131.55716,132.18286,-0.11473873016963886,-0.4234035,0.20308301
2913,131.91499537380903,131.60597,132.23102,-0.11298682706183058,-0.42243236,0.20481059
2914,131.9627845912854,131.65024,132.28139,-0.11045288907513878,-0.42239112,0.21153992
2915,132.01030091866016,131.69905,132.3275,-0.10847642810173135,-0.418567,0.21287762
2916,132.06285656618826,131.75102,132.38086,-0.10131026928995025,-0.41304174,0.22010458
2917,132.10828813294978,131.79747,132.42517,-0.10087809835743046,-0.4112108,0.22081774
2918,132.15039394032186,131.83925,132.46835,-0.1039559852238967,-0.4160005,0.21853769
2919,132.19762568123843,131.88577,132.51637,-0.10188721878944756,-0.41458306,0.22067475
2920,132.2439586568457,131.93518,132.55922,-0.1009520061984594,-0.4111532,0.21882689
2921,132.29406316482115,131.9835,132.61148,-0.09623166928705906,-0.40797758,0.2258867
2922,132.34033818124638,132.03264,132.65637,-0.09522001703389087,-0.4051655,0.22503927
2923,132.3914479633908,132.08257,132.70796,-0.0893831875636371,-0.40075186,0.23306817
2924,132.4325968629539,132.12404,132.74866,-0.09340349730853309,-0.40458298,0.2283794
2925,132.4763312374474,132.16577,132.79317,-0.0948998937410708,-0.40681368,0.22822393
2926,132.52144705156266,132.21048,132.83911,-0.09521617130692935,-0.40804398,0.22878385
2927,132.5678276422046,132.25832,132.88612,-0.09404174900448428,-0.4059211,0.22979698
2928,132.61749210424168,132.30626,132.93752,-0.08966651391180583,-0.4032991,0.2336016
2929,132.6640331206707,132.35219,132.98436,-0.08834503259930129,-0.40202734,0.23668277
2930,132.71182586684432,132.40161,133.03067,-0.085883156120442,-0.3972935,0.23797429
2931,132.75529952657914,132.44394,133.07504,-0.08780674558717526,-0.39920256,0.23592234
2932,132.8027607065267,132.491,133.12129,-0.08578850655938425,-0.39803076,0.23861873
2933,132.8481944651095,132.53647,133.16693,-0.08557031569109357,-0.3985392,0.23917212
2934,132.89355201589018,132.58209,133.2105,-0.08565811168223124,-0.39773357,0.23805577
2935,132.93582738078106,132.62585,133.2532,-0.08877710200579407,-0.40038595,0.23443474
2936,132.98056229808168,132.66734,133.29866,-0.08937859843037027,-0.40137386,0.23521256
2937,133.02497989715255,132.71495,133.34438,-0.09026378950983664,-0.40216026,0.2333469
2938,133.07131487093412,132.75941,133.3897,-0.08912793378101344,-0.40190542,0.23564194
2939,133.12063211505702,132.80988,133.43843,-0.08531166871971808,-0.39747283,0.23938309
2940,133.16168971396755,132.85057,133.47917,-0.08949445292985314,-0.40184647,0.2349276
2941,133.2026036240539,132.89111,133.52191,-0.09394450558230912,-0.40752164,0.23155777
2942,133.24821671014337,132.93452,133.56726,-0.09352770120338992,-0.40823525,0.2323546
2943,133.29281543546878,132.97963,133.61197,-0.09440675458595026,-0.40937817,0.2301417
2944,133.3395957968609,133.02672,133.65848,-0.09304703161994246,-0.40589747,0.23153862
2945,133.38674132883395,133.0736,133.70505,-0.09140505043628858,-0.40460753,0.23191829
2946,133.42964487972114,133.11937,133.7474,-0.09351989157571611,-0.4046448,0.23030233
2947,133.4744928092551,133.16412,133.79155,-0.09409040096080676,-0.40434635,0.22888882
2948,133.51773907746718,133.20753,133.83566,-0.09600275924216821,-0.40601468,0.22703505
2949,133.56698928087602,133.25714,133.88399,-0.0921154817410193,-0.40256733,0.22940479
2950,133.60923185899568,133.29868,133.926,-0.09518613304877738,-0.40636846,0.22640553
2951,133.6587444278744,133.34724,133.97585,-0.09115494776990807,-0.40128943,0.23266697
2952,133.70212598729756,133.39209,134.01836,-0.0930496897167354,-0.403123,0.2310062
2953,133.75152323270174,133.44301,134.06451,-0.08908123200763121,-0.39694044,0.23116449
2954,133.80129377805594,133.49188,134.11667,-0.08437365224267301,-0.3920055,0.23779309
2955,133.8463489816085,133.53653,134.1616,-0.08441779579337967,-0.39236808,0.23678571
2956,133.89486610680171,133.58798,134.20909,-0.08124424580963513,-0.38784292,0.2382488
2957,133.93765452731702,133.6302,134.25235,-0.08363643879079273,-0.38839749,0.2350659
2958,133.97868936907577,133.6713,134.29382,-0.08772231550263505,-0.39362222,0.23209608
2959,134.0245527347559,133.71513,134.339,-0.08734928253496778,-0.3938375,0.23366974
2960,134.06887578498996,133.75764,134.38571,-0.08833485836610949,-0.39644334,0.23338804
2961,134.1188936274587,133.80917,134.43552,-0.08373114386213515,-0.3904611,0.23770578
2962,134.16609892116142,133.85628,134.48213,-0.08207419465548951,-0.38869885,0.2386918
2963,134.21237230232032,133.90218,134.52786,-0.0809202883384938,-0.38841403,0.23960736
2964,134.25848445399322,133.95007,134.57184,-0.07991978934712059,-0.38509142,0.23906992
2965,134.30023278830168,133.98999,134.6166,-0.08355443096963494,-0.3909584,0.23652038
2966,134.3496888080484,134.03743,134.66795,-0.07961478931594031,-0.38942242,0.24294026
2967,134.39531171215583,134.08325,134.71431,-0.07916302912989044,-0.39022332,0.24431041
2968,134.44663239261027,134.13528,134.76584,-0.07319950068843295,-0.384029,0.2522864
2969,134.49159611543942,134.17964,134.8104,-0.07350637256883993,-0.3840727,0.25241148
2970,134.53322928461176,134.22179,134.85236,-0.07711261855197052,-0.38934773,0.24910945
2971,134.57904853635088,134.26593,134.8989,-0.07634275272375103,-0.38802466,0.24999201
2972,134.62627213589795,134.31506,134.94461,-0.07449194071562323,-0.38408476,0.2505264
2973,134.66566217895416,134.3556,134.98349,-0.08013236609198872,-0.39037114,0.24544063
2974,134.71239180260085,134.40154,135.03273,-0.07894839721600544,-0.38878694,0.24694654
2975,134.76579587498657,134.45296,135.08633,-0.0709797637737574,-0.38172048,0.2556718
2976,134.8156602602914,134.5029,135.137,-0.06623251816310723,-0.3785284,0.26170164
2977,134.86180418819274,134.54883,135.18256,-0.06545624853018407,-0.37645638,0.26325822
2978,134.91405646208406,134.60164,135.23471,-0.05859348122482923,-0.3688929,0.26925266
2979,134.9637767167197,134.65038,135.28374,-0.05411127392989008,-0.36602825,0.27419093
2980,135.00790015220204,134.69391,135.32687,-0.055439222854006806,-0.36777425,0.27132365
2981,135.05146581960258,134.74025,135.36781,-0.057119290042323516,-0.3679377,0.2677565
2982,135.0939481867444,134.78265,135.40904,-0.060028442773027636,-0.37103248,0.2640966
2983,135.1362841162253,134.82466,135.45137,-0.06327163109211077,-0.3757674,0.26147074
2984,135.18464947235503,134.8722,135.50096,-0.06018972923836557,-0.37201336,0.26609495
2985,135.22412442046675,134.90999,135.54115,-0.06611805909416565,-0.38021466,0.26078895
2986,135.26828996355502,134.95374,135.58504,-0.06734773337678895,-0.38110042,0.25876358
2987,135.31228147055398,134.99873,135.62949,-0.06858305276505433,-0.38310272,0.25794777
2988,135.3557092122275,135.04248,135.67143,-0.07050665206321227,-0.3830464,0.25467664
2989,135.3965146071842,135.08318,135.71234,-0.07504573813753926,-0.388161,0.250203
2990,135.43793518590013,135.12482,135.7542,-0.0788861750688812,-0.3918531,0.24519143
2991,135.48737748695984,135.17342,135.80502,-0.07491193520949974,-0.39070398,0.25125343
2992,135.53479697511258,135.21898,135.85522,-0.07273577442360166,-0.38962954,0.2547473
2993,135.57422442115617,135.25891,135.89378,-0.07852990172951686,-0.3949943,0.2488663
2994,135.6162610001347,135.30067,135.9368,-0.08174288699720304,-0.39844158,0.24730602
2995,135.66411013630463,135.34628,135.98586,-0.07926863382864123,-0.39817268,0.24950935
2996,135.70666586309738,135.39067,136.02884,-0.08196710113117858,-0.40052927,0.24705215
2997,135.75364492146295,135.43883,136.07346,-0.08034644473401543,-0.39701164,0.24687858
2998,135.79423305992816,135.47821,136.11427,-0.08486489421903516,-0.40200508,0.24422325
2999,135.83654410953216,135.51907,136.15671,-0.08770612729109348,-0.4055534,0.24037246
3000,135.88554915541712,135.57047,136.20497,-0.08432726575808093,-0.40160942,0.24203226
3001,135.93524303460967,135.62163,136.25403,-0.07978727818882651,-0.39613503,0.24559532
3002,135.98232398583937,135.66788,136.30135,-0.07792546572138616,-0.39334,0.24902153
3003,136.03230372558912,135.7161,136.35226,-0.07335357414182798,-0.38823974,0.25198722
3004,136.07960303475096,135.76343,136.39995,-0.07156732226384585,-0.38744673,0.25265947
3005,136.12199868119058,135.8077,136.43982,-0.07479876524124479,-0.38805827,0.24808067
3006,136.1691938887372,135.85611,136.48576,-0.07296246258266705,-0.38524884,0.24865347
3007,136.20958523012598,135.89807,136.52547,-0.07783983000527442,-0.39046597,0.24246599
3008,136.25606557304215,135.94269,136.57104,-0.07656335565333307,-0.38861772,0.24244823
3009,136.30321042347327,135.98874,136.61824,-0.07476820387450743,-0.38673872,0.24579357
3010,136.34762448310275,136.03279,136.66287,-0.07547090161974021,-0.38724256,0.24596862
3011,136.39364486178857,136.07918,136.70897,-0.0748130072499411,-0.3862583,0.24441251
3012,136.4418078243122,136.12856,136.756,-0.07191145662139001,-0.3832094,0.2476127
3013,136.48423442979018,136.1736,136.79767,-0.07475636946393023,-0.3846101,0.24446864
3014,136.52801142841741,136.21677,136.84155,-0.07627923968864371,-0.38665104,0.24257426
3015,136.5769827033596,136.26453,136.89017,-0.07252943611754419,-0.38260397,0.24543855
3016,136.62044308049877,136.3093,136.93283,-0.07436945023045599,-0.3833848,0.24159977
3017,136.6654216083199,136.35506,136.97696,-0.07449612301108367,-0.3835632,0.2416016
3018,136.70943288706985,136.39857,137.02144,-0.07575695930653893,-0.38536984,0.23993556
3019,136.75551497981394,136.44284,137.06903,-0.07488334800901857,-0.38464162,0.24286109
3020,136.80251345731273,136.49077,137.1179,-0.07337471392612972,-0.38393942,0.24422385
3021,136.85604963871907,136.54546,137.17078,-0.06548817004109651,-0.37564042,0.25097033
3022,136.90095799877523,136.5913,137.21686,-0.06612654613567423,-0.37582406,0.2516613
3023,136.94777021088612,136.6387,137.26381,-0.06471484220192539,-0.3745916,0.2528536
3024,136.99344673056504,136.68425,137.30827,-0.06438040107939023,-0.37393168,0.25270957
3025,137.03684481239736,136.72734,137.35176,-0.06622037137948092,-0.37488765,0.24988875
3026,137.08566812865834,136.78056,137.3975,-0.06256913996304583,-0.3692521,0.25171274
3027,137.12950918987957,136.8231,137.44121,-0.06391318689617373,-0.3699663,0.25039387
3028,137.17605971006714,136.87096,137.486,-0.06295594068709738,-0.36910376,0.24949354
3029,137.22295944400864,136.91978,137.53108,-0.06122930645435257,-0.36748746,0.25140804
3030,137.26797654019737,136.96315,137.57742,-0.061732917721032864,-0.36909515,0.25264063
3031,137.3120498400996,137.006,137.62167,-0.06306858952013687,-0.37059075,0.25336564
3032,137.3621496654757,137.05287,137.67444,-0.05814433741612721,-0.36797315,0.25903854
3033,137.40642530358335,137.09767,137.72028,-0.059301294757682234,-0.37039843,0.25971776
3034,137.45559123261458,137.14789,137.76971,-0.055509268961437534,-0.36331105,0.2639064
3035,137.50294416706146,137.1931,137.81784,-0.05366610581950648,-0.3634273,0.26636228
3036,137.54527098546413,137.23462,137.86009,-0.056678120873136145,-0.36707512,0.26253498
3037,137.5880076411308,137.28035,137.90218,-0.0593983326040614,-0.36826804,0.25947526
3038,137.63399932603267,137.32605,137.94716,-0.05901825282631663,-0.3678242,0.25872558
3039,137.67476006028258,137.36588,137.98886,-0.06396864337733589,-0.37466484,0.25528014
3040,137.7215565226949,137.41226,138.03572,-0.06246662284184477,-0.37242675,0.25556782
3041,137.76270148176752,137.45335,138.07716,-0.06671583626665994,-0.37729788,0.25124884
3042,137.80598171870128,137.49576,138.12106,-0.06880037600470604,-0.38013542,0.24970509
3043,137.84742877035038,137.53548,138.16188,-0.07256635449448057,-0.38601092,0.24554186
3044,137.88907386100337,137.57744,138.2048,-0.07614714336322664,-0.38858652,0.24296224
3045,137.93151274036111,137.61919,138.24878,-0.0788721899066819,-0.39215785,0.24130787
3046,137.97978095511863,137.66713,138.29402,-0.07604839846856129,-0.38760945,0.24293253
3047,138.0242690805029,137.71039,138.33997,-0.07673276978699638,-0.3900925,0.24390619
3048,138.0646965197731,137.75114,138.38191,-0.08198289423175975,-0.39612255,0.23996885
3049,138.11151098506,137.79793,138.42834,-0.0803440681614726,-0.39460793,0.24143662
3050,138.15421393211946,137.84053,138.4707,-0.08320887184627666,-0.3974109,0.23977087
3051,138.19458548468114,137.88057,138.51105,-0.08813079353551889,-0.40174398,0.23449045
3052,138.2400048478361,137.92743,138.55563,-0.0881227331681247,-0.39870536,0.23347108
3053,138.28330768660106,137.97083,138.5997,-0.09009561353016335,-0.40123463,0.2315784
3054,138.33243411816375,138.02193,138.64668,-0.08628444204052522,-0.39468044,0.23268487
3055,138.380041905435,138.07022,138.69435,-0.08409962019727739,-0.39244917,0.23625436
3056,138.42491843424008,138.1145,138.74046,-0.08444305614576489,-0.39450094,0.2375253
3057,138.47318144434058,138.16298,138.78676,-0.08135287906920105,-0.39151445,0.23997311
3058,138.51751081123484,138.20651,138.83244,-0.08217236163743226,-0.39163932,0.23912232
3059,138.56059632680365,138.25015,138.87628,-0.08420345506211842,-0.39360514,0.2357395
3060,138.6055875892413,138.29451,138.92087,-0.08494778822686112,-0.39332166,0.23605931
3061,138.652707191441,138.34122,138.96974,-0.08287273526289377,-0.39283323,0.23863839
3062,138.69249849488654,138.38191,139.00926,-0.08800762846146921,-0.39819342,0.23412316
3063,138.74120503790354,138.42938,139.05917,-0.0845176947715795,-0.39621013,0.23910046
3064,138.7855386741232,138.4734,139.10402,-0.08573654506735137,-0.39831087,0.23793311
3065,138.82963397424365,138.51776,139.14754,-0.0868756102780333,-0.398233,0.2365619
3066,138.87583029865712,138.56477,139.19281,-0.08588287942726243,-0.39736342,0.23771833
3067,138.92129572509077,138.61058,139.23717,-0.08569941484042455,-0.39781174,0.23660164
3068,138.96758891606103,138.65714,139.28151,-0.08470264505569652,-0.3932878,0.23626208
3069,139.00924052355185,138.69974,139.32259,-0.08829269868169339,-0.39619243,0.23225215
3070,139.05233738459566,138.74295,139.36464,-0.09038926032560873,-0.39750838,0.22946742
3071,139.09432592555183,138.78442,139.40573,-0.09378440517011732,-0.40101033,0.22565342
3072,139.13974854579598,138.8303,139.45392,-0.09385798376652583,-0.4008177,0.2267281
3073,139.18023768167993,138.87326,139.49152,-0.09858910511282451,-0.40382612,0.2203784
3074,139.2265789522138,138.91666,139.5398,-0.0975715188810847,-0.4042371,0.22181596
3075,139.2732743361903,138.96443,139.58592,-0.09610929852290044,-0.4024884,0.22283751
3076,139.31566171949515,139.00954,139.62555,-0.09896471688936412,-0.40232345,0.2172951
3077,139.3620167877795,139.05562,139.6735,-0.09790959523408622,-0.4007041,0.219264
3078,139.40480733783326,139.0989,139.71532,-0.10054389853920148,-0.40350023,0.21592867
3079,139.44997725525116,139.14354,139.76198,-0.10091020885463389,-0.4046492,0.216803
3080,139.49083111539903,139.18445,139.8036,-0.10542038987338057,-0.41010216,0.21290809
3081,139.53434046668733,139.22696,139.84657,-0.10692478695424924,-0.4130441,0.21238647
3082,139.5767838909104,139.27107,139.8874,-0.10987366658271291,-0.41609767,0.20710024
3083,139.62241115467987,139.31764,139.93372,-0.10953257816986083,-0.41608432,0.20856482
3084,139.6712620974794,139.36848,139.98174,-0.10608954312079898,-0.41007772,0.21062224
3085,139.71429678103883,139.41093,140.02594,-0.10849604414258072,-0.41418603,0.20806405
3086,139.76207952502028,139.45937,140.07295,-0.10596433280593966,-0.4112123,0.20939004
3087,139.8114505119102,139.51178,140.12,-0.1021471218779165,-0.40536347,0.21085551
3088,139.8577002682045,139.55737,140.16713,-0.10123131389786043,-0.40258116,0.21247733
3089,139.90221096489296,139.60187,140.21317,-0.1020228340129599,-0.4060149,0.2130789
3090,139.94990044846995,139.64964,140.25984,-0.09968772414148167,-0.40151662,0.21411519
3091,139.99183848676464,139.6908,140.30232,-0.10306913553851854,-0.40600017,0.21157306
3092,140.03447243923804,139.7326,140.34514,-0.10568535305139791,-0.40848202,0.2081327
3093,140.08516080161243,139.78535,140.39618,-0.10046824570021927,-0.40212184,0.21371631
3094,140.13451529867277,139.83464,140.44583,-0.09641072981474903,-0.39743727,0.21787915
3095,140.17953792820705,139.87965,140.49104,-0.09640772007968056,-0.3968622,0.2175085
3096,140.22941929787424,139.92747,140.54309,-0.09188761710902468,-0.39338675,0.22407377
3097,140.27388263466995,139.97081,140.58595,-0.09275117776076879,-0.39585412,0.2227707
3098,140.3177693616575,140.01402,140.62843,-0.09408201890447311,-0.39761126,0.22145288
3099,140.36003519185806,140.05525,140.67245,-0.09720023912258302,-0.40214175,0.22029954
3100,140.40456083823258,140.10123,140.71515,-0.09815112963486293,-0.40150717,0.21822684
3101,140.45249358187235,140.14922,140.76306,-0.0954972855964946,-0.3981295,0.22206923
3102,140.4973799747465,140.19418,140.80768,-0.09593853829030827,-0.3984675,0.22170615
3103,140.5422004012736,140.23935,140.85281,-0.09634131160581812,-0.3996641,0.22142649
3104,140.5851506777886,140.2824,140.8951,-0.09866595605774851,-0.4028333,0.21936901
3105,140.627559977637,140.32379,140.93736,-0.10175058125800533,-0.40475392,0.21609211
3106,140.67033663030796,140.36607,140.9817,-0.1042914028569363,-0.40935516,0.2142182
3107,140.71454005688858,140.41107,141.02574,-0.1053686547957159,-0.40890932,0.2116924
3108,140.76399769706995,140.45935,141.07648,-0.10129299966409742,-0.4051722,0.2169872
3109,140.81110710311063,140.50755,141.12283,-0.09937950236071807,-0.40217662,0.21732464
3110,140.85651607501768,140.55292,141.16641,-0.09944108006315082,-0.40352088,0.21756586
3111,140.90611597008552,140.60191,141.21683,-0.09521363327739013,-0.39821216,0.22153209
3112,140.9534179834587,140.65279,141.2611,-0.09302105147993092,-0.39536345,0.22181511
3113,140.99956662839128,140.69888,141.30565,-0.0920798316922534,-0.39265314,0.22149713
3114,141.0412818296166,140.7404,141.34683,-0.09570879328147158,-0.39662102,0.21895841
3115,141.08477240089525,140.78522,141.39175,-0.09725843613087784,-0.39819342,0.21736607
3116,141.13523780786426,140.83319,141.44176,-0.09208988281168949,-0.39402762,0.2231107
3117,141.1824773562631,140.88141,141.48994,-0.09027552005807014,-0.3918823,0.22534667
3118,141.23195260184005,140.93019,141.53966,-0.08602426502660247,-0.38850853,0.23103459
3119,141.27883825325085,140.97752,141.5859,-0.0845359765948195,-0.38783917,0.23128904
3120,141.33072908824468,141.0284,141.63884,-0.07820573995138279,-0.3821162,0.2383631
3121,141.3754319039964,141.07487,141.68216,-0.07872429069396188,-0.38169584,0.23712523
3122,141.41971036060704,141.1188,141.72641,-0.07985554607550588,-0.38306028,0.23688293
3123,141.46504648356128,141.16277,141.77351,-0.07971543950944922,-0.38529074,0.23840304
3124,141.51296111150762,141.21216,141.8214,-0.07745715658616441,-0.38212955,0.24078846
3125,141.55808295771496,141.25603,141.8684,-0.07757436167024255,-0.38299575,0.24151006
3126,141.60481292911538,141.30252,141.915,-0.07605955831996304,-0.38167718,0.24150687
3127,141.64784341653603,141.34686,141.95764,-0.07853458579290025,-0.38405457,0.23835886
3128,141.69293247196995,141.3922,142.00179,-0.07869486576902227,-0.38282976,0.2372182
3129,141.7372348750045,141.43484,142.04776,-0.0797125847431803,-0.38518816,0.23897195
3130,141.78121889978596,141.47874,142.09174,-0.08104799590477013,-0.3857795,0.23508139
3131,141.8229041838231,141.52234,142.1305,-0.08478144618860241,-0.38852248,0.22992375
3132,141.87106521619066,141.56795,142.18149,-0.08194306945945656,-0.38728523,0.23591799
3133,141.91913120084666,141.61438,142.22975,-0.07925441842806956,-0.38559696,0.23798898
3134,141.96048713478686,141.6552,142.27101,-0.08331295841481635,-0.38998702,0.23394708
3135,142.0058114398429,141.70099,142.31499,-0.08350776575229227,-0.38937646,0.23348783
3136,142.04917309993166,141.7446,142.36093,-0.08575352070006818,-0.39206955,0.23182349
3137,142.09367331710993,141.7876,142.40504,-0.08631099905685076,-0.39281482,0.23174043
3138,142.13785412649926,141.83293,142.44838,-0.08746164600664727,-0.3918494,0.22930144
3139,142.18489736486129,141.87984,142.49629,-0.08580260840397598,-0.39090785,0.23190793
3140,142.2282699744377,141.92389,142.53842,-0.08790627353664163,-0.39252305,0.22961897
3141,142.27102952915916,141.96637,142.58208,-0.09034220432123627,-0.3948844,0.22603215
3142,142.31886482229532,142.01405,142.62885,-0.08798020972071857,-0.39303976,0.22922546
3143,142.3651855053551,142.06358,142.67368,-0.08706149419929261,-0.38870072,0.22683147
3144,142.4104214457616,142.10797,142.71895,-0.08738358788498361,-0.38960207,0.22719799
3145,142.452615943664,142.14836,142.76277,-0.09059748869792109,-0.39426902,0.22598632
3146,142.4967391862428,142.1912,142.81015,-0.09184394033438721,-0.39794436,0.22607459
3147,142.54478366786222,142.23924,142.85873,-0.08925865655639291,-0.39466256,0.22905691
3148,142.5928614607021,142.28561,142.90878,-0.08651281217218845,-0.39359212,0.2340116
3149,142.64089445904548,142.33272,142.95802,-0.08389886398017031,-0.39172712,0.23822622
3150,142.68250095064323,142.37363,143.00002,-0.08767073954894626,-0.39523575,0.23428613
3151,142.73174053938237,142.42293,143.04845,-0.08396626402516234,-0.39049372,0.2382923
3152,142.7803022503707,142.47285,143.09439,-0.08099277944641733,-0.3851581,0.23940144
3153,142.8267743812193,142.5198,143.14052,-0.07984512957726601,-0.3838503,0.24008511
3154,142.875663815623,142.56926,143.18721,-0.07615138258455854,-0.37760082,0.23939987
3155,142.91869980441118,142.61208,143.2323,-0.07834355346878233,-0.3806853,0.23778753
3156,142.96400562273772,142.65701,143.2774,-0.07826825667420703,-0.38125437,0.23956116
3157,143.01087900253467,142.70415,143.32518,-0.07676325489523934,-0.3808242,0.24112868
3158,143.05843223919652,142.75185,143.37224,-0.07438513315015077,-0.37682995,0.24178158
3159,143.10526806542376,142.79947,143.41847,-0.07286394801583888,-0.37298867,0.24221425
3160,143.1541745841792,142.84818,143.46732,-0.06954203219633752,-0.36927766,0.245055
3161,143.19841217618128,142.8923,143.51108,-0.07077399906259971,-0.373596,0.24560697
3162,143.2469491969446,142.94183,143.55974,-0.06735223592177629,-0.36851257,0.24706453
3163,143.29614950570465,142.98964,143.61072,-0.06346185350743647,-0.3669749,0.25338507
3164,143.34557191199292,143.03874,143.66087,-0.0596077112621233,-0.36138755,0.25750184
3165,143.396089480976,143.09172,143.71092,-0.05466655220783089,-0.35504124,0.26260766
3166,143.44445681755997,143.1395,143.76088,-0.05168901866397606,-0.3549455,0.26626924
3167,143.49069361437756,143.18576,143.80667,-0.051021924300585136,-0.35456526,0.26727456
3168,143.5327388290887,143.22757,143.847,-0.0543091664850717,-0.35698155,0.26335698
3169,143.57755531238087,143.27448,143.89027,-0.05472815492324177,-0.3567606,0.26231804
3170,143.62343184787403,143.3185,143.93767,-0.05420322952156868,-0.35835972,0.2635988
3171,143.6682258218816,143.36172,143.98395,-0.054671333113803545,-0.35942084,0.26477894
3172,143.71194617851003,143.40544,144.02788,-0.05616453649288435,-0.3612748,0.26422065
3173,143.75709174529499,143.44835,144.07475,-0.05658791613109413,-0.36297485,0.2652168
3174,143.79569944179565,143.48782,144.11227,-0.06313495351442437,-0.3686844,0.25813544
3175,143.84574539321108,143.53455,144.16629,-0.05826016679408054,-0.36554646,0.26346287
3176,143.8904894255708,143.57724,144.21405,-0.05878363634774923,-0.36886078,0.2669884
3177,143.9343615156277,143.621,144.25798,-0.06023796262319781,-0.3705551,0.26558003
3178,143.97952948019682,143.66661,144.30215,-0.06031858080436668,-0.37036726,0.26552653
3179,144.02812558306744,143.71501,144.35039,-0.056750351482631925,-0.3680987,0.27002698
3180,144.0690409627085,143.75572,144.39035,-0.06108542673992505,-0.37101755,0.2642874
3181,144.11064204310603,143.7974,144.43277,-0.06472266964551394,-0.37531883,0.2606151
3182,144.15523906773794,143.84337,144.47716,-0.06568148274922461,-0.37576672,0.25972918
3183,144.202632805284,143.89165,144.52382,-0.06358800722332345,-0.37130395,0.26019207
3184,144.24846684507892,143.9365,144.57042,-0.06304643786922619,-0.371743,0.26053584
3185,144.28865443361585,143.97424,144.61226,-0.06810320963490572,-0.37906066,0.25794965
3186,144.3360778412154,144.02153,144.66197,-0.0660256442032499,-0.37816727,0.2601352
3187,144.37650009045416,144.06223,144.70143,-0.07103739782069098,-0.3823248,0.25568804
3188,144.41755901634605,144.10458,144.74083,-0.07534254201440475,-0.38616753,0.25003058
3189,144.46264256204267,144.14952,144.78549,-0.07544083492883936,-0.386926,0.2507
3190,144.5068756704668,144.19293,144.83028,-0.07648129521738083,-0.3883159,0.25034735
3191,144.55031317437604,144.23726,144.87173,-0.07827006085867746,-0.39018574,0.2472687
3192,144.59470570766067,144.28087,144.91585,-0.07917742577816804,-0.39121288,0.24679826
3193,144.64649048978978,144.3347,144.96768,-0.0726661621644736,-0.38333547,0.2527691
3194,144.69900308797523,144.3872,145.02118,-0.06550358308783848,-0.37594697,0.26013803
3195,144.74519914461953,144.43185,145.06763,-0.06472320212460447,-0.3751305,0.26073822
3196,144.79254911650776,144.4813,145.11395,-0.0628639389546031,-0.37248433,0.26095355
3197,144.83746899167735,144.52554,145.15909,-0.06314816085322321,-0.3716028,0.2601329
3198,144.88368625215134,144.57115,145.20624,-0.06224720243877722,-0.37146,0.2623912
3199,144.92613888268448,144.61441,145.24815,-0.06522257009929536,-0.37312278,0.2589104
3200,144.9688006872779,144.65584,145.29053,-0.06797691354556852,-0.37576348,0.25516057
3201,145.0101376615013,144.69691,145.33313,-0.07193814598177052,-0.3798788,0.2512289
3202,145.05367988608847,144.74013,145.37755,-0.07384656287440243,-0.38269755,0.2505345
3203,145.09749825165633,144.78183,145.42105,-0.07547146351610376,-0.38526076,0.25038165
3204,145.1396785353514,144.82388,145.46475,-0.07864574855105586,-0.3883179,0.24782105
3205,145.18960250891598,144.87361,145.516,-0.07395310586033545,-0.3850647,0.25130823
3206,145.23534046157116,144.91873,145.56248,-0.07366301919814718,-0.38566673,0.25393882
3207,145.27817793694467,144.96227,145.60408,-0.07615669766911677,-0.38885877,0.2515543
3208,145.32527730252974,145.01071,145.64966,-0.0743517749436295,-0.3840325,0.25357932
3209,145.37070082852006,145.05551,145.69559,-0.0742771009444104,-0.38418832,0.25257885
3210,145.41526293640194,145.10025,145.73827,-0.07504666083499002,-0.3837124,0.25011578
3211,145.46214656336994,145.15005,145.78293,-0.07366695023802529,-0.38086334,0.2499687
3212,145.50808025978006,145.19817,145.82802,-0.07308608692833528,-0.37849057,0.24788019
3213,145.55669042125282,145.24573,145.87541,-0.06995943797052258,-0.37675408,0.25035262
3214,145.60113949574728,145.29153,145.91875,-0.07099637071972195,-0.37824124,0.24893224
3215,145.64281831376,145.33253,145.96028,-0.07447756732467242,-0.3818511,0.2451399
3216,145.6858760142241,145.37593,146.00433,-0.07654835832805236,-0.38330603,0.24290487
3217,145.73392756182653,145.42444,146.05011,-0.07374802737635226,-0.38028452,0.2454377
3218,145.78396539306829,145.4739,146.10071,-0.06932098247466252,-0.37605023,0.25034195
3219,145.82797651152293,145.51923,146.14468,-0.07036198418547367,-0.37518495,0.24836408
3220,145.87546829573515,145.5666,146.19225,-0.06836922337155533,-0.3738986,0.2500393
3221,145.92152960067472,145.61055,146.23694,-0.06772631197712038,-0.37214035,0.25015554
3222,145.96619348961084,145.65707,146.28073,-0.06803004103058166,-0.37034282,0.24820271
3223,146.01103796894293,145.70224,146.32591,-0.06843108606817598,-0.37139362,0.24861479
3224,146.0579948437879,145.75044,146.37259,-0.0666973511105224,-0.36924365,0.24868633
3225,146.105408207197,145.79715,146.42067,-0.06455440403369382,-0.36791328,0.25068745
3226,146.14802352471017,145.84102,146.46152,-0.0672441101410861,-0.3674064,0.24611704
3227,146.195416076605,145.89127,146.5069,-0.06496555394198479,-0.36474183,0.24855693
3228,146.24045472235164,145.93663,146.55278,-0.06513812993029591,-0.36440068,0.24707943
3229,146.2875300802616,145.98645,146.5986,-0.06347517242306576,-0.36066544,0.2469161
3230,146.33018740590254,146.0294,146.63979,-0.06596098818252788,-0.3612657,0.24418376
3231,146.38187826201465,146.07947,146.6932,-0.059678978948038544,-0.3567648,0.2532424
3232,146.42586876570445,146.12296,146.73863,-0.06113465320044288,-0.3586213,0.25233862
3233,146.47196636979106,146.1692,146.78413,-0.060516573501284206,-0.358868,0.2532402
3234,146.51729724161018,146.2158,146.83017,-0.06035921692280129,-0.35921025,0.2521375
3235,146.5611765864917,146.26118,146.8719,-0.0618737279717844,-0.35966194,0.24899265
3236,146.60665478709902,146.30684,146.91656,-0.061801186740294556,-0.35953128,0.24868102
3237,146.6489442948159,146.34924,146.96071,-0.06482531072002463,-0.3628821,0.24607031
3238,146.69391929802904,146.3925,147.00603,-0.0651009676121698,-0.36440527,0.24663913
3239,146.74085915766773,146.43806,147.05486,-0.06355951463101174,-0.36149088,0.25073153
3240,146.7832362568644,146.48085,147.09773,-0.06657243144309727,-0.36529523,0.24771084
3241,146.83080707665243,146.52943,147.1444,-0.06431344425389647,-0.36147293,0.24736854
3242,146.8663607282112,146.56364,147.1796,-0.07409916479242781,-0.3720932,0.23757446
3243,146.91195261844626,146.60893,147.22588,-0.07400133808357243,-0.37360585,0.2398695
3244,146.956863559752,146.65295,147.27235,-0.07457105432540777,-0.3753838,0.24102406
3245,147.0022264583589,146.69786,147.31792,-0.07461808598075252,-0.37500957,0.24108052
3246,147.04930910334718,146.74442,147.36581,-0.07274825749953989,-0.3735215,0.24380963
3247,147.0946666623681,146.78831,147.41154,-0.07253726064626803,-0.3738217,0.24467087
3248,147.13852694855544,146.835,147.45337,-0.07419860429871858,-0.37447274,0.24226263
3249,147.18808508493794,146.88673,147.50136,-0.06983939272437904,-0.3676524,0.24281271
3250,147.2349964162577,146.93407,147.54745,-0.06814315755823235,-0.36638543,0.24531925
3251,147.2757976084281,146.97421,147.58823,-0.07261836284998738,-0.3718776,0.24096538
3252,147.323394326646,147.02296,147.63582,-0.07036671380316957,-0.36954075,0.24282157
3253,147.36697098269133,147.06601,147.68108,-0.07224685472929467,-0.37205306,0.24208114
3254,147.41070345678722,147.10999,147.72389,-0.07377247709538708,-0.37400335,0.24008533
3255,147.46000332396255,147.16084,147.7727,-0.06984211186468962,-0.36758024,0.24262923
3256,147.5059851767626,147.2066,147.81812,-0.06907330890103201,-0.36637598,0.2431277
3257,147.55079308011207,147.25299,147.8626,-0.06945935062116142,-0.36632857,0.24180889
3258,147.59619055494068,147.29831,147.90698,-0.06943747255560524,-0.36627585,0.24140285
3259,147.6429556954928,147.34439,147.95488,-0.06819800567211483,-0.364904,0.24194674
3260,147.68626207774045,147.3858,147.9989,-0.07023035896770695,-0.36830932,0.24102385
3261,147.7317239175667,147.43097,148.04543,-0.07010159429341961,-0.36961973,0.24475817
3262,147.77982608926547,147.47899,148.09502,-0.06724222069638251,-0.36646467,0.24879298
3263,147.82644593746875,147.52788,148.13956,-0.06587045010622358,-0.36431035,0.24896596
3264,147.87786906221015,147.58102,148.18784,-0.0597566076305802,-0.35518828,0.2522338
3265,147.92193785705555,147.62505,148.23294,-0.06081145848308804,-0.3559983,0.25093514
3266,147.97202370325903,147.67252,148.28252,-0.0561845079062332,-0.3516362,0.25498727
3267,148.01663920550743,147.71854,148.32617,-0.0567418999490639,-0.3510319,0.25388998
3268,148.06563002434527,147.76712,148.37463,-0.053108462393040894,-0.3478668,0.25545466
3269,148.10824512381248,147.81024,148.41599,-0.055992816930305396,-0.35011336,0.25076258
3270,148.1513227369883,147.8529,148.45888,-0.05840947258110531,-0.35429147,0.24968208
3271,148.19365996104204,147.89685,148.49997,-0.06145873024513981,-0.3539998,0.24364303
3272,148.23987303116908,147.94275,148.54617,-0.060605163868404775,-0.3544691,0.2445754
3273,148.28624756665099,147.98805,148.59268,-0.05950504247045148,-0.35325637,0.24458034
3274,148.3318156131358,148.0348,148.63727,-0.05922611826993229,-0.3520927,0.24483097
3275,148.37856766906614,148.0813,148.68587,-0.05784712665498967,-0.3535254,0.24691853
3276,148.42413133371468,148.127,148.73166,-0.05771331412671331,-0.35348377,0.24694394
3277,148.47119883989933,148.17531,148.77649,-0.05604587591049528,-0.34808302,0.24690317
3278,148.51615266911918,148.21982,148.82109,-0.05623478250090845,-0.34978607,0.24861202
3279,148.56154194163628,148.26424,148.86736,-0.05629409502345248,-0.3490645,0.24845165
3280,148.60326348496696,148.30574,148.90955,-0.05978621714560819,-0.35378635,0.24625053
3281,148.64662048369954,148.34723,148.95302,-0.061821842992753645,-0.35885325,0.24468046
3282,148.69482250722726,148.39569,149.00104,-0.05913937453964975,-0.35626885,0.24751253
3283,148.74429674996475,148.44518,149.0511,-0.0550208889506856,-0.35288587,0.25079423
3284,148.79130028935162,148.49307,149.09723,-0.05359923435069953,-0.35047993,0.2518656
3285,148.83436709251566,148.5357,149.14207,-0.05595482870997701,-0.35364452,0.25050667
3286,148.87970637525277,148.5797,149.18852,-0.055879046792153754,-0.35554552,0.25211903
3287,148.92788491119254,148.6277,149.23778,-0.052911488052587795,-0.35159057,0.25497496
3288,148.97207737391219,148.6713,149.28253,-0.053850119918881445,-0.35432783,0.25433633
3289,149.02003201342941,148.71744,149.33,-0.05131662273274761,-0.35321957,0.25690523
3290,149.06060621507677,148.758,149.37233,-0.056170019471371686,-0.35812816,0.2534742
3291,149.1072610580131,148.8038,149.41844,-0.05469145497497463,-0.35731405,0.25455448
3292,149.14937089724418,148.84503,149.4611,-0.05770045042071622,-0.36072323,0.25217998
3293,149.19912471500712,148.89307,149.51126,-0.05321783299962689,-0.35665524,0.2578243
3294,149.24433830085505,148.93904,149.55583,-0.053407522324779126,-0.3570263,0.25558674
3295,149.28633889549306,148.97966,149.59827,-0.05682760846084337,-0.36052367,0.25261018
3296,149.3320576886452,149.02737,149.64299,-0.05649543398560059,-0.35865152,0.252466
3297,149.38176252546845,149.07571,149.69359,-0.05197630997687166,-0.35610583,0.2582685
3298,149.4277184556228,149.12099,149.73936,-0.05118985291793413,-0.3550398,0.25857955
3299,149.47121805378418,149.16455,149.78334,-0.05303269636992383,-0.3572842,0.2576648
3300,149.51336775749877,149.20764,149.8262,-0.05614064049686059,-0.35890448,0.25450462
3301,149.55792189220702,149.25151,149.87201,-0.05700893221311271,-0.3605846,0.2529875
3302,149.59982522466427,149.29373,149.91301,-0.06025099470465824,-0.36355868,0.24901621
3303,149.64718705525857,149.34015,149.96187,-0.05805305716545666,-0.36515757,0.252725
3304,149.69104919913966,149.38309,150.00586,-0.05931526057828872,-0.367419,0.25315422
3305,149.73510141799702,149.42758,150.04918,-0.06054672859275311,-0.3676167,0.25245917
3306,149.78651030478187,149.47948,150.10019,-0.0545431211765378,-0.36089894,0.25646222
3307,149.82998413046977,149.52122,150.14488,-0.05627817343747916,-0.36419576,0.2558355
3308,149.87793723690393,149.57022,150.19145,-0.0536631914762467,-0.36047354,0.2597826
3309,149.9271245783996,149.61801,150.24219,-0.04965474991566379,-0.35750893,0.26347744
3310,149.96675610249432,149.65787,150.28128,-0.05539578099943201,-0.36434707,0.25686932
3311,150.0114413857784,149.70586,150.32361,-0.05610397934364104,-0.36424312,0.253471
3312,150.0529436404034,149.74707,150.36458,-0.059849918746117926,-0.36703438,0.24852332
3313,150.10007165029603,149.79262,150.41356,-0.058140743454748275,-0.3669878,0.2516839
3314,150.14785094932395,149.84387,150.45924,-0.05572638665855201,-0.36339092,0.25223657
3315,150.1945282093245,149.89189,150.50685,-0.0544346820794804,-0.36313847,0.2558749
3316,150.2409715290739,149.94102,150.55074,-0.05362055998950301,-0.35727227,0.25354522
3317,150.2901932920434,149.988,150.60059,-0.049550393219685684,-0.35358983,0.25679812
3318,150.33345805965155,150.03162,150.6452,-0.05170742856264169,-0.35675102,0.25480533
3319,150.37805844519156,150.077,150.68932,-0.052303249271166766,-0.35618287,0.25538006
3320,150.4213722940241,150.11845,150.7312,-0.05424175931096404,-0.3583308,0.25323904
3321,150.4659570175203,150.16428,150.77756,-0.05497729208027083,-0.3598957,0.2544228
3322,150.50865519358695,150.20618,150.82019,-0.05737962644749525,-0.36323202,0.25107393
3323,150.55941896536672,150.25566,150.87245,-0.052106767094056795,-0.35881838,0.25743368
3324,150.60443775427467,150.30054,150.9178,-0.05251675879179777,-0.35879427,0.25701207
3325,150.64714584567866,150.34314,150.96126,-0.055081856018148405,-0.3624974,0.2550462
3326,150.6912237215027,150.38588,151.00572,-0.056243288043418674,-0.3649731,0.25480184
3327,150.73667171243468,150.4314,151.05023,-0.055934153562366216,-0.36425537,0.25342375
3328,150.77923153094088,150.47543,151.0905,-0.05884342502475228,-0.36540982,0.24922188
3329,150.82386945302173,150.51793,151.13553,-0.059298553131486485,-0.36690083,0.2501933
3330,150.86838217043834,150.56271,151.18004,-0.05979736868653945,-0.36639607,0.24946561
3331,150.91225938756477,150.60776,151.22319,-0.0612942152095501,-0.3668827,0.24607097
3332,150.96284803258422,150.65645,151.27484,-0.056152684735772077,-0.3643877,0.25430012
3333,151.00586825182484,150.69893,151.31786,-0.058393888845233125,-0.36564866,0.25111216
3334,151.05353577016996,150.74655,151.36476,-0.055854432014624415,-0.3630933,0.25416008
3335,151.10082892457095,150.79414,151.41217,-0.05365767962680696,-0.35973015,0.25614032
3336,151.1518380872222,150.84622,151.46432,-0.048171286260230234,-0.35463244,0.26449963
3337,151.19476245146816,150.88766,151.50961,-0.05067431391900311,-0.3598393,0.26377258
3338,151.24108723105613,150.9338,151.55621,-0.04982648803933958,-0.358989,0.26452175
3339,151.28722001943507,150.97989,151.60191,-0.04916499863658814,-0.3582049,0.26610416
3340,151.33236621622433,151.02545,151.6464,-0.04925382359871359,-0.3576893,0.26497638
3341,151.3796277830159,151.07468,151.69083,-0.047341793520474816,-0.35286945,0.26398456
3342,151.42425173942848,151.11954,151.73628,-0.04796633258084035,-0.3545066,0.2634585
3343,151.46555488379357,151.15952,151.77832,-0.0519760657300948,-0.3587628,0.26057258
3344,151.50848782189482,151.20299,151.82109,-0.054323157202149974,-0.3592343,0.25740165
3345,151.5536896189087,151.24847,151.86589,-0.0542026217128844,-0.35808548,0.25754917
3346,151.59884541100573,151.29265,151.91113,-0.05441399485499015,-0.3609299,0.2587711
3347,151.64248861564965,151.33511,151.95595,-0.05621722542258105,-0.36322707,0.25705513
3348,151.68966263671862,151.38004,152.00595,-0.054405585974988326,-0.36242056,0.26161703
3349,151.73655451238557,151.42575,152.05115,-0.052858753873387565,-0.36369425,0.26250657
3350,151.78480714406027,151.47366,152.10112,-0.05003517611496149,-0.36017904,0.26442018
3351,151.82603506200164,151.51567,152.13979,-0.05395289141071236,-0.36267453,0.25869992
3352,151.8738132957769,151.56183,152.1883,-0.051442255876457926,-0.3612481,0.2626229
3353,151.91628189438234,151.60617,152.23047,-0.05455771922129507,-0.36274827,0.25952455
3354,151.96399614613705,151.65143,152.27924,-0.05227252353538654,-0.36209545,0.26254737
3355,152.0090806370044,151.69557,152.32646,-0.052590840590416195,-0.36372137,0.26432982
3356,152.0580522953646,151.74539,152.37465,-0.04917080443718177,-0.3600611,0.268057
3357,152.1050007902589,151.792,152.42104,-0.04739389906629706,-0.35998192,0.2693278
3358,152.14832383843998,151.83502,152.46808,-0.049379224795449136,-0.36183885,0.268819
3359,152.19413589229006,151.88068,152.5123,-0.04875072965799786,-0.36057633,0.26799887
3360,152.23427407920084,151.92047,152.55336,-0.05374807845832209,-0.36640513,0.26394707
3361,152.27962976831458,151.96425,152.59808,-0.05348452083231896,-0.36471146,0.26525697
3362,152.32681990130195,152.00948,152.64665,-0.051618546527926884,-0.36390403,0.2685602
3363,152.37562745623845,152.05737,152.69696,-0.04829190023913762,-0.3618111,0.2716452
3364,152.42240598026123,152.10565,152.74529,-0.04688900223276806,-0.36046553,0.27282757
3365,152.46869137905546,152.1485,152.78972,-0.04582627128442845,-0.3600126,0.27506375
3366,152.51170185833064,152.19214,152.83318,-0.04808794326736243,-0.3635562,0.2715746
3367,152.55781364683244,152.24098,152.8784,-0.047360958075716185,-0.36117122,0.27052444
3368,152.6031664327665,152.2855,152.92586,-0.047449188474473866,-0.36417085,0.27246103
3369,152.6511388670932,152.33113,152.97583,-0.04483936879248982,-0.36312264,0.2768185
3370,152.69813685466525,152.37872,153.02307,-0.04304691876323859,-0.36038226,0.27636606
3371,152.7439580695139,152.42453,153.06969,-0.04229318001430194,-0.3619936,0.27834472
3372,152.78740756610358,152.46861,153.11136,-0.04424548114008311,-0.361403,0.27583984
3373,152.83195069933024,152.51141,153.15634,-0.0451230237713437,-0.3620104,0.27608308
3374,152.8737840717217,152.5533,153.19797,-0.04881462188411946,-0.36624658,0.2732336
3375,152.91986507680227,152.59985,153.24423,-0.04799648652149211,-0.36502427,0.2744172
3376,152.96531083976234,152.64252,153.28894,-0.047741060064429144,-0.36580074,0.27417418
3377,153.01257134764086,152.6893,153.33572,-0.04575536248680785,-0.36504713,0.27411062
3378,153.0570192081637,152.73396,153.37944,-0.046930950372617616,-0.3645561,0.27256352
3379,153.10740860592236,152.7837,153.42921,-0.04166190232718503,-0.35937932,0.27871978
3380,153.15437199932063,152.83296,153.4759,-0.04003316143343563,-0.35748836,0.28061137
3381,153.19749023599718,152.87451,153.5213,-0.04203673908202825,-0.3613848,0.2812062
3382,153.24051412931385,152.91766,153.56462,-0.04420537177649142,-0.36327237,0.27996528
3383,153.28732317195463,152.96323,153.61113,-0.04266552511985102,-0.36273274,0.28222966
3384,153.32903641957748,153.00357,153.65294,-0.04631752511528224,-0.36778724,0.27856907
3385,153.37990848469116,153.05525,153.70378,-0.04040626807070512,-0.36278114,0.28437907
3386,153.42316267429567,153.09734,153.7484,-0.042584972862813604,-0.36450747,0.28376532
3387,153.47363889427666,153.14972,153.79689,-0.037307177960706595,-0.35656214,0.28659257
3388,153.520147093855,153.1974,153.84262,-0.035883776018676004,-0.35382345,0.28796473
3389,153.56599598989942,153.24303,153.88924,-0.035378362146953,-0.35327575,0.2902556
3390,153.61089566429956,153.28941,153.93364,-0.03572089356845083,-0.35197946,0.28768688
3391,153.6536378646953,153.33069,153.9754,-0.03797385732431282,-0.3525426,0.28639877
3392,153.69693069241944,153.37624,154.01886,-0.04009153123712917,-0.3549699,0.28332075
3393,153.74413511019924,153.42331,154.06886,-0.03822495139683766,-0.3567375,0.28458714
3394,153.7928976986216,153.47316,154.1144,-0.03472931854341546,-0.3529253,0.2865673
3395,153.8353967925314,153.51532,154.15746,-0.03742424185453628,-0.35444495,0.28394422
3396,153.87475985893843,153.55473,154.19685,-0.043256748157330466,-0.36045232,0.2770153
3397,153.92548751838206,153.60353,154.25331,-0.03791946924854643,-0.35796076,0.28526953
3398,153.9679279088299,153.64326,154.29507,-0.040860062953680575,-0.36206508,0.28324434
3399,154.01009101007668,153.68327,154.33777,-0.04401347422157691,-0.36569533,0.2794677
3400,154.0545667368427,153.72931,154.38196,-0.04494505345368008,-0.3667554,0.27886075
3401,154.09876292491455,153.77283,154.42532,-0.04613611241083088,-0.36797273,0.27654785
3402,154.1395007876416,153.8139,154.46681,-0.05061713968903909,-0.37169155,0.2731602
3403,154.18753838579332,153.85956,154.51349,-0.04769619105755171,-0.36936226,0.27811286
3404,154.2321051719743,153.90378,154.56079,-0.048559698482590716,-0.3724839,0.27802634
3405,154.2756110301842,153.94809,154.60396,-0.0501536017626855,-0.3731472,0.27616143
3406,154.32033380868594,153.99286,154.64838,-0.050755786490385084,-0.37425584,0.27498078
3407,154.36454129722037,154.03662,154.69228,-0.051896608595301666,-0.3755819,0.2743759
3408,154.40819621120437,154.07915,154.7366,-0.05369936110236154,-0.37906173,0.27350345
3409,154.45984552823575,154.13208,154.78963,-0.04774269092192931,-0.37110934,0.2795192
3410,154.5032957663169,154.17493,154.83405,-0.049524834978889466,-0.37416095,0.27877918
3411,154.54898164251046,154.22049,154.87971,-0.04919597559671597,-0.37389103,0.28023696
3412,154.59253392826415,154.2641,154.9221,-0.050951089912693176,-0.3755656,0.27718484
3413,154.64075886603572,154.31145,154.97426,-0.04802702780433004,-0.37371802,0.28279978
3414,154.68606489645703,154.35493,155.02097,-0.04812580659341094,-0.37610018,0.2845009
3415,154.73223437942198,154.39911,155.06618,-0.04730420113082771,-0.37623075,0.28534988
3416,154.77404675268855,154.4424,155.10876,-0.051059115038060515,-0.3798689,0.28147098
3417,154.82089334786298,154.48766,155.15508,-0.049511659897443945,-0.37872186,0.28425482
3418,154.86999251606935,154.53741,155.20438,-0.04568604758501774,-0.37575856,0.2882817
3419,154.91709214747837,154.5819,155.25227,-0.04407061674543723,-0.3770355,0.28945255
3420,154.96211337035646,154.6268,155.29678,-0.044222824249708685,-0.3758579,0.29035175
3421,155.00465110670652,154.67027,155.33965,-0.0471189502052019,-0.3785157,0.2857647
3422,155.04900211681604,154.71422,155.38261,-0.048116429083791344,-0.37851882,0.2837635
3423,155.0936234249024,154.75764,155.42839,-0.04920528944161271,-0.38007134,0.2827872
3424,155.13703543645187,154.80077,155.47304,-0.05119814093624854,-0.38295576,0.28165242
3425,155.18474774790778,154.84729,155.52058,-0.04865213365222403,-0.3805381,0.2848442
3426,155.22579787865504,154.88808,155.56091,-0.05296174030033243,-0.38559163,0.28047177
3427,155.2698776034796,154.93236,155.60622,-0.05414611516537885,-0.38656157,0.28102526
3428,155.31378661245614,154.9774,155.65118,-0.055486416912462005,-0.38791385,0.27874902
3429,155.36091761999543,155.02505,155.69821,-0.05328403969522936,-0.3854693,0.2800505
3430,155.40445996869468,155.06866,155.7428,-0.055046694353564116,-0.38706064,0.27856734
3431,155.4527570001076,155.11777,155.7899,-0.052055059947339825,-0.38207513,0.28052902
3432,155.50169957781702,155.16731,155.83878,-0.04859400397451828,-0.37814894,0.28395158
3433,155.54666840652615,155.21239,155.8829,-0.04909303585842371,-0.37920174,0.28307086
3434,155.59192354406417,155.25964,155.9249,-0.04910282457358603,-0.37787303,0.2808012
3435,155.63798815869256,155.30461,155.97176,-0.04848419056078626,-0.3767071,0.28038466
3436,155.68462103111278,155.3532,156.01834,-0.04737420122798626,-0.3746817,0.28078172
3437,155.727026289444,155.3954,156.06192,-0.05017239103413208,-0.37774214,0.27984464
3438,155.77533895843712,155.444,156.11151,-0.04731761013065268,-0.3737901,0.2834277
3439,155.8235483475843,155.49515,156.15717,-0.04443271442768734,-0.36955702,0.28492606
3440,155.87171534965026,155.54092,156.20467,-0.04151668345332322,-0.36889505,0.28914058
3441,155.91544921229504,155.58539,156.24916,-0.04296677769016138,-0.37044424,0.2882807
3442,155.95960832119405,155.63187,156.29248,-0.04415652000931669,-0.370487,0.2842872
3443,156.00639379220607,155.6765,156.34251,-0.04244658416158011,-0.37164846,0.28899765
3444,156.04804584253574,155.7171,156.38423,-0.046060138023391664,-0.3757771,0.28750798
3445,156.08853646285417,155.75903,156.42409,-0.05074298013438618,-0.37934214,0.2806399
3446,156.13448866646365,155.80428,156.4698,-0.050283084927853404,-0.37832066,0.28124946
3447,156.18415920575404,155.85118,156.52335,-0.04582763431517349,-0.37716553,0.28901455
3448,156.2320297595625,155.89943,156.57143,-0.043077687822543245,-0.37334046,0.29136974
3449,156.2804772353572,155.9487,156.61728,-0.03994283953111753,-0.36824363,0.29343995
3450,156.32697924111574,155.99384,156.66374,-0.03859453623817875,-0.3670992,0.29530385
3451,156.37367289344465,156.04059,156.71066,-0.03697909124014166,-0.3662677,0.29718503
3452,156.41912415784373,156.08597,156.75851,-0.036880464928063024,-0.36496818,0.29851958
3453,156.46920368022862,156.13351,156.80847,-0.03209904664400227,-0.36410612,0.30615819
3454,156.5138634806371,156.17886,156.85345,-0.032887594948096566,-0.36425406,0.30566004
3455,156.56152333471388,156.22635,156.90434,-0.030575616794581963,-0.36372322,0.31038457
3456,156.60312447777258,156.26637,156.94571,-0.03400112456282816,-0.36826214,0.3070379
3457,156.65315678190092,156.31807,156.99762,-0.029191209267568505,-0.36282304,0.31141996
3458,156.69967219533726,156.3623,157.04442,-0.027885228623058943,-0.36162966,0.31269848
3459,156.74500915660624,156.40762,157.0895,-0.027946715809304315,-0.36240742,0.31389144
3460,156.79037758713443,156.451,157.1369,-0.027992134987834316,-0.36277696,0.31572428
3461,156.83905990799562,156.49736,157.1875,-0.024577221227320364,-0.3615231,0.3196086
3462,156.88016633239806,156.53807,157.22865,-0.028948818954711762,-0.36580536,0.31423295
3463,156.92329583402415,156.58125,157.26962,-0.031145894966908744,-0.36847636,0.31321758
3464,156.9706409303534,156.62709,157.31857,-0.02916110514443553,-0.36713883,0.31672058
3465,157.01504538239172,156.67099,157.36327,-0.03024234514145825,-0.3685295,0.31468448
3466,157.0561055028805,156.71513,157.40132,-0.034485524993497246,-0.3710629,0.30891702
3467,157.10156020472934,156.76128,157.44705,-0.03430221639944866,-0.37093464,0.31059164
3468,157.1477548419171,156.80853,157.49167,-0.03351098953260747,-0.37009764,0.30896217
3469,157.19069998781723,156.85243,157.53575,-0.03556127346607808,-0.37142053,0.3077182
3470,157.23510887791502,156.89636,157.5796,-0.03686058788592521,-0.371572,0.30531555
3471,157.28227392395465,156.94363,157.6271,-0.03484085275674994,-0.36978742,0.3070623
3472,157.32686446748343,156.98938,157.67012,-0.03568404884828107,-0.36890146,0.30687055
3473,157.3713831660978,157.03392,157.71547,-0.036241039038847254,-0.37114608,0.30720863
3474,157.41069621969984,157.07304,157.75346,-0.04232259164296279,-0.37635157,0.30085784
3475,157.45367310600008,157.11598,157.79733,-0.04459412207973628,-0.37892666,0.2974309
3476,157.4987539522129,157.16089,157.84265,-0.04476100881741549,-0.3787677,0.29986966
3477,157.54333334451982,157.20601,157.88605,-0.045346288605592054,-0.37813395,0.29644105
3478,157.58504832461085,157.24933,157.92732,-0.0491374273438971,-0.38075322,0.29277724
3479,157.62725665044738,157.2918,157.9681,-0.05226953985061842,-0.38279,0.28896028
3480,157.6753289007077,157.33723,158.01814,-0.04952601645361115,-0.38300145,0.2922325
3481,157.71795515076593,157.38083,158.06056,-0.05195959738817512,-0.3843082,0.28688937
3482,157.76300326626972,157.42703,158.10492,-0.05183916360632015,-0.383836,0.2857733
3483,157.80464077530385,157.46883,158.14769,-0.055538866969698564,-0.38730574,0.28186435
3484,157.85385796641341,157.51802,158.19629,-0.05158638154952992,-0.3840423,0.2863696
3485,157.90072961512243,157.56544,158.24274,-0.04982381526786002,-0.37983292,0.28715512
3486,157.94106334324917,157.60583,158.28384,-0.054636677441362726,-0.38649955,0.28343126
3487,157.98439662898585,157.64767,158.3296,-0.05685662452757875,-0.38934305,0.28377667
3488,158.0314122386526,157.6955,158.37566,-0.055194834527160216,-0.3861269,0.2854829
3489,158.072955752441,157.736,158.41786,-0.05911340060703652,-0.3901964,0.2823433
3490,158.12502451627233,157.78767,158.47096,-0.052079807099899615,-0.38431665,0.28940496
3491,158.16668054432736,157.82812,158.51334,-0.05553249060951786,-0.38876528,0.28742808
3492,158.21522700100047,157.8758,158.56201,-0.05267735140961025,-0.3861465,0.29065764
3493,158.25923028806912,157.92162,158.60504,-0.05409238974514129,-0.38440406,0.28773436
3494,158.30590188062115,157.96945,158.6507,-0.05305123387974769,-0.38381574,0.28723305
3495,158.35531889395074,158.0181,158.69965,-0.04886408216371432,-0.38084322,0.2942407
3496,158.39918503066147,158.06184,158.74362,-0.05032832633669287,-0.3806809,0.29152077
3497,158.44508729542858,158.10913,158.78912,-0.04978588800035489,-0.38055357,0.29277694
3498,158.4877977481634,158.15086,158.83173,-0.05222895813873278,-0.38269126,0.2895206
3499,158.53334607681407,158.19754,158.87459,-0.051986320574103094,-0.38034067,0.28890675
3500,158.58199859551738,158.24657,158.92325,-0.0484281714895332,-0.37582976,0.2921741
3501,158.625935601236,158.2909,158.96843,-0.04991861145134442,-0.37824452,0.28966254
3502,158.6733838865732,158.3368,159.01544,-0.04752027858439416,-0.37598825,0.29381368
3503,158.7189484614132,158.38062,159.06155,-0.04726317429628665,-0.37754455,0.29667008
3504,158.75975245174084,158.42216,159.10205,-0.051954167858431786,-0.38169298,0.29014456
3505,158.80891131723018,158.47173,159.15062,-0.04819120518285434,-0.3789728,0.29310814
3506,158.85291559585173,158.51591,159.19484,-0.04945014461711779,-0.37789884,0.29024205
3507,158.89874215623843,158.56287,159.24057,-0.04895834483856958,-0.37769127,0.29157257
3508,158.94452819357286,158.60829,159.28569,-0.048650985662912836,-0.37672368,0.29114202
3509,158.98961278126728,158.65247,159.33199,-0.049179300709548276,-0.37752327,0.29029775
3510,159.03529591457635,158.69829,159.3765,-0.04893913344508589,-0.3784881,0.29090294
3511,159.07944647410858,158.74236,159.4211,-0.05006032731368436,-0.3792134,0.2928889
3512,159.123138312424,158.78523,159.46518,-0.05161152674566939,-0.38150966,0.29056293
3513,159.16840734737005,158.83269,159.50984,-0.05159209953668796,-0.3788389,0.28712848
3514,159.21856016897115,158.88254,159.5607,-0.0465787057745454,-0.3741448,0.2926982
3515,159.25905098817253,158.92384,159.60037,-0.05157492069977724,-0.3773486,0.28625342
3516,159.30388885387754,158.96829,159.6456,-0.05189618146482127,-0.37917283,0.28616711
3517,159.34672699185384,159.01122,159.68684,-0.054160604874466924,-0.38025367,0.28358763
3518,159.393260249456,159.05768,159.73369,-0.052858683116105205,-0.37881306,0.28663123
3519,159.44052981699997,159.1054,159.78084,-0.05092621076543272,-0.3773267,0.28913411
3520,159.48891254868389,159.15625,159.82959,-0.04772048814751502,-0.3718689,0.289749
3521,159.5279038498684,159.19502,159.86848,-0.054031676688573324,-0.37816975,0.2833534
3522,159.5784783144556,159.24577,159.91736,-0.048816876594783745,-0.37383094,0.28665903
3523,159.62506748873417,159.29301,159.96362,-0.04754099037456266,-0.37301886,0.28962627
3524,159.67218081939018,159.33969,160.01126,-0.04550998751732337,-0.3711301,0.29074174
3525,159.71390292526263,159.38174,160.054,-0.04897215495833769,-0.37410098,0.2870869
3526,159.75742601679855,159.42581,160.09677,-0.05054423059273215,-0.37453246,0.28664452
3527,159.80237568183378,159.4709,160.14154,-0.050598748934893446,-0.37398803,0.28502986
3528,159.8470587395936,159.51682,160.18475,-0.05138812621735552,-0.37384552,0.28185767
3529,159.89019485113832,159.55963,160.22704,-0.05358044153137193,-0.37647673,0.28057256
3530,159.93704761280554,159.60652,160.27316,-0.05208272616670661,-0.37382433,0.2833253
3531,159.98221900280922,159.65274,160.31783,-0.05210854742700862,-0.3728258,0.28296676
3532,160.03083922729613,159.70145,160.36765,-0.048708288541459886,-0.36939853,0.28608805
3533,160.0748021109345,159.74509,160.41333,-0.05023107507320415,-0.37266988,0.28599122
3534,160.11957782530789,159.78944,160.4564,-0.050793277542959744,-0.3719349,0.28434348
3535,160.16364357688514,159.8319,160.50221,-0.05224143960072431,-0.37551993,0.28442085
3536,160.20661581344973,159.87486,160.54735,-0.05450205556979119,-0.37847546,0.28331727
3537,160.25345446629373,159.92427,160.59407,-0.05299620959811629,-0.37647226,0.28510505
3538,160.30173613661262,159.97035,160.6461,-0.05004409873547322,-0.3738953,0.29088292
3539,160.3474301462564,160.01631,160.69127,-0.049606171513465316,-0.37308896,0.2902052
3540,160.39344903583535,160.06181,160.73825,-0.04871724452930263,-0.3717134,0.2911807
3541,160.4358578357035,160.10425,160.78107,-0.051733394046988214,-0.376056,0.28801107
3542,160.48021581759704,160.14882,160.82652,-0.05290421882457853,-0.37856013,0.2868726
3543,160.52798787671148,160.1959,160.87288,-0.05024662930321812,-0.37619,0.28979582
3544,160.57298884811308,160.23909,160.91988,-0.05050709255926488,-0.37684646,0.29118273
3545,160.6202991339971,160.28763,160.96451,-0.04854589688946499,-0.37336412,0.2926047
3546,160.6685002623741,160.33618,161.01335,-0.04558846831363462,-0.37233728,0.29551774
3547,160.71622865418647,160.38422,161.0604,-0.04326788611669517,-0.36928114,0.29710874
3548,160.76315600423786,160.43135,161.10628,-0.04179532966869003,-0.36808094,0.29851973
3549,160.80868001182964,160.47607,161.1527,-0.041773849177551316,-0.36893785,0.29898262
3550,160.85433800127157,160.52112,161.19958,-0.0415543575831122,-0.36938274,0.29895654
3551,160.89741590668334,160.56401,161.24232,-0.04391481440985667,-0.37136915,0.29617637
3552,160.94443492563423,160.60965,161.29073,-0.04221226304629884,-0.37066874,0.29959086
3553,160.98931889601047,160.65572,161.33598,-0.04270342554094163,-0.37141383,0.300277
3554,161.0334405995844,160.70155,161.37875,-0.04405261481548158,-0.3708695,0.29753125
3555,161.07408460008642,160.7406,161.41832,-0.04886408122307509,-0.37381545,0.29191577
3556,161.11576780726116,160.78294,161.46095,-0.05257369363540161,-0.37770233,0.2880522
3557,161.1585557270515,160.82622,161.5044,-0.055092561417753844,-0.38085902,0.2866909
3558,161.2027223316393,160.87035,161.54909,-0.056212723318187004,-0.3805482,0.2853774
3559,161.24537569531083,160.91345,161.59065,-0.05899154899188653,-0.3835918,0.28123015
3560,161.29554267968706,160.96408,161.64198,-0.054062288954760944,-0.37957418,0.2877427
3561,161.34084405483497,161.01059,161.68582,-0.05413827356757144,-0.377916,0.28668588
3562,161.383375557557,161.05148,161.72964,-0.05696537035631837,-0.3787967,0.28358397
3563,161.42930582369897,161.09866,161.7745,-0.05635788109776798,-0.37996164,0.2850632
3564,161.48029210546915,161.1509,161.82683,-0.05093348486057561,-0.37390235,0.28974387
3565,161.5247194920034,161.19435,161.87212,-0.05172208075311468,-0.37508878,0.28926072
3566,161.57033793243866,161.23923,161.9164,-0.05155846455903689,-0.37375647,0.28897694
3567,161.61697318526706,161.28767,161.96387,-0.05035205669233225,-0.37213415,0.29059663
3568,161.65952255701984,161.33037,162.00633,-0.05316878378445988,-0.37557843,0.2869727
3569,161.69927017616465,161.36928,162.04683,-0.05863967535003092,-0.38189834,0.28268832
3570,161.7451850531854,161.41792,162.09103,-0.057789104609405104,-0.37940407,0.28194124
3571,161.7896939138683,161.46156,162.13397,-0.058636306676255634,-0.3799839,0.28167126
3572,161.83371268211746,161.50558,162.17892,-0.059907240403837374,-0.38150337,0.28101277
3573,161.87757413079697,161.54816,162.22337,-0.061623825288897635,-0.38498783,0.2803814
3574,161.92446273350023,161.59506,162.26993,-0.05991475746792721,-0.38377213,0.281002
3575,161.97544852557476,161.6447,162.3207,-0.05441767018456784,-0.37757215,0.2870072
3576,162.02539889112006,161.69371,162.3702,-0.049791327440472405,-0.37415475,0.29231495
3577,162.07172049565995,161.73955,162.41727,-0.04872896636509428,-0.3738951,0.2938373
3578,162.11626254013794,161.78491,162.46164,-0.049679722859139464,-0.37495533,0.29187393
3579,162.1629163241294,161.8289,162.51059,-0.04834795152964596,-0.37463284,0.29594028
3580,162.21239099237798,161.87872,162.55775,-0.04411790839245609,-0.36898282,0.2990282
3581,162.26223576904292,161.92967,162.60944,-0.03949890896588064,-0.36575752,0.30272195
3582,162.3027525282702,161.96858,162.64912,-0.044316975068531286,-0.37138012,0.29967672
3583,162.35490482180148,162.02066,162.70135,-0.03733735917576405,-0.36224926,0.30643708
3584,162.39670111697168,162.06197,162.74199,-0.040975200733093825,-0.36764657,0.30226424
3585,162.44196142793754,162.10818,162.78801,-0.041069526975198924,-0.36777624,0.30261782
3586,162.48835014489015,162.15237,162.83527,-0.03992724065828258,-0.36839938,0.3065963
3587,162.53577467239822,162.19833,162.88374,-0.03789552048435931,-0.36758915,0.30796355
3588,162.58333865200387,162.24571,162.9309,-0.03569467325009839,-0.36462915,0.3083295
3589,162.63050876599624,162.29274,162.97879,-0.03390752916321464,-0.36390537,0.31122825
3590,162.67477493668017,162.33885,163.02142,-0.03510492862058248,-0.363336,0.31014487
3591,162.71985654200452,162.3835,163.0685,-0.03556968196447557,-0.36497846,0.30974618
3592,162.7601316729086,162.42569,163.10876,-0.040602134246215435,-0.37016198,0.30424827
3593,162.8016541835133,162.4666,163.14969,-0.04466459357427185,-0.37284136,0.30150443
3594,162.84810328697264,162.51306,163.19536,-0.04356150331405157,-0.3712366,0.30070522
3595,162.89704033426338,162.56404,163.24344,-0.039894092549962915,-0.36674815,0.30329308
3596,162.93833111405468,162.60387,163.28477,-0.04384319176674167,-0.37046036,0.2999909
3597,162.978354151337,162.64456,163.32573,-0.04886551490297076,-0.37593967,0.2969997
3598,163.02252986650277,162.69002,163.36792,-0.04997511646092689,-0.37683746,0.29323572
3599,163.06567658318596,162.73079,163.41415,-0.05220609056784943,-0.3795245,0.29293594
3600,163.10910525407414,162.77316,163.45695,-0.053898140782912156,-0.38098404,0.29250145
3601,163.15701353342334,162.82176,163.50223,-0.05147382254770504,-0.37676916,0.29365516
3602,163.20026831202566,162.86485,163.54646,-0.05345370375979777,-0.38001335,0.29178482
3603,163.24702936876847,162.90971,163.59496,-0.052052501014118284,-0.3799097,0.29512364
3604,163.28628359745622,162.94977,163.63542,-0.0582752631355431,-0.3873848,0.2902043
3605,163.33267466258604,162.99936,163.67978,-0.05737718270092174,-0.38240507,0.28766507
3606,163.37995718086418,163.04532,163.72798,-0.055633741509422026,-0.38331163,0.2910961
3607,163.4212534438987,163.08675,163.768,-0.05937654669666051,-0.38747257,0.2872231
3608,163.4625086146176,163.12894,163.8108,-0.06321931997344105,-0.3903907,0.28212923
3609,163.50480630940007,163.16956,163.85405,-0.06607864965819588,-0.3938913,0.2789134
3610,163.54868937230393,163.21275,163.89752,-0.06749702404761065,-0.39613625,0.27957025
3611,163.60093283737334,163.2656,163.95006,-0.060306109524019644,-0.38883284,0.28752673
3612,163.6451924770025,163.31161,163.99306,-0.061156992320401456,-0.3892889,0.28574193
3613,163.69115961588648,163.35745,164.04028,-0.06025291447764889,-0.38851136,0.28733322
3614,163.73855218610728,163.4061,164.08583,-0.05806969497909214,-0.38414055,0.28642622
3615,163.7849822498392,163.4527,164.1339,-0.057068598322038006,-0.38433343,0.2884696
3616,163.83360195870605,163.50021,164.18143,-0.05391116672677575,-0.3810652,0.29169452
3617,163.87802814101502,163.54427,164.2265,-0.054835474420990855,-0.38334557,0.29104665
3618,163.92723688740176,163.59244,164.2763,-0.050881560666367794,-0.3810288,0.29652274
3619,163.96874014102383,163.63303,164.31883,-0.05488979408050585,-0.38517523,0.29189703
3620,164.01399773983525,163.67982,164.36252,-0.054934792277052745,-0.38503328,0.29123318
3621,164.05163535145658,163.71768,164.39957,-0.06254831260920198,-0.3916998,0.28335038
3622,164.09230178389137,163.7577,164.4398,-0.0673989839664998,-0.39740404,0.27917612
3623,164.14067433294122,163.80472,164.48822,-0.0642793214745803,-0.39521965,0.28342992
3624,164.18370727195318,163.8486,164.53041,-0.06654264403184788,-0.39610678,0.27950698
3625,164.22782381987042,163.89464,164.57379,-0.06807944751696032,-0.39633328,0.27781114
3626,164.2738358207006,163.94081,164.6195,-0.06731923733628893,-0.3941046,0.2774507
3627,164.3234181482257,163.99109,164.66998,-0.06311923816614501,-0.39060667,0.2818676
3628,164.37304829030742,164.04091,164.71867,-0.05861769004721884,-0.38652572,0.28664458
3629,164.4166789889919,164.08353,164.7631,-0.06035128071225249,-0.38783845,0.2856229
3630,164.45885833982376,164.12505,164.80518,-0.06329458370703618,-0.39044762,0.28214344
3631,164.50350874389088,164.16837,164.85039,-0.06376860249074962,-0.39279684,0.28224015
3632,164.54197681817303,164.20511,164.89006,-0.07065297932375429,-0.40106484,0.27739653
3633,164.59004622014325,164.25351,164.93765,-0.06797529407408251,-0.39848483,0.28107497
3634,164.6314850313679,164.2958,164.978,-0.07178681950783587,-0.4016777,0.27455065
3635,164.6783050169574,164.34222,165.02399,-0.07027563645317697,-0.40038213,0.27492395
3636,164.71908464800995,164.38129,165.06712,-0.07473785963252655,-0.4074603,0.27473217
3637,164.76332869854699,164.42522,165.11191,-0.07596234780827811,-0.41040975,0.27232432
3638,164.8084016941352,164.47081,165.15628,-0.07610931475049913,-0.40831754,0.27116203
3639,164.857934492091,164.52115,165.20316,-0.07183514550676337,-0.4030021,0.27686107
3640,164.90548369602087,164.56894,165.24889,-0.06973041960137623,-0.39852446,0.27736488
3641,164.9493648885299,164.61217,165.29507,-0.07118668079553145,-0.40119767,0.27639365
3642,164.99063101756602,164.65434,165.33626,-0.07536638923601933,-0.40534574,0.27150497
3643,165.03562249120284,164.69861,165.38254,-0.07566408387335698,-0.4052718,0.27074704
3644,165.0746059257667,164.73933,165.42017,-0.0822524991936938,-0.4108754,0.26267457
3645,165.1242894341036,164.79022,165.46866,-0.07772734647066763,-0.40425217,0.26605678
3646,165.16938122057113,164.83298,165.51312,-0.07782510687430971,-0.40639946,0.2659391
3647,165.20964817103862,164.87343,165.55241,-0.08291589997618468,-0.4110933,0.25995195
3648,165.25350042967054,164.91814,165.59575,-0.08431379167379192,-0.41266254,0.26044416
3649,165.30062006880755,164.96645,165.64133,-0.08245691282401206,-0.40989605,0.26033714
3650,165.34439814725275,165.01125,165.68443,-0.08403110146051215,-0.4117839,0.2573267
3651,165.39027819328822,165.05765,165.73021,-0.08353702189342616,-0.4087344,0.25789416
3652,165.43805831164988,165.1066,165.77754,-0.08125663108906346,-0.40678614,0.2599319
3653,165.48353043746056,165.15074,165.82375,-0.08112991932600289,-0.407056,0.25860533
3654,165.52972603183244,165.19908,165.86671,-0.07996668041081346,-0.40400583,0.25663725
3655,165.58242920684012,165.25195,165.92087,-0.07260824911102448,-0.3965322,0.26657075
3656,165.63006812602242,165.29974,165.96848,-0.07006505638514408,-0.39448982,0.26819086
3657,165.66852803685964,165.33832,166.00563,-0.07668651071617653,-0.40112916,0.26246333
3658,165.71625917353055,165.38428,166.05571,-0.07436092339926009,-0.40121442,0.26611423
3659,165.7595589210967,165.42728,166.10004,-0.07640187470711379,-0.40407285,0.26472688
3660,165.80544111508365,165.47534,166.14392,-0.0756339888522536,-0.39973688,0.26352933
3661,165.84960976587436,165.5183,166.18922,-0.0768011617467837,-0.40438968,0.26370725
3662,165.89322050345987,165.56036,166.23372,-0.07817394435994389,-0.40647486,0.26345286
3663,165.93364579721916,165.60135,166.27443,-0.08298710710057619,-0.41070795,0.25808406
3664,165.97403757895592,165.64105,166.315,-0.08774539208396147,-0.41529092,0.25286883
3665,166.01725018817743,165.685,166.35773,-0.08986860376707415,-0.41677028,0.25002128
3666,166.06741266762972,165.73547,166.40761,-0.0852200595921546,-0.41228014,0.25500786
3667,166.11233339159855,165.78015,166.45236,-0.08572123522847272,-0.4145603,0.2552645
3668,166.1597651484226,165.8248,166.50203,-0.08369022310538016,-0.41442645,0.25820127
3669,166.20864206830277,165.87312,166.54895,-0.08009769337067378,-0.40991724,0.26057184
3670,166.25434481615358,165.9172,166.59537,-0.07972238075889743,-0.4106553,0.2624848
3671,166.3027149942929,165.96664,166.64345,-0.07657452461441143,-0.40662214,0.26650012
3672,166.35176299935074,166.01471,166.69249,-0.07293083135445201,-0.40396768,0.26964784
3673,166.39449554120543,166.06013,166.7327,-0.07553549835164118,-0.40442988,0.2655907
3674,166.43976382573237,166.10605,166.77692,-0.07561478729480278,-0.4029331,0.2635179
3675,166.48308147123535,166.14937,166.82161,-0.0775262435821058,-0.40445343,0.26167127
3676,166.53275621033006,166.19878,166.87029,-0.07344069806399842,-0.3998911,0.26480713
3677,166.57971734106806,166.2466,166.91736,-0.07181474714223825,-0.39746788,0.2663907
3678,166.62462217522778,166.29147,166.9631,-0.07224503027782667,-0.39608768,0.26628628
3679,166.670218935088,166.33679,167.00803,-0.07204489197269943,-0.39762673,0.26710215
3680,166.7179535772207,166.38219,167.05637,-0.06940478448049109,-0.39728653,0.2701026
3681,166.76156563368605,166.42184,167.10223,-0.07119471667417503,-0.40081787,0.2709161
3682,166.8115239561726,166.47469,167.15236,-0.06619329673389188,-0.39478603,0.27458698
3683,166.8553772810402,166.51945,167.19423,-0.06756141903656956,-0.3953365,0.27136406
3684,166.89901538086812,166.56403,167.23936,-0.06907268120239703,-0.3966217,0.2694869
3685,166.94687243123295,166.61322,167.28596,-0.06662421500006334,-0.3921973,0.27079764
3686,166.98549610498034,166.65086,167.32552,-0.07326461830799295,-0.39868695,0.26441777
3687,167.02886632870258,166.69449,167.36995,-0.07542498529498759,-0.4023959,0.26403964
3688,167.07007620593092,166.7359,167.41096,-0.0794173914887568,-0.40511551,0.25958335
3689,167.11363414823373,166.77977,167.45494,-0.08119152252946416,-0.40888977,0.25787744
3690,167.16084978204393,166.82426,167.50452,-0.07938946506327721,-0.4095989,0.2626536
3691,167.20534151954945,166.86981,167.54799,-0.08043946865011821,-0.41065115,0.26030338
3692,167.24863282414432,166.91426,167.58896,-0.08227660018890319,-0.41143242,0.257694
3693,167.29007004186147,166.95528,167.63083,-0.08614261935756513,-0.4141781,0.25397918
3694,167.33233426345123,166.99927,167.67163,-0.08932206823422713,-0.41696092,0.24971294
3695,167.37625206201912,167.04097,167.71768,-0.09060182748296827,-0.41876274,0.24893533
3696,167.4188106924947,167.08485,167.75977,-0.09346356522098143,-0.42213285,0.24635203
3697,167.4685510449823,167.13345,167.80957,-0.08892938884228219,-0.41896403,0.25095528
3698,167.50876280236162,167.17522,167.84764,-0.0940884442466706,-0.42198938,0.24401258
3699,167.5499396437869,167.21468,167.89207,-0.09826835186984875,-0.42835346,0.24239314
3700,167.59718306097304,167.26292,167.93942,-0.09648826050127918,-0.42413864,0.2434966
3701,167.6418371491421,167.30763,167.98236,-0.09735010392521118,-0.42582244,0.2424183
3702,167.68496305475125,167.35141,168.02531,-0.09966062871187112,-0.42848474,0.24014354
3703,167.7352017091499,167.40146,168.07677,-0.09445386011247071,-0.42439508,0.24682002
3704,167.77927745074692,167.44644,168.1197,-0.09572337888710611,-0.42585146,0.24456829
3705,167.81970718937964,167.48672,168.15999,-0.10061660568972117,-0.4294128,0.24016453
3706,167.87071849876554,167.5382,168.21068,-0.09509096225542042,-0.42376897,0.24557152
3707,167.9108704956579,167.5782,168.25035,-0.10037087831135638,-0.42725173,0.23884661
3708,167.95523997896305,167.62437,168.29326,-0.10111747832385802,-0.42790157,0.23745272
3709,168.0030878564844,167.67122,168.34235,-0.0988024965841153,-0.42762795,0.24033998
3710,168.05267523593514,167.72255,168.39319,-0.09459915758297531,-0.42327073,0.2456363
3711,168.10507806076757,167.77492,168.44635,-0.08785893192571897,-0.41618362,0.25267476
3712,168.15053181836467,167.81834,168.4928,-0.08784012431509922,-0.4179491,0.25310478
3713,168.20016874964207,167.86852,168.54114,-0.08367002170547272,-0.41181293,0.25628722
3714,168.24816818322873,167.91768,168.58809,-0.08091773179442407,-0.40774563,0.25813034
3715,168.2910759809677,167.96115,168.62888,-0.083502157579148,-0.4089707,0.254081
3716,168.33683495944484,168.00914,168.67056,-0.08337842404073363,-0.40658137,0.25114605
3717,168.3818895710687,168.05513,168.71614,-0.0837992853457439,-0.40658855,0.25004327
3718,168.42440298428352,168.09592,168.75784,-0.08649033527623466,-0.4111102,0.24737833
3719,168.46963432276135,168.14076,168.80705,-0.08656586021143196,-0.41321382,0.24914677
3720,168.51408227654628,168.18451,168.8528,-0.08722371149187176,-0.4150191,0.2504234
3721,168.55930279332307,168.23079,168.89735,-0.08729683900276403,-0.41570327,0.25019494
3722,168.61117700966594,168.2834,168.9489,-0.08046909643834602,-0.40820807,0.25572872
3723,168.6550129870379,168.32483,168.99231,-0.08190782633702667,-0.41072652,0.25480926
3724,168.69825389379176,168.36592,169.03688,-0.0838761570080738,-0.41497642,0.2541738
3725,168.7421519131379,168.40999,169.07986,-0.0852913332890326,-0.41638964,0.25268322
3726,168.78791672979287,168.45612,169.12677,-0.08479923233695894,-0.41655734,0.25375965
3727,168.83248536728854,168.50049,169.1703,-0.08575361243540648,-0.41782656,0.25283054
3728,168.88043816649025,168.54774,169.2186,-0.08326991038871209,-0.41614625,0.25492382
3729,168.9247268833685,168.5899,169.26285,-0.0841367839187576,-0.4180441,0.25517288
3730,168.9709846922258,168.63432,169.3103,-0.083454523229539,-0.41722152,0.25584638
3731,169.01915050463236,168.6851,169.35704,-0.08071097880967745,-0.41380724,0.2584729
3732,169.06199037981784,168.72519,169.40164,-0.08313617465550796,-0.41769177,0.25715703
3733,169.10765090314732,168.7699,169.4488,-0.08309899028870224,-0.41805443,0.25755173
3734,169.15151396093285,168.81271,169.49513,-0.08469166420605792,-0.42035612,0.25792474
3735,169.19698498888863,168.85785,169.5419,-0.08428867761076425,-0.4185589,0.25884503
3736,169.24535385799751,168.90616,169.58862,-0.08114980827182024,-0.41583887,0.2611398
3737,169.28986069384285,168.95193,169.63354,-0.08197129112697395,-0.41612536,0.2602527
3738,169.33282024664135,168.99718,169.67728,-0.08448602662530888,-0.4189542,0.25834975
3739,169.38118231219855,169.04176,169.72865,-0.08151288139875569,-0.4164653,0.26433703
3740,169.42087288163344,169.08156,169.76752,-0.08721825791111713,-0.42406523,0.25913173
3741,169.46278482080336,169.12308,169.81064,-0.09050522300789944,-0.42753488,0.25669086
3742,169.51043796132973,169.17177,169.85695,-0.08825220582112119,-0.4243608,0.25751433
3743,169.55996297280538,169.22012,169.90758,-0.0839779789074421,-0.42192048,0.26441002
3744,169.61213739585037,169.27208,169.95743,-0.07704261616589568,-0.41371125,0.26746234
3745,169.65548270337553,169.3158,170.00008,-0.07916084504976054,-0.4152877,0.26547828
3746,169.7038419564883,169.36316,170.0478,-0.07611159687246002,-0.41298437,0.2682476
3747,169.74182629660254,169.40193,170.08606,-0.0834553191685476,-0.41845322,0.26168287
3748,169.79420742199648,169.44997,170.14273,-0.07636658304133495,-0.41557246,0.2730012
3749,169.845684235588,169.49957,170.19417,-0.07007626576719116,-0.4108547,0.2803631
3750,169.8902812022232,169.54506,170.23895,-0.07067371426970119,-0.4117623,0.2795482
3751,169.93577629533314,169.58868,170.28595,-0.07041329548963818,-0.41358572,0.28066787
3752,169.97798416932858,169.63078,170.32698,-0.07363296496201274,-0.41610494,0.2772125
3753,170.02562528916283,169.67833,170.37566,-0.07153126919671525,-0.41499442,0.2782036
3754,170.07353136740988,169.72752,170.42223,-0.06904643540550191,-0.41114283,0.281076
3755,170.11690241225702,169.77107,170.46568,-0.07128606072460827,-0.41364175,0.27796188
3756,170.1620862580785,169.81487,170.51273,-0.07153385182714365,-0.41535386,0.2812548
3757,170.20606803534278,169.85794,170.55807,-0.07267550106075307,-0.41530985,0.27982184
3758,170.249569260075,169.90106,170.60239,-0.07452096460498453,-0.4182838,0.27894354
3759,170.29900406461437,169.94879,170.6521,-0.07051777208478889,-0.4158983,0.2837616
3760,170.3474422908807,169.99571,170.7009,-0.06733930593886618,-0.41607738,0.2882003
3761,170.39103628797463,170.03633,170.74655,-0.0688004436157608,-0.41996714,0.28905088
3762,170.44206681704094,170.08684,170.79724,-0.06331228651322504,-0.41545987,0.29481137
3763,170.48839466629514,170.13371,170.84537,-0.062156969123645656,-0.41295215,0.29474002
3764,170.53531416418372,170.1779,170.89195,-0.060424345642374276,-0.41150844,0.29797468
3765,170.58653940709854,170.22989,170.94205,-0.0544878106175493,-0.40616912,0.30323547
3766,170.63252768162045,170.27615,170.99004,-0.0537175178481832,-0.40481162,0.3049662
3767,170.67886639276315,170.319,171.03703,-0.05267262264275158,-0.40672326,0.30727804
3768,170.72965276310498,170.36873,171.09016,-0.04722036995859099,-0.40079054,0.31347528
3769,170.77669368675717,170.41585,171.13777,-0.04584952584719538,-0.40082738,0.3155934
3770,170.82137741141136,170.46245,171.18106,-0.04665681072197635,-0.39927998,0.31319058
3771,170.8664491852319,170.50891,171.2258,-0.04695615634196009,-0.39936522,0.31269345
3772,170.91321225962474,170.55525,171.27194,-0.045510795469417595,-0.39871335,0.31447938
3773,170.95895213114238,170.60005,171.31752,-0.04506653235102381,-0.39677718,0.3148086
3774,171.00462476951387,170.64694,171.36205,-0.044756388690012736,-0.3961482,0.31598836
3775,171.05392229886635,170.69685,171.41182,-0.04077299081678423,-0.3935272,0.31997985
3776,171.10080520946912,170.74367,171.45735,-0.03935625767636296,-0.3918558,0.3191101
3777,171.1442787974191,170.78726,171.50143,-0.04103880256865755,-0.39341757,0.31736383
3778,171.19327198259543,170.83568,171.54874,-0.037286891967682326,-0.3885495,0.3208715
3779,171.2389338243641,170.88126,171.59465,-0.037247372932887185,-0.38915613,0.31942713
3780,171.2802004718972,170.92159,171.63638,-0.04131995409148272,-0.3925286,0.31577078
3781,171.3247202584973,170.96667,171.68112,-0.042062567828419294,-0.39403784,0.31407854
3782,171.36654994039768,171.01001,171.72282,-0.04565903688679343,-0.3965387,0.31106922
3783,171.40995228474412,171.05232,171.76607,-0.04764786802423942,-0.4002292,0.3091394
3784,171.45072316499719,171.0935,171.80708,-0.05204176408080944,-0.40461296,0.30483323
3785,171.49832030302795,171.14075,171.85257,-0.04968329308182955,-0.4016439,0.3051897
3786,171.5390623013731,171.18167,171.89185,-0.05433595464556775,-0.4053687,0.3002292
3787,171.58295543274303,171.22719,171.93605,-0.055565040759454544,-0.40623373,0.298938
3788,171.63250665962858,171.27713,171.98444,-0.05128033704952733,-0.4011144,0.30264413
3789,171.67634269071283,171.32085,172.02637,-0.052509020418592484,-0.40150756,0.30048728
3790,171.71753918940425,171.35986,172.06863,-0.05677893710141889,-0.40742424,0.2962219
3791,171.76052291523948,171.40251,172.11127,-0.05917880453770585,-0.41132265,0.29539853
3792,171.8045040759739,171.44633,172.15613,-0.060529624193353636,-0.41250536,0.29317722
3793,171.84921590730028,171.48961,172.20306,-0.06131167581990717,-0.41474232,0.2923385
3794,171.88932814828948,171.52954,172.24326,-0.06664432394595923,-0.42054537,0.2873874
3795,171.932820867497,171.57278,172.28575,-0.06851604398462656,-0.42240876,0.286806
3796,171.97669429877013,171.61667,172.3279,-0.07003133100331471,-0.42402232,0.28526556
3797,172.02462650059525,171.6656,172.37659,-0.06759355663787367,-0.4221111,0.28572407
3798,172.06924895979452,171.71004,172.4215,-0.06828397795351873,-0.42269674,0.28612065
3799,172.11153234045315,171.7502,172.4642,-0.07142156503359681,-0.42676404,0.28259867
3800,172.1556842755337,171.79468,172.5071,-0.07251205338626643,-0.42856967,0.28367963
3801,172.19814306883023,171.83714,172.54953,-0.07558717820463029,-0.43208426,0.28116184
3802,172.2429308952749,171.88391,172.59647,-0.07589683486280863,-0.43100357,0.27926657
3803,172.29297048033933,171.93375,172.64694,-0.07120309684689656,-0.42661422,0.2849694
3804,172.33642814435487,171.97606,172.691,-0.07305306147163258,-0.42918915,0.28430837
3805,172.3824455974885,172.02425,172.73524,-0.07252516103237854,-0.42653,0.28193933
3806,172.4258056016468,172.06631,172.77957,-0.0745206373759812,-0.43003967,0.280518
3807,172.4751922338143,172.11551,172.83022,-0.07052397150217296,-0.42531732,0.28376952
3808,172.52096139541877,172.16063,172.8753,-0.0701039700550341,-0.42594108,0.28441384
3809,172.57170929859598,172.2127,172.92514,-0.06492751028812573,-0.42243874,0.28841922
3810,172.61387556174535,172.25354,172.96712,-0.06794559046565127,-0.4261336,0.2863509
3811,172.66287953451825,172.30336,173.01695,-0.06441738501252696,-0.42287514,0.28910372
3812,172.70286897132402,172.34277,173.0557,-0.06993704318817488,-0.42958346,0.28504032
3813,172.74880001009288,172.38747,173.10431,-0.06907547079381773,-0.43013695,0.28788638
3814,172.79765379329655,172.43564,173.15244,-0.06554429653065447,-0.426867,0.2920948
3815,172.84779310069777,172.48555,173.20439,-0.060538957644667026,-0.4213442,0.29645
3816,172.89688088626403,172.53432,173.25346,-0.05661205695138977,-0.41705635,0.29884595
3817,172.94319756946373,172.58115,173.29884,-0.055558990652634206,-0.41457683,0.2996292
3818,172.98542693813087,172.62415,173.33989,-0.05869441108693059,-0.41852793,0.29680112
3819,173.03021234683976,172.66779,173.38187,-0.059303969481778976,-0.41875908,0.29668418
3820,173.0746401085938,172.70937,173.42921,-0.06021184289319695,-0.42172378,0.29798624
3821,173.1239999226995,172.76137,173.47874,-0.05622530117647336,-0.41492182,0.30037463
3822,173.16789333794424,172.80493,173.52135,-0.05764587706566348,-0.41598737,0.29752386
3823,173.2133605447805,172.84906,173.56726,-0.05742812625205198,-0.4170174,0.29819292
3824,173.25849122849425,172.89348,173.6108,-0.05775947652691461,-0.41759956,0.29765767
3825,173.3006449217638,172.93622,173.6535,-0.060809733332134026,-0.42105195,0.2946851
3826,173.344728460215,172.98059,173.69875,-0.06213578520611677,-0.42252234,0.2938348
3827,173.3887819833884,173.02292,173.74393,-0.06334388319662795,-0.42377296,0.29594952
3828,173.4285690804992,173.06161,173.78485,-0.06888641210967471,-0.43106994,0.29144445
3829,173.47247929797132,173.1054,173.82983,-0.07033817466504758,-0.4323415,0.2892916
3830,173.51927373018498,173.1521,173.87645,-0.06921687654684065,-0.4321719,0.29045218
3831,173.56202600651767,173.1957,173.91978,-0.07168330914552858,-0.43321675,0.2866953
3832,173.61021982618215,173.24535,173.96504,-0.06896663611326188,-0.429996,0.2877449
3833,173.65820807380098,173.29414,174.01427,-0.06651118236465506,-0.4276458,0.2919295
3834,173.70483608009954,173.34062,174.05902,-0.06520093880200026,-0.4259922,0.292719
3835,173.74624578296095,173.38168,174.10146,-0.06900040327754792,-0.4301352,0.28800434
3836,173.79325137595075,173.42674,174.1505,-0.06748737990235336,-0.43028095,0.29224652
3837,173.83543822394418,173.46875,174.19472,-0.07053058760063081,-0.4332036,0.28946364
3838,173.88600671606648,173.51859,174.24156,-0.06502124999938001,-0.4280551,0.29528105
3839,173.93105929301552,173.5646,174.28683,-0.06542209257779298,-0.42616135,0.2932572
3840,173.9752927575705,173.60979,174.33147,-0.06651869684503821,-0.42595294,0.29094672
3841,174.02022960546486,173.65392,174.37578,-0.06705309271848577,-0.42760125,0.29211494
3842,174.06078885941406,173.69247,174.4167,-0.07171610483724625,-0.43413788,0.2865502
3843,174.1061451221617,173.73682,174.46259,-0.07180243496668429,-0.43275815,0.28599897
3844,174.15268066604236,173.78389,174.50813,-0.07063488855446792,-0.43234748,0.2871267
3845,174.19808637191016,173.83081,174.55328,-0.0704162439145129,-0.43015382,0.28706664
3846,174.23903595817075,173.87175,174.59494,-0.07494211858787107,-0.43448526,0.28232697
3847,174.2818186938494,173.9156,174.6359,-0.07761302471611095,-0.43526492,0.27820492
3848,174.32163066907606,173.95454,174.67592,-0.08311367691559485,-0.44274446,0.27395785
3849,174.3664155815389,174.00168,174.71945,-0.08360209201714366,-0.44099987,0.27160037
3850,174.4164120278939,174.05257,174.76927,-0.07889384216460563,-0.43597108,0.27540392
3851,174.46297509639047,174.09578,174.82042,-0.07769315676746026,-0.43839014,0.2796416
3852,174.51021767678623,174.14262,174.86978,-0.07580725327484795,-0.4378043,0.28244972
3853,174.5539825531815,174.18607,174.91205,-0.07745471541128006,-0.43792605,0.28011432
3854,174.6002900159095,174.2333,174.95876,-0.07634286437870182,-0.4368412,0.2801539
3855,174.6461761136446,174.27863,175.00325,-0.0757976904792823,-0.4349076,0.2791876
3856,174.68918739483732,174.32329,175.04617,-0.07801202511244082,-0.43587878,0.27642137
3857,174.7309717795282,174.36566,175.0885,-0.0815884536933704,-0.4384865,0.27218968
3858,174.775350194306,174.40953,175.1337,-0.08279001256239853,-0.43987176,0.271528
3859,174.8205440106973,174.45201,175.1799,-0.08323665416988528,-0.4430265,0.27213654
3860,174.86844176125157,174.50186,175.22694,-0.08035867095681809,-0.4386046,0.27496088
3861,174.9155577246098,174.55026,175.2737,-0.07853021097960615,-0.43706712,0.27607137
3862,174.95849260298124,174.59471,175.31488,-0.0807363771978624,-0.4367445,0.27178916
3863,175.00521673108057,174.64268,175.36145,-0.07942943127101623,-0.43348333,0.27292508
3864,175.0508414506817,174.68758,175.40593,-0.07913861682418998,-0.43454635,0.27237666
3865,175.0999411137132,174.73784,175.45634,-0.07541877265604625,-0.43045235,0.27782065
3866,175.149155123719,174.78549,175.50604,-0.0715221959447219,-0.42828673,0.2834843
3867,175.19885283735778,174.83554,175.5539,-0.0670568522445361,-0.42396986,0.28645265
3868,175.24268178288432,174.87895,175.59883,-0.06848196740266203,-0.4249042,0.28499606
3869,175.28676863910272,174.92361,175.64218,-0.06998901928152715,-0.42655852,0.2840271
3870,175.33554511025127,174.97188,175.69252,-0.06631227271164665,-0.42363143,0.28831717
3871,175.38155740040077,175.01552,175.73914,-0.06548614505412928,-0.42414644,0.28988433
3872,175.42328722607175,175.05774,175.78174,-0.06906808879689529,-0.42776155,0.28563374
3873,175.47081231916493,175.1029,175.83081,-0.06693270689341885,-0.42526048,0.28840366
3874,175.51705309164942,175.15144,175.87505,-0.06593349860136531,-0.42277786,0.2881309
3875,175.56066881046553,175.19574,175.91742,-0.0677584897868571,-0.42320317,0.28497824
3876,175.60522393627974,175.24063,175.96127,-0.06835179812844293,-0.4224004,0.28288105
3877,175.6493658060355,175.28424,176.00543,-0.06947960143525148,-0.4251482,0.28374615
3878,175.69477829460936,175.32773,176.05144,-0.06925368681640447,-0.42614174,0.2841144
3879,175.7381073914019,175.37119,176.09517,-0.07137510283720296,-0.42940235,0.2818005
3880,175.78453395349166,175.41557,176.14243,-0.07003963318580346,-0.43060517,0.28327346
3881,175.82963779375498,175.46135,176.18929,-0.070063254532012,-0.43137088,0.2835586
3882,175.87975971710654,175.50989,176.23784,-0.0652459077399316,-0.4271962,0.28956318
3883,175.9256292020924,175.55743,176.28336,-0.06494379849164202,-0.42658842,0.28983524
3884,175.97331743012046,175.60466,176.33311,-0.06255052253038416,-0.4247936,0.29490528
3885,176.0129698331599,175.6445,176.37392,-0.06799594239687091,-0.431172,0.29036468
3886,176.05702056590786,175.68999,176.41656,-0.06915723038184217,-0.43076503,0.28756535
3887,176.10213139889763,175.73466,176.46083,-0.06925322894525208,-0.428935,0.28671145
3888,176.14504603895142,175.77698,176.50464,-0.07184121969598505,-0.43341786,0.2846059
3889,176.1913672461618,175.8258,176.55031,-0.07078596735069577,-0.43248263,0.2843661
3890,176.2358644551208,175.86758,176.59634,-0.07150174952376952,-0.43352017,0.2836485
3891,176.28305564807624,175.91605,176.64223,-0.0696164366204253,-0.43107,0.28512248
3892,176.33272633027988,175.96652,176.69133,-0.06519103835306163,-0.42608336,0.2904458
3893,176.37625074969452,176.0103,176.73517,-0.06688873444505154,-0.4279928,0.2895255
3894,176.4194111839252,176.05412,176.77707,-0.06892621960095283,-0.43001574,0.28537354
3895,176.4596823239873,176.09517,176.81631,-0.07390307665647843,-0.43283972,0.27752107
3896,176.50428059180894,176.14072,176.85976,-0.07452488923924495,-0.4321313,0.2771947
3897,176.54728664033016,176.18353,176.90184,-0.07707002007713355,-0.43372434,0.27480835
3898,176.59351441277946,176.23125,176.94821,-0.0761689555583598,-0.43363652,0.27569205
3899,176.64199530129105,176.27852,176.99883,-0.07319692603391295,-0.43124557,0.27994624
3900,176.6897254438498,176.32404,177.04733,-0.07089361453126493,-0.4311146,0.2831967
3901,176.73603330603677,176.37184,177.09196,-0.06982859784913883,-0.42874387,0.28270295
3902,176.7826215563792,176.41797,177.1394,-0.06853509852754698,-0.42835394,0.28333473
3903,176.8242794990969,176.4597,177.1818,-0.07206244462925483,-0.43260384,0.28165466
3904,176.8733133984418,176.50609,177.2302,-0.06849132826191377,-0.43053046,0.2851078
3905,176.91759204481323,176.55093,177.27449,-0.06943598389542174,-0.4303879,0.2846172
3906,176.96738032378892,176.60034,177.32495,-0.06480348436282247,-0.4253946,0.28806585
3907,177.01519031937258,176.64609,177.37607,-0.06231281389056386,-0.42367247,0.29275325
3908,177.06252703821565,176.69493,177.4214,-0.06026329867229025,-0.4218201,0.2927052
3909,177.10509945179822,176.73836,177.46423,-0.06308315151833906,-0.42393127,0.28989345
3910,177.14946782152012,176.7815,177.50972,-0.0641373359801525,-0.4254463,0.2889925
3911,177.1909064721054,176.82224,177.5513,-0.06791369564695068,-0.42938095,0.28584898
3912,177.23374081952656,176.86366,177.59717,-0.07061070980289501,-0.4329716,0.2851228
3913,177.2732344348533,176.90369,177.63712,-0.07630552578987573,-0.43816775,0.2804719
3914,177.320689022527,176.95007,177.6848,-0.07414071141655265,-0.43626884,0.28236583
3915,177.365402631539,176.9948,177.72948,-0.0747357077843082,-0.43899187,0.2837571
3916,177.41046111364867,177.03955,177.77441,-0.07514043565489169,-0.43858033,0.2838621
3917,177.45601924068072,177.08578,177.81764,-0.07500718721218587,-0.43647996,0.2830711
3918,177.50174878065394,177.13095,177.86385,-0.07481015416449327,-0.4355151,0.2830247
3919,177.54505335179553,177.17279,177.91019,-0.07673555960050729,-0.44021568,0.28148425
3920,177.5868754904678,177.21541,177.95131,-0.08027694328135505,-0.44424662,0.2785473
3921,177.62829116518543,177.25732,177.99124,-0.08425491515450319,-0.44752026,0.27374932
3922,177.6784829308305,177.30798,178.04114,-0.07960251326969442,-0.4420364,0.27953482
3923,177.72546116376367,177.35667,178.08707,-0.07825166733838754,-0.44067827,0.28102994
3924,177.769337707289,177.40076,178.13048,-0.07974570535745412,-0.44224715,0.27972257
3925,177.8108117924442,177.44156,178.1714,-0.08350299535174657,-0.44599286,0.27570525
3926,177.85677205907507,177.48729,178.21712,-0.08287341988181446,-0.4456386,0.27623993
3927,177.90348457320445,177.53302,178.2653,-0.08152609666186049,-0.44497323,0.27719152
3928,177.9500459078904,177.5812,178.31119,-0.08025967484200996,-0.4434922,0.2778379
3929,177.99167044675013,177.62206,178.35434,-0.08406653390680639,-0.44637418,0.2744214
3930,178.0416642585901,177.67148,178.4031,-0.07948666455387428,-0.44200182,0.27879116
3931,178.0914611141122,177.72049,178.45352,-0.07493406284966225,-0.43842453,0.2851317
3932,178.13137591889728,177.76195,178.4928,-0.08036844952446726,-0.4450947,0.27872384
3933,178.1802500477114,177.80946,178.54106,-0.07673633528680761,-0.4411706,0.28482845
3934,178.22271786888967,177.85191,178.58386,-0.07968118706720656,-0.44367796,0.28093696
3935,178.27038795658999,177.8991,178.6319,-0.07725060011951296,-0.44291246,0.28319147
3936,178.31408984693988,177.9431,178.67497,-0.0790725088707375,-0.44280457,0.28098944
3937,178.35734276076866,177.98619,178.71684,-0.08103179735380071,-0.4441437,0.2787009
3938,178.40267034846326,178.03152,178.76486,-0.08088130772351111,-0.4457927,0.27975562
3939,178.44585059966388,178.07452,178.8064,-0.08288077829904923,-0.4478239,0.27748305
3940,178.49557576542057,178.1279,178.85338,-0.07842929280927138,-0.4411046,0.2795695
3941,178.53848313364765,178.17203,178.89627,-0.08090315287792729,-0.4418024,0.2764052
3942,178.58522092401256,178.2181,178.9418,-0.07949697695798637,-0.44001678,0.27709943
3943,178.63195215087583,178.26698,178.98749,-0.07820880629647144,-0.4378234,0.27673173
3944,178.6726000177471,178.30641,179.02838,-0.08291545596841514,-0.4421801,0.27325556
3945,178.71822895968702,178.35045,179.07492,-0.08264991417034705,-0.44381133,0.27508128
3946,178.7633222311953,178.39462,179.12013,-0.08298253181758095,-0.44448328,0.2759466
3947,178.812271512213,178.44473,179.16711,-0.07933438890855413,-0.44037446,0.2775362
3948,178.85921725548855,178.49162,179.21439,-0.07777874461259149,-0.43899167,0.2807071
3949,178.90149649433286,178.5342,179.25568,-0.08066460683279413,-0.44221154,0.27821088
3950,178.9475232068119,178.57928,179.3032,-0.07962641878951762,-0.4420238,0.27927428
3951,178.99506252917868,178.6296,179.34998,-0.0773136994673161,-0.43771842,0.2796357
3952,179.03954427454252,178.67311,179.39667,-0.07820118193889994,-0.4413178,0.27974057
3953,179.0841196664489,178.71707,179.44147,-0.07909252185582154,-0.4416476,0.27934092
3954,179.1309780805821,178.763,179.49052,-0.07755777025857453,-0.44009525,0.2813081
3955,179.17887350571772,178.8144,179.53755,-0.075021405917753,-0.43637827,0.28259405
3956,179.22058992480075,178.85803,179.57722,-0.07870769301060804,-0.43829015,0.27812555
3957,179.26395607449675,178.90273,179.61949,-0.08096112641582084,-0.43890578,0.27433985
3958,179.30918011185696,178.94748,179.66472,-0.08112548613885927,-0.43852827,0.27292344
3959,179.35808640029012,178.99622,179.71144,-0.07747379729771688,-0.4355796,0.2763053
3960,179.40500766447803,179.04285,179.75912,-0.07578933123959158,-0.43383387,0.2777882
3961,179.45156967434087,179.09006,179.80466,-0.07449096440549215,-0.4312606,0.27859265
3962,179.50015736422154,179.14012,179.85321,-0.07116907525842354,-0.42533845,0.28117424
3963,179.5440260480944,179.18272,179.89781,-0.07254931020433546,-0.42789432,0.2803221
3964,179.59570310837685,179.23434,179.95088,-0.06619829167586595,-0.4206193,0.28750274
3965,179.64490106116844,179.28302,180.00063,-0.06236811733250441,-0.41704696,0.29025382
3966,179.69204977095004,179.3302,180.04742,-0.06047055935736032,-0.41610312,0.29178867
3967,179.7440499954919,179.38297,180.0988,-0.053852487969889805,-0.4083061,0.29808235
3968,179.78722674085486,179.4256,180.14293,-0.05599450995006226,-0.4117608,0.29711908
3969,179.82918448794186,179.46808,180.1834,-0.05918878921345314,-0.41292113,0.29275382
3970,179.87253593748176,179.51254,180.22563,-0.06109874976666075,-0.41474053,0.28841627
3971,179.91838114877658,179.55789,180.27185,-0.06045451732505637,-0.41394517,0.28924674
3972,179.96732722909445,179.60776,180.31955,-0.056848502532325776,-0.4083676,0.29239652
3973,180.01486816659596,179.65398,180.36917,-0.05461865167265692,-0.40762222,0.2962529
3974,180.0565944154926,179.69757,180.41121,-0.05805047807529416,-0.41046628,0.2919507
3975,180.09965878675646,179.74107,180.45302,-0.06024681196444592,-0.41293478,0.2889558
3976,180.14110857475498,179.78271,180.49489,-0.06421127932452672,-0.41477025,0.28430036
3977,180.18931083569484,179.83199,180.54054,-0.0614221484098094,-0.4100423,0.2853671
3978,180.23685917106394,179.8798,180.58926,-0.05928158764366567,-0.40950558,0.28724718
3979,180.2808456561866,179.92255,180.6332,-0.06085296630070592,-0.41106048,0.28737503
3980,180.3313716683886,179.97359,180.68198,-0.055798421272967774,-0.40463284,0.290504
3981,180.37977170224184,180.02281,180.7292,-0.052900241098961034,-0.39932805,0.2913669
3982,180.42485533459504,180.06714,180.77634,-0.05299276273706622,-0.4028627,0.29254335
3983,180.46818562643057,180.11234,180.81944,-0.05477906662699695,-0.40260482,0.2905715
3984,180.51590984750422,180.15851,180.86574,-0.052415959362825754,-0.40164208,0.292707
3985,180.56182547506003,180.20381,180.91307,-0.05194885448268689,-0.40161014,0.2952522
3986,180.6043051910065,180.24687,180.95523,-0.054474369835103696,-0.40489453,0.29274476
3987,180.65020653600274,180.29253,181.00197,-0.05392376941670737,-0.40350926,0.2912013
3988,180.69553708005654,180.33937,181.04726,-0.05372999997047132,-0.4019282,0.2921971
3989,180.74237237143208,180.38603,181.0957,-0.05211277862805346,-0.40260157,0.2949493
3990,180.78581579714847,180.42854,181.13739,-0.05380536427880291,-0.4022825,0.29225567
3991,180.83809982701226,180.4805,181.19026,-0.046718324796691794,-0.39500433,0.29908141
3992,180.88465426056345,180.52705,181.2366,-0.04544198395287553,-0.3943411,0.30098492
3993,180.93207774232184,180.57646,181.2847,-0.043410203795549746,-0.39280412,0.30211672
3994,180.97194834171498,180.61646,181.3235,-0.04874626728955991,-0.39810565,0.2998464
3995,181.01544754721755,180.65775,181.36818,-0.050697859478151606,-0.40074673,0.29867014
3996,181.0601690753025,180.70396,181.41208,-0.051344861864154205,-0.40099344,0.29620388
3997,181.10539903478855,180.74876,181.45972,-0.051428100140353365,-0.40218163,0.29784277
3998,181.15071690626047,180.79507,181.50432,-0.051411261701015475,-0.40151417,0.29652873
3999,181.19203457207726,180.83607,181.54463,-0.055358605812581035,-0.4049454,0.2926377
4000,181.23909778367766,180.88168,181.59332,-0.0538172997467501,-0.40543705,0.2960504
